run_id,config,incident_id,complexity,latency_s,success,workload,justified,alpha,noise_sigma
0,rules,0,low,56915.6,1,31.96,0,0.00248,0.01
0,rules,1,high,5814.16,1,29.86,0,0.009247,0.03
0,rules,2,low,38187.8,1,35.87,0,0.003788,0.01
0,rules,3,low,47177.12,1,31.62,0,0.004209,0.01
0,rules,4,high,5096.23,0,31.41,0,0.010239,0.03
0,rules,5,high,5094.68,0,28.23,0,0.013227,0.03
0,rules,6,low,79249.82,1,28.05,0,0.001829,0.01
0,rules,7,low,30999.12,1,29.76,0,0.003668,0.01
0,rules,8,high,8694.12,1,38.32,0,0.01301,0.03
0,rules,9,low,47565.64,1,41.11,0,0.003216,0.01
0,rules,10,medium,8304.12,0,35.15,0,0.006188,0.02
0,rules,11,high,4030.28,0,23.71,0,0.010912,0.03
0,rules,12,low,46112.15,1,28.83,0,0.003486,0.01
0,rules,13,high,5095.14,1,31.89,0,0.010013,0.03
0,rules,14,high,4021.43,0,38.4,0,0.01209,0.03
0,rules,15,low,47919.52,1,36.07,0,0.002855,0.01
0,rules,16,high,7244.69,0,31.57,0,0.015561,0.03
0,rules,17,high,6892.15,1,28.45,0,0.011554,0.03
0,rules,18,medium,19126.99,0,26.72,0,0.005447,0.02
0,rules,19,low,33521.37,1,32.75,0,0.004007,0.01
0,rules,20,medium,13368.81,1,30.34,0,0.006346,0.02
0,rules,21,high,5460.51,0,27.75,0,0.013992,0.03
0,rules,22,high,7266.94,0,38.77,0,0.01021,0.03
0,rules,23,medium,14095.5,0,33.21,0,0.005792,0.02
0,rules,24,high,15175.12,0,32.95,0,0.012781,0.03
0,rules,25,low,56934.01,0,28.6,0,0.003441,0.01
0,rules,26,low,64865.23,1,36.39,0,0.002625,0.01
0,rules,27,medium,29223.76,1,33.78,0,0.005195,0.02
0,rules,28,high,5809.19,0,31.58,0,0.012189,0.03
0,rules,29,medium,30999.84,0,42.49,0,0.006125,0.02
0,rules,30,low,57652.61,1,32.02,0,0.002654,0.01
0,rules,31,medium,12648.32,1,35.28,0,0.006046,0.02
0,rules,32,low,55123.49,1,31.7,0,0.002992,0.01
0,rules,33,medium,13383.13,0,31.82,0,0.005113,0.02
0,rules,34,low,70963.47,1,29.8,0,0.002199,0.01
0,rules,35,low,53682.12,1,34.31,0,0.002389,0.01
0,rules,36,high,5453.73,0,30.97,0,0.013415,0.03
0,rules,37,low,55483.79,0,45.69,0,0.002405,0.01
0,rules,38,high,9408.84,0,35.41,0,0.015308,0.03
0,rules,39,medium,22371.69,1,31.2,0,0.005899,0.02
0,rules,40,medium,17324.31,0,35.37,0,0.005721,0.02
0,rules,41,high,11559.46,0,30.88,0,0.011915,0.03
0,rules,42,medium,12284.3,0,30.92,0,0.005016,0.02
0,rules,43,high,8697.8,0,32.48,0,0.012119,0.03
0,rules,44,low,59444.34,1,39.19,0,0.002609,0.01
0,rules,45,low,46843.98,1,31.85,0,0.003228,0.01
0,rules,46,low,60156.69,1,37.66,0,0.002989,0.01
0,rules,47,high,5453.66,1,37.67,0,0.011601,0.03
0,rules,48,high,11937.09,0,31.18,0,0.012319,0.03
0,rules,49,medium,12298.55,0,33.38,0,0.006199,0.02
0,rules,50,low,28484.39,1,40.39,0,0.002495,0.01
0,rules,51,low,62675.29,1,34.65,0,0.003087,0.01
0,rules,52,low,60884.34,0,30.91,0,0.002394,0.01
0,rules,53,high,4010.28,0,29.94,0,0.012279,0.03
0,rules,54,low,40360.94,1,31.36,0,0.003058,0.01
0,rules,55,medium,6894.86,0,36.65,0,0.006334,0.02
0,rules,56,low,38194.0,1,20.97,0,0.003054,0.01
0,rules,57,medium,10484.85,1,32.1,0,0.006008,0.02
0,rules,58,medium,18417.21,0,33.4,0,0.006994,0.02
0,rules,59,medium,15530.33,0,30.66,0,0.006487,0.02
0,rules,60,medium,14811.66,0,29.63,0,0.004962,0.02
0,rules,61,medium,25957.92,0,33.45,0,0.005689,0.02
0,rules,62,low,74574.8,1,32.52,0,0.002449,0.01
0,rules,63,medium,15525.82,0,26.83,0,0.003711,0.02
0,rules,64,high,9398.35,0,28.26,0,0.013948,0.03
0,rules,65,high,10153.06,0,36.2,0,0.013792,0.03
0,rules,66,medium,18763.96,0,32.97,0,0.007239,0.02
0,rules,67,low,67018.0,1,33.96,0,0.002851,0.01
0,rules,68,medium,18060.3,0,35.74,0,0.005988,0.02
0,rules,69,medium,15880.83,1,28.16,0,0.005065,0.02
0,rules,70,high,6170.42,1,31.5,0,0.01394,0.03
0,rules,71,medium,31360.17,1,31.16,0,0.00512,0.02
0,rules,72,low,58716.6,1,32.93,0,0.003386,0.01
0,rules,73,medium,31342.34,1,34.47,0,0.005986,0.02
0,rules,74,medium,18406.9,0,34.83,0,0.006723,0.02
0,rules,75,high,6175.59,0,26.0,0,0.012537,0.03
0,rules,76,low,40001.52,1,31.38,0,0.003665,0.01
0,rules,77,high,10851.18,0,28.23,0,0.0123,0.03
0,rules,78,low,51156.18,1,31.57,0,0.00304,0.01
0,rules,79,low,47201.8,1,29.48,0,0.002905,0.01
0,rules,80,low,49004.31,0,39.42,0,0.00272,0.01
0,rules,81,medium,19844.88,0,33.39,0,0.007464,0.02
0,rules,82,low,36784.18,1,32.51,0,0.003411,0.01
0,rules,83,medium,16226.12,0,21.81,0,0.007942,0.02
0,rules,84,low,40729.03,1,35.57,0,0.003,0.01
0,rules,85,low,41784.27,1,26.11,0,0.002768,0.01
0,rules,86,high,1501.66,0,38.84,0,0.010796,0.03
0,rules,87,high,6903.71,0,29.27,0,0.00717,0.03
0,rules,88,low,44324.62,1,28.44,0,0.003584,0.01
0,rules,89,high,3665.06,0,27.64,0,0.01232,0.03
0,rules,90,low,62680.58,1,33.08,0,0.002531,0.01
0,rules,91,medium,21274.28,0,33.07,0,0.006393,0.02
0,rules,92,low,44321.38,1,33.31,0,0.002897,0.01
0,rules,93,high,8684.94,0,33.4,0,0.013111,0.03
0,rules,94,medium,12292.87,1,33.74,0,0.00639,0.02
0,rules,95,high,5438.6,0,33.59,0,0.009394,0.03
0,rules,96,low,58736.94,1,31.79,0,0.002708,0.01
0,rules,97,high,3296.99,1,34.59,0,0.011695,0.03
0,rules,98,low,52248.6,0,33.88,0,0.002557,0.01
0,rules,99,low,55112.46,1,35.07,0,0.002859,0.01
0,rules,100,low,35326.33,1,39.45,0,0.00273,0.01
0,rules,101,low,48285.33,1,30.59,0,0.003135,0.01
0,rules,102,medium,12989.96,0,29.61,0,0.006027,0.02
0,rules,103,high,7260.84,0,31.25,0,0.012553,0.03
0,rules,104,medium,12279.36,1,29.41,0,0.00592,0.02
0,rules,105,low,53698.25,1,31.87,0,0.002412,0.01
0,rules,106,medium,31374.35,0,29.06,0,0.004191,0.02
0,rules,107,low,68436.1,1,33.2,0,0.002718,0.01
0,rules,108,high,8344.74,1,33.64,0,0.011832,0.03
0,rules,109,low,40376.6,1,32.75,0,0.003082,0.01
0,rules,110,medium,18048.54,1,25.63,0,0.00553,0.02
0,rules,111,low,67356.51,0,31.49,0,0.002911,0.01
0,rules,112,high,9040.9,0,31.89,0,0.014604,0.03
0,rules,113,high,9773.84,1,35.04,0,0.014013,0.03
0,rules,114,low,45050.4,1,33.52,0,0.002596,0.01
0,rules,115,low,43970.05,1,32.0,0,0.003891,0.01
0,rules,116,low,47201.24,1,34.85,0,0.003013,0.01
0,rules,117,high,5812.32,0,37.42,0,0.011832,0.03
0,rules,118,low,62697.7,1,28.55,0,0.002651,0.01
0,rules,119,high,11929.4,0,33.4,0,0.013031,0.03
1,rules,0,medium,16962.52,1,29.76,0,0.006678,0.02
1,rules,1,medium,18415.37,0,33.94,0,0.005907,0.02
1,rules,2,low,49365.91,1,30.66,0,0.003233,0.01
1,rules,3,high,3666.55,0,32.66,0,0.01471,0.03
1,rules,4,high,4379.15,0,30.76,0,0.014232,0.03
1,rules,5,high,4721.22,0,33.13,0,0.010658,0.03
1,rules,6,low,44314.33,1,27.78,0,0.003218,0.01
1,rules,7,low,50085.3,1,37.05,0,0.003298,0.01
1,rules,8,medium,11574.12,0,31.73,0,0.006458,0.02
1,rules,9,low,65915.34,1,36.24,0,0.002604,0.01
1,rules,10,low,54763.08,1,32.7,0,0.003405,0.01
1,rules,11,medium,16970.99,0,27.7,0,0.005281,0.02
1,rules,12,low,52596.78,1,26.67,0,0.002952,0.01
1,rules,13,high,3299.07,0,33.24,0,0.014827,0.03
1,rules,14,high,5468.08,0,34.86,0,0.009226,0.03
1,rules,15,low,40365.4,1,35.76,0,0.003204,0.01
1,rules,16,low,39629.82,1,37.46,0,0.003762,0.01
1,rules,17,high,12301.94,1,21.86,0,0.011638,0.03
1,rules,18,low,45394.32,1,38.19,0,0.00259,0.01
1,rules,19,medium,33529.45,1,27.96,0,0.005773,0.02
1,rules,20,medium,21283.6,1,35.27,0,0.005544,0.02
1,rules,21,low,45393.71,1,37.0,0,0.003638,0.01
1,rules,22,medium,16253.5,0,32.18,0,0.006336,0.02
1,rules,23,medium,22730.53,1,31.26,0,0.005789,0.02
1,rules,24,low,52607.37,1,31.76,0,0.002396,0.01
1,rules,25,medium,2929.62,1,29.91,0,0.00598,0.02
1,rules,26,low,51510.74,1,31.96,0,0.002728,0.01
1,rules,27,medium,11919.93,0,31.38,0,0.007546,0.02
1,rules,28,medium,23800.74,0,34.98,0,0.005635,0.02
1,rules,29,medium,14070.59,1,26.49,0,0.007588,0.02
1,rules,30,medium,16621.87,1,30.58,0,0.006847,0.02
1,rules,31,high,3309.26,0,39.02,0,0.010895,0.03
1,rules,32,low,70249.04,1,35.3,0,0.002023,0.01
1,rules,33,medium,23090.7,0,30.22,0,0.005445,0.02
1,rules,34,low,30292.47,1,38.58,0,0.00344,0.01
1,rules,35,high,4010.68,0,30.95,0,0.012169,0.03
1,rules,36,low,63759.43,1,32.69,0,0.002094,0.01
1,rules,37,medium,15889.04,1,28.13,0,0.003374,0.02
1,rules,38,high,4030.93,0,35.38,0,0.012207,0.03
1,rules,39,high,7618.39,0,33.38,0,0.009989,0.03
1,rules,40,low,47228.05,1,32.56,0,0.002723,0.01
1,rules,41,low,56208.89,1,30.88,0,0.002936,0.01
1,rules,42,high,4363.86,0,30.24,0,0.01179,0.03
1,rules,43,medium,19480.52,0,30.27,0,0.006129,0.02
1,rules,44,medium,15893.09,0,36.54,0,0.006074,0.02
1,rules,45,low,52244.8,0,37.32,0,0.003215,0.01
1,rules,46,high,2219.14,0,29.5,0,0.013868,0.03
1,rules,47,low,50447.85,1,32.06,0,0.002928,0.01
1,rules,48,high,10846.15,0,31.98,0,0.011826,0.03
1,rules,49,low,33885.17,1,26.27,0,0.003155,0.01
1,rules,50,high,7254.68,0,34.44,0,0.012565,0.03
1,rules,51,medium,18053.72,1,28.47,0,0.007076,0.02
1,rules,52,high,7253.97,0,33.68,0,0.013438,0.03
1,rules,53,medium,27772.36,0,25.13,0,0.005759,0.02
1,rules,54,high,12660.14,1,36.2,0,0.009274,0.03
1,rules,55,high,10136.43,0,33.39,0,0.012481,0.03
1,rules,56,medium,22741.07,1,28.2,0,0.006204,0.02
1,rules,57,medium,8666.83,0,35.15,0,0.005826,0.02
1,rules,58,low,66646.98,1,43.19,0,0.002417,0.01
1,rules,59,low,63415.18,1,25.35,0,0.002161,0.01
1,rules,60,low,66641.82,1,31.67,0,0.002123,0.01
1,rules,61,medium,5799.32,0,28.38,0,0.006291,0.02
1,rules,62,medium,10484.66,1,30.91,0,0.006219,0.02
1,rules,63,low,51516.5,1,28.32,0,0.002923,0.01
1,rules,64,low,66289.93,1,30.99,0,0.002918,0.01
1,rules,65,low,57637.32,1,36.55,0,0.002667,0.01
1,rules,66,medium,11566.93,0,31.71,0,0.006667,0.02
1,rules,67,high,5828.09,0,30.09,0,0.015568,0.03
1,rules,68,low,31009.01,1,26.73,0,0.003916,0.01
1,rules,69,low,31380.5,1,41.86,0,0.003332,0.01
1,rules,70,medium,18412.28,1,39.08,0,0.008436,0.02
1,rules,71,low,34236.86,1,29.96,0,0.002683,0.01
1,rules,72,high,7618.28,0,35.29,0,0.011123,0.03
1,rules,73,medium,14444.62,1,25.58,0,0.006432,0.02
1,rules,74,medium,20206.25,1,37.32,0,0.006843,0.02
1,rules,75,low,45391.05,1,29.41,0,0.003496,0.01
1,rules,76,high,4723.14,0,29.03,0,0.012129,0.03
1,rules,77,high,11935.68,0,33.3,0,0.008473,0.03
1,rules,78,medium,15897.53,0,35.51,0,0.007627,0.02
1,rules,79,medium,13372.58,1,31.23,0,0.008502,0.02
1,rules,80,medium,10488.74,1,33.26,0,0.00616,0.02
1,rules,81,high,2576.64,0,33.41,0,0.007427,0.03
1,rules,82,low,37488.19,1,36.25,0,0.002958,0.01
1,rules,83,high,6166.47,0,34.04,0,0.012379,0.03
1,rules,84,high,7970.39,0,22.4,0,0.01229,0.03
1,rules,85,low,51527.93,1,22.18,0,0.003514,0.01
1,rules,86,medium,24169.04,0,37.68,0,0.005392,0.02
1,rules,87,medium,23084.2,0,32.85,0,0.006367,0.02
1,rules,88,medium,19121.58,0,26.7,0,0.006681,0.02
1,rules,89,high,8696.14,0,33.92,0,0.012149,0.03
1,rules,90,medium,13722.17,1,31.84,0,0.006414,0.02
1,rules,91,medium,17345.73,0,32.91,0,0.006428,0.02
1,rules,92,medium,10843.28,1,34.57,0,0.007446,0.02
1,rules,93,high,4377.7,0,35.05,0,0.012341,0.03
1,rules,94,medium,15894.48,1,34.26,0,0.005735,0.02
1,rules,95,medium,8335.04,0,37.93,0,0.006324,0.02
1,rules,96,high,10844.17,1,33.81,0,0.01285,0.03
1,rules,97,low,48641.69,1,29.08,0,0.00343,0.01
1,rules,98,low,52962.86,1,24.42,0,0.002978,0.01
1,rules,99,low,56928.9,1,35.52,0,0.002415,0.01
1,rules,100,low,55489.62,1,33.01,0,0.002749,0.01
1,rules,101,high,11582.43,0,36.45,0,0.013918,0.03
1,rules,102,low,52955.15,1,28.24,0,0.002896,0.01
1,rules,103,medium,11928.94,0,26.5,0,0.004856,0.02
1,rules,104,low,35328.89,1,30.51,0,0.002918,0.01
1,rules,105,medium,26678.04,1,27.24,0,0.005398,0.02
1,rules,106,high,14463.07,0,35.43,0,0.014239,0.03
1,rules,107,low,37141.1,1,33.98,0,0.004389,0.01
1,rules,108,high,16978.89,0,33.49,0,0.008893,0.03
1,rules,109,low,57646.79,1,31.09,0,0.00244,0.01
1,rules,110,medium,11212.04,0,33.2,0,0.005502,0.02
1,rules,111,medium,10124.15,0,34.16,0,0.006018,0.02
1,rules,112,high,6171.0,0,37.21,0,0.010608,0.03
1,rules,113,low,57272.92,1,37.43,0,0.002179,0.01
1,rules,114,medium,16253.61,0,33.02,0,0.00721,0.02
1,rules,115,medium,13732.79,0,30.04,0,0.005724,0.02
1,rules,116,high,7975.81,0,33.44,0,0.010582,0.03
1,rules,117,medium,10846.71,1,33.42,0,0.004933,0.02
1,rules,118,high,15895.97,0,36.63,0,0.011264,0.03
1,rules,119,medium,15874.48,0,28.84,0,0.0054,0.02
2,rules,0,high,4021.01,0,33.82,0,0.012205,0.03
2,rules,1,low,44318.25,1,33.08,0,0.003253,0.01
2,rules,2,medium,34598.18,0,33.44,0,0.005558,0.02
2,rules,3,low,37478.28,1,36.45,0,0.003163,0.01
2,rules,4,low,34962.14,1,32.63,0,0.003746,0.01
2,rules,5,medium,18053.44,1,35.17,0,0.006109,0.02
2,rules,6,high,7621.69,0,27.44,0,0.012926,0.03
2,rules,7,medium,18399.37,1,30.37,0,0.006547,0.02
2,rules,8,medium,16966.07,1,38.37,0,0.007334,0.02
2,rules,9,medium,15535.56,0,29.75,0,0.006858,0.02
2,rules,10,low,72044.59,1,33.04,0,0.002394,0.01
2,rules,11,high,8693.98,0,34.58,0,0.00742,0.03
2,rules,12,high,10128.18,0,35.58,0,0.008255,0.03
2,rules,13,high,16271.34,0,36.85,0,0.012091,0.03
2,rules,14,medium,18401.41,0,39.16,0,0.005925,0.02
2,rules,15,medium,21293.36,0,24.6,0,0.005636,0.02
2,rules,16,medium,11570.76,1,38.16,0,0.007574,0.02
2,rules,17,medium,21282.44,1,29.63,0,0.005835,0.02
2,rules,18,low,49711.44,1,32.79,0,0.002938,0.01
2,rules,19,low,51545.59,1,30.91,0,0.002768,0.01
2,rules,20,high,14824.82,0,28.96,0,0.010414,0.03
2,rules,21,medium,12639.3,1,31.7,0,0.007242,0.02
2,rules,22,medium,23814.84,0,33.33,0,0.006816,0.02
2,rules,23,high,14805.2,1,28.64,0,0.013566,0.03
2,rules,24,medium,19127.05,1,37.09,0,0.005995,0.02
2,rules,25,medium,20561.02,0,29.61,0,0.006923,0.02
2,rules,26,low,36755.9,1,28.51,0,0.003445,0.01
2,rules,27,medium,17685.65,1,28.05,0,0.005207,0.02
2,rules,28,low,48996.45,1,25.35,0,0.00282,0.01
2,rules,29,high,6546.15,0,28.72,0,0.012599,0.03
2,rules,30,low,42523.58,1,33.91,0,0.002707,0.01
2,rules,31,medium,22729.07,1,31.44,0,0.007152,0.02
2,rules,32,high,9408.02,0,33.89,0,0.012895,0.03
2,rules,33,low,64834.15,1,31.23,0,0.002445,0.01
2,rules,34,low,38573.03,1,36.2,0,0.003694,0.01
2,rules,35,low,55129.49,1,36.42,0,0.002688,0.01
2,rules,36,medium,16618.25,0,39.41,0,0.006212,0.02
2,rules,37,medium,17682.84,0,33.59,0,0.005118,0.02
2,rules,38,medium,13366.03,0,34.65,0,0.005493,0.02
2,rules,39,low,51883.78,1,36.46,0,0.002989,0.01
2,rules,40,low,35683.92,1,29.33,0,0.003811,0.01
2,rules,41,high,10142.79,0,31.51,0,0.010402,0.03
2,rules,42,medium,21285.55,0,32.41,0,0.00552,0.02
2,rules,43,medium,17688.31,0,32.3,0,0.006023,0.02
2,rules,44,low,38557.8,1,32.83,0,0.00381,0.01
2,rules,45,medium,12643.96,1,35.65,0,0.005802,0.02
2,rules,46,low,53311.65,1,30.91,0,0.003181,0.01
2,rules,47,medium,17320.49,1,30.4,0,0.004368,0.02
2,rules,48,low,54401.15,1,23.78,0,0.003543,0.01
2,rules,49,high,2216.45,1,27.93,0,0.013517,0.03
2,rules,50,medium,15886.39,1,30.62,0,0.00664,0.02
2,rules,51,medium,14816.12,1,31.41,0,0.004925,0.02
2,rules,52,medium,16235.41,0,28.69,0,0.006231,0.02
2,rules,53,low,54774.12,1,29.61,0,0.002772,0.01
2,rules,54,medium,20917.66,1,30.65,0,0.006487,0.02
2,rules,55,low,35677.46,1,35.04,0,0.003166,0.01
2,rules,56,low,49360.59,1,31.36,0,0.00301,0.01
2,rules,57,low,47920.79,1,33.77,0,0.002985,0.01
2,rules,58,low,61251.45,1,34.64,0,0.003116,0.01
2,rules,59,medium,7606.56,0,28.13,0,0.005577,0.02
2,rules,60,low,45770.88,1,31.06,0,0.003532,0.01
2,rules,61,high,2233.0,0,27.43,0,0.01091,0.03
2,rules,62,medium,15159.0,1,32.18,0,0.007562,0.02
2,rules,63,high,5456.21,0,33.72,0,0.014155,0.03
2,rules,64,high,10849.81,0,30.66,0,0.011621,0.03
2,rules,65,high,7983.78,0,30.67,0,0.013642,0.03
2,rules,66,low,72397.82,0,36.5,0,0.002224,0.01
2,rules,67,medium,9034.28,1,28.18,0,0.006824,0.02
2,rules,68,high,5825.46,0,31.25,0,0.011264,0.03
2,rules,69,medium,8698.21,0,23.17,0,0.004289,0.02
2,rules,70,low,42514.71,1,34.81,0,0.003267,0.01
2,rules,71,high,13362.36,0,31.09,0,0.010358,0.03
2,rules,72,low,61601.22,1,27.7,0,0.002994,0.01
2,rules,73,high,8687.26,0,21.92,0,0.0133,0.03
2,rules,74,medium,27770.37,1,29.94,0,0.004446,0.02
2,rules,75,medium,19486.27,0,29.06,0,0.00458,0.02
2,rules,76,high,12311.46,1,41.52,0,0.012224,0.03
2,rules,77,low,39993.83,1,36.72,0,0.002495,0.01
2,rules,78,low,67001.0,1,35.25,0,0.002669,0.01
2,rules,79,low,56926.61,1,36.04,0,0.002772,0.01
2,rules,80,high,6883.19,0,30.39,0,0.011005,0.03
2,rules,81,medium,11907.93,1,38.0,0,0.006201,0.02
2,rules,82,medium,20575.52,0,29.65,0,0.005866,0.02
2,rules,83,medium,9055.91,0,27.12,0,0.006786,0.02
2,rules,84,high,9761.95,0,30.48,0,0.006339,0.03
2,rules,85,medium,4020.72,1,38.92,0,0.005272,0.02
2,rules,86,low,56557.16,1,36.43,0,0.002892,0.01
2,rules,87,high,15541.65,0,33.35,0,0.011893,0.03
2,rules,88,medium,16253.96,0,49.1,0,0.007542,0.02
2,rules,89,low,48269.56,1,35.32,0,0.002869,0.01
2,rules,90,medium,11213.13,0,30.26,0,0.005479,0.02
2,rules,91,high,3648.54,0,42.82,0,0.008907,0.03
2,rules,92,medium,11208.49,1,32.76,0,0.005383,0.02
2,rules,93,medium,38905.6,1,32.71,0,0.00371,0.02
2,rules,94,low,33876.19,1,40.06,0,0.002706,0.01
2,rules,95,low,59079.86,1,31.28,0,0.00269,0.01
2,rules,96,medium,15887.86,1,29.63,0,0.006524,0.02
2,rules,97,high,11928.92,1,31.11,0,0.013256,0.03
2,rules,98,medium,21642.28,0,23.94,0,0.003954,0.02
2,rules,99,medium,15173.27,0,24.83,0,0.007099,0.02
2,rules,100,medium,13013.67,0,32.04,0,0.005331,0.02
2,rules,101,medium,13716.27,1,27.4,0,0.006302,0.02
2,rules,102,medium,5808.22,0,28.25,0,0.005978,0.02
2,rules,103,high,6548.75,0,29.34,0,0.013989,0.03
2,rules,104,low,39637.82,0,40.09,0,0.003403,0.01
2,rules,105,low,66994.91,1,30.99,0,0.002627,0.01
2,rules,106,high,6531.94,0,39.42,0,0.012647,0.03
2,rules,107,low,50097.47,0,29.26,0,0.002914,0.01
2,rules,108,medium,10139.68,1,35.32,0,0.005443,0.02
2,rules,109,medium,13361.85,0,26.67,0,0.005911,0.02
2,rules,110,low,44329.93,1,28.39,0,0.002693,0.01
2,rules,111,high,4371.77,0,30.52,0,0.009574,0.03
2,rules,112,low,36418.36,0,29.52,0,0.00286,0.01
2,rules,113,low,30649.63,1,32.04,0,0.003887,0.01
2,rules,114,low,61959.97,0,29.01,0,0.001852,0.01
2,rules,115,high,5096.67,0,29.04,0,0.013689,0.03
2,rules,116,medium,15518.59,0,29.41,0,0.008111,0.02
2,rules,117,low,44680.78,1,28.48,0,0.002672,0.01
2,rules,118,high,10500.49,0,34.55,0,0.012615,0.03
2,rules,119,medium,22736.98,0,28.83,0,0.005823,0.02
3,rules,0,high,4730.24,0,34.53,0,0.010754,0.03
3,rules,1,medium,11935.32,0,35.9,0,0.00613,0.02
3,rules,2,medium,37834.17,1,30.85,0,0.004963,0.02
3,rules,3,high,8353.97,0,28.02,0,0.011155,0.03
3,rules,4,high,2587.73,0,33.25,0,0.012691,0.03
3,rules,5,low,58343.31,0,31.68,0,0.002643,0.01
3,rules,6,medium,23092.52,0,23.08,0,0.004516,0.02
3,rules,7,medium,17708.26,1,34.14,0,0.007262,0.02
3,rules,8,medium,20567.37,1,34.48,0,0.006476,0.02
3,rules,9,medium,8690.12,0,30.02,0,0.005259,0.02
3,rules,10,high,8691.5,0,40.49,0,0.014456,0.03
3,rules,11,medium,15149.33,0,33.39,0,0.005566,0.02
3,rules,12,medium,20569.18,0,30.38,0,0.004355,0.02
3,rules,13,low,31000.52,1,23.32,0,0.002335,0.01
3,rules,14,low,69886.04,1,35.93,0,0.002465,0.01
3,rules,15,high,7623.09,0,31.95,0,0.012588,0.03
3,rules,16,medium,7973.5,0,34.55,0,0.006195,0.02
3,rules,17,low,51515.68,1,33.11,0,0.00241,0.01
3,rules,18,medium,17326.07,0,37.06,0,0.007523,0.02
3,rules,19,low,58379.96,1,35.14,0,0.002605,0.01
3,rules,20,medium,33165.88,1,34.8,0,0.006206,0.02
3,rules,21,high,9781.52,0,29.41,0,0.01328,0.03
3,rules,22,low,36396.92,1,36.61,0,0.004228,0.01
3,rules,23,medium,22365.84,0,36.92,0,0.005281,0.02
3,rules,24,medium,29911.66,1,30.66,0,0.003732,0.02
3,rules,25,high,6887.08,1,29.52,0,0.014541,0.03
3,rules,26,medium,22370.24,0,30.37,0,0.004901,0.02
3,rules,27,low,47196.18,1,37.24,0,0.002877,0.01
3,rules,28,medium,22732.54,1,35.41,0,0.008195,0.02
3,rules,29,low,47227.74,1,30.96,0,0.003251,0.01
3,rules,30,low,43973.31,1,36.18,0,0.00306,0.01
3,rules,31,low,46840.88,1,30.87,0,0.002868,0.01
3,rules,32,low,44697.17,0,34.87,0,0.002856,0.01
3,rules,33,medium,12293.66,0,32.08,0,0.007806,0.02
3,rules,34,high,11933.17,0,32.61,0,0.010857,0.03
3,rules,35,low,49003.09,1,33.98,0,0.00353,0.01
3,rules,36,low,45047.5,1,35.07,0,0.003267,0.01
3,rules,37,medium,29553.77,0,33.52,0,0.004965,0.02
3,rules,38,low,37854.94,1,29.85,0,0.002594,0.01
3,rules,39,high,1152.64,1,28.5,0,0.012817,0.03
3,rules,40,high,8345.38,1,37.28,0,0.010225,0.03
3,rules,41,high,15538.29,0,27.34,0,0.009582,0.03
3,rules,42,low,42155.78,1,33.76,0,0.002827,0.01
3,rules,43,medium,19484.83,0,30.94,0,0.004778,0.02
3,rules,44,medium,16590.3,1,31.31,0,0.005621,0.02
3,rules,45,low,40717.15,1,32.13,0,0.003878,0.01
3,rules,46,low,7609.71,0,29.21,0,0.002572,0.01
3,rules,47,low,65921.64,0,34.53,0,0.002079,0.01
3,rules,48,high,8332.23,0,32.54,0,0.011171,0.03
3,rules,49,low,54757.51,1,33.44,0,0.002948,0.01
3,rules,50,low,46481.99,1,33.06,0,0.003576,0.01
3,rules,51,high,15888.22,0,34.69,0,0.012706,0.03
3,rules,52,medium,18768.13,0,28.7,0,0.004951,0.02
3,rules,53,medium,11200.21,1,36.34,0,0.006222,0.02
3,rules,54,low,45409.31,0,24.28,0,0.002534,0.01
3,rules,55,medium,13012.84,1,34.62,0,0.006403,0.02
3,rules,56,low,40706.45,1,33.1,0,0.003695,0.01
3,rules,57,medium,3658.03,1,24.3,0,0.006099,0.02
3,rules,58,medium,11206.27,0,36.94,0,0.006764,0.02
3,rules,59,low,48286.69,1,32.86,0,0.004022,0.01
3,rules,60,medium,15894.72,0,32.54,0,0.006218,0.02
3,rules,61,high,9760.79,0,30.83,0,0.01035,0.03
3,rules,62,low,4721.23,0,22.44,0,0.002861,0.01
3,rules,63,medium,34616.95,1,36.71,0,0.005677,0.02
3,rules,64,high,2211.42,0,33.59,0,0.014049,0.03
3,rules,65,high,1485.74,1,23.16,0,0.011963,0.03
3,rules,66,high,15907.31,0,33.62,0,0.013209,0.03
3,rules,67,low,47193.49,1,32.64,0,0.003149,0.01
3,rules,68,low,50072.16,1,31.04,0,0.00303,0.01
3,rules,69,high,13385.78,0,35.01,0,0.014725,0.03
3,rules,70,medium,15171.18,1,29.63,0,0.005479,0.02
3,rules,71,medium,15522.71,0,29.56,0,0.005137,0.02
3,rules,72,high,9768.68,0,30.24,0,0.012013,0.03
3,rules,73,high,3302.4,1,30.35,0,0.01059,0.03
3,rules,74,low,46495.55,1,23.38,0,0.00351,0.01
3,rules,75,medium,15172.22,1,35.76,0,0.006635,0.02
3,rules,76,medium,15886.61,1,25.37,0,0.007033,0.02
3,rules,77,low,56915.69,1,34.67,0,0.002951,0.01
3,rules,78,medium,10132.64,1,36.46,0,0.006782,0.02
3,rules,79,low,54050.64,1,32.05,0,0.003617,0.01
3,rules,80,low,58353.65,1,32.94,0,0.00311,0.01
3,rules,81,low,76355.61,1,32.03,0,0.002321,0.01
3,rules,82,medium,8681.14,0,21.08,0,0.005988,0.02
3,rules,83,high,5458.02,1,31.32,0,0.011764,0.03
3,rules,84,medium,23441.9,0,27.65,0,0.005924,0.02
3,rules,85,low,49352.75,1,33.82,0,0.003235,0.01
3,rules,86,low,36395.34,1,28.66,0,0.004368,0.01
3,rules,87,medium,18048.34,1,34.17,0,0.006677,0.02
3,rules,88,high,2937.48,1,33.02,0,0.010859,0.03
3,rules,89,medium,21285.31,0,36.63,0,0.007064,0.02
3,rules,90,low,36392.66,1,24.54,0,0.003167,0.01
3,rules,91,low,69887.23,0,31.46,0,0.002465,0.01
3,rules,92,low,45766.18,1,22.55,0,0.003343,0.01
3,rules,93,high,7973.45,0,28.05,0,0.012704,0.03
3,rules,94,low,40730.45,0,29.88,0,0.003419,0.01
3,rules,95,medium,14809.65,0,21.96,0,0.005362,0.02
3,rules,96,high,6897.75,0,35.84,0,0.01087,0.03
3,rules,97,high,2564.5,1,34.75,0,0.012998,0.03
3,rules,98,medium,25245.36,0,36.61,0,0.007576,0.02
3,rules,99,medium,30997.12,1,33.57,0,0.004608,0.02
3,rules,100,medium,12293.22,1,27.22,0,0.005188,0.02
3,rules,101,high,7254.06,0,31.85,0,0.014887,0.03
3,rules,102,low,52957.93,1,33.34,0,0.002326,0.01
3,rules,103,high,6541.69,1,24.3,0,0.009089,0.03
3,rules,104,low,56544.9,1,35.91,0,0.002832,0.01
3,rules,105,high,2948.61,0,28.78,0,0.014283,0.03
3,rules,106,low,55491.21,1,34.23,0,0.002838,0.01
3,rules,107,high,2928.29,0,30.23,0,0.010624,0.03
3,rules,108,high,3650.63,1,27.96,0,0.012031,0.03
3,rules,109,low,88597.67,0,36.8,0,0.001656,0.01
3,rules,110,low,55852.87,1,30.63,0,0.001891,0.01
3,rules,111,high,9781.91,0,26.64,0,0.009845,0.03
3,rules,112,low,45402.65,1,30.61,0,0.003445,0.01
3,rules,113,high,11945.22,0,33.5,0,0.013906,0.03
3,rules,114,high,4739.16,1,34.46,0,0.01462,0.03
3,rules,115,high,6896.87,0,32.94,0,0.012448,0.03
3,rules,116,low,54403.49,1,39.81,0,0.00352,0.01
3,rules,117,high,6889.33,0,29.87,0,0.015594,0.03
3,rules,118,medium,16613.44,1,34.28,0,0.006376,0.02
3,rules,119,low,51510.01,1,34.73,0,0.003123,0.01
4,rules,0,medium,11212.99,0,30.39,0,0.007218,0.02
4,rules,1,high,8330.79,0,34.13,0,0.010424,0.03
4,rules,2,medium,19494.4,1,30.67,0,0.006521,0.02
4,rules,3,medium,19480.45,0,31.45,0,0.00677,0.02
4,rules,4,high,3316.01,0,26.75,0,0.012467,0.03
4,rules,5,high,9775.67,0,30.3,0,0.013716,0.03
4,rules,6,medium,28479.19,0,28.82,0,0.004953,0.02
4,rules,7,low,43963.04,1,21.23,0,0.003471,0.01
4,rules,8,medium,16977.39,0,25.6,0,0.004779,0.02
4,rules,9,high,2210.06,1,29.17,0,0.011144,0.03
4,rules,10,low,36405.52,0,30.88,0,0.003164,0.01
4,rules,11,medium,5811.38,0,32.41,0,0.007652,0.02
4,rules,12,medium,6517.42,0,35.37,0,0.004983,0.02
4,rules,13,low,40019.98,0,36.44,0,0.003208,0.01
4,rules,14,low,39296.8,1,35.08,0,0.003068,0.01
4,rules,15,low,27748.93,1,29.73,0,0.00335,0.01
4,rules,16,low,32426.44,1,35.35,0,0.003203,0.01
4,rules,17,high,7617.62,0,34.84,0,0.014228,0.03
4,rules,18,low,37844.81,0,23.31,0,0.002712,0.01
4,rules,19,medium,9772.15,0,35.04,0,0.00656,0.02
4,rules,20,medium,28843.83,0,34.83,0,0.005189,0.02
4,rules,21,high,7974.62,0,28.66,0,0.011003,0.03
4,rules,22,medium,13730.58,0,32.76,0,0.006242,0.02
4,rules,23,medium,39278.28,0,38.93,0,0.004213,0.02
4,rules,24,high,14458.26,0,32.35,0,0.014474,0.03
4,rules,25,medium,16591.96,1,32.24,0,0.00662,0.02
4,rules,26,medium,39999.81,1,32.48,0,0.00462,0.02
4,rules,27,medium,20570.37,0,27.21,0,0.004265,0.02
4,rules,28,low,92188.67,1,34.28,0,0.001767,0.01
4,rules,29,medium,21641.17,1,32.76,0,0.006654,0.02
4,rules,30,low,74578.6,1,35.17,0,0.001622,0.01
4,rules,31,low,44311.43,1,29.49,0,0.003278,0.01
4,rules,32,low,42873.59,1,27.56,0,0.003603,0.01
4,rules,33,medium,22349.07,1,35.17,0,0.004735,0.02
4,rules,34,low,68083.68,1,37.08,0,0.002814,0.01
4,rules,35,medium,14807.41,1,29.27,0,0.005804,0.02
4,rules,36,low,46841.49,1,37.16,0,0.003403,0.01
4,rules,37,medium,18420.45,0,27.25,0,0.005726,0.02
4,rules,38,high,7253.77,0,28.7,0,0.009935,0.03
4,rules,39,medium,20556.57,0,25.6,0,0.006347,0.02
4,rules,40,low,42886.13,1,27.57,0,0.003248,0.01
4,rules,41,low,28463.57,0,32.06,0,0.002477,0.01
4,rules,42,low,70241.87,0,26.09,0,0.00189,0.01
4,rules,43,medium,14083.94,0,35.38,0,0.00576,0.02
4,rules,44,high,9419.54,0,32.95,0,0.010821,0.03
4,rules,45,low,44689.58,1,27.58,0,0.00382,0.01
4,rules,46,high,7983.05,0,28.38,0,0.010852,0.03
4,rules,47,medium,25612.67,0,33.27,0,0.007984,0.02
4,rules,48,low,42882.63,1,28.3,0,0.003871,0.01
4,rules,49,medium,10854.55,1,41.57,0,0.007826,0.02
4,rules,50,low,67361.45,1,33.22,0,0.00266,0.01
4,rules,51,medium,23470.9,0,28.65,0,0.004512,0.02
4,rules,52,high,6554.09,1,30.6,0,0.007284,0.03
4,rules,53,medium,27765.79,1,32.7,0,0.006686,0.02
4,rules,54,medium,13720.87,1,35.6,0,0.006783,0.02
4,rules,55,low,43958.34,1,31.21,0,0.002394,0.01
4,rules,56,medium,23076.42,1,30.6,0,0.007941,0.02
4,rules,57,low,89321.68,1,32.6,0,0.001856,0.01
4,rules,58,high,4381.49,1,34.16,0,0.012426,0.03
4,rules,59,medium,11203.33,0,26.48,0,0.007317,0.02
4,rules,60,high,5809.08,0,30.71,0,0.010555,0.03
4,rules,61,low,48992.76,1,33.6,0,0.003145,0.01
4,rules,62,low,37831.91,1,33.52,0,0.002345,0.01
4,rules,63,high,10860.72,0,32.66,0,0.013784,0.03
4,rules,64,high,9422.98,0,31.53,0,0.012815,0.03
4,rules,65,low,60881.72,1,22.94,0,0.002443,0.01
4,rules,66,low,47196.79,1,30.42,0,0.003576,0.01
4,rules,67,low,46486.48,1,38.13,0,0.00289,0.01
4,rules,68,high,7609.97,0,26.74,0,0.012133,0.03
4,rules,69,high,9047.86,1,30.9,0,0.01755,0.03
4,rules,70,high,9413.74,0,31.2,0,0.01054,0.03
4,rules,71,high,5812.45,1,31.71,0,0.012348,0.03
4,rules,72,medium,6523.15,1,29.78,0,0.005662,0.02
4,rules,73,low,62335.61,1,37.87,0,0.002463,0.01
4,rules,74,high,6542.93,0,27.26,0,0.013662,0.03
4,rules,75,high,9420.75,0,32.8,0,0.0114,0.03
4,rules,76,medium,19503.82,0,27.13,0,0.005434,0.02
4,rules,77,medium,7961.28,0,28.07,0,0.00645,0.02
4,rules,78,medium,19128.81,1,26.76,0,0.006911,0.02
4,rules,79,low,53679.22,0,26.8,0,0.003439,0.01
4,rules,80,medium,14085.98,1,24.41,0,0.00477,0.02
4,rules,81,high,14465.09,0,28.6,0,0.009735,0.03
4,rules,82,high,3296.42,0,29.05,0,0.01171,0.03
4,rules,83,low,51516.1,1,26.17,0,0.002549,0.01
4,rules,84,medium,15187.54,0,27.08,0,0.00723,0.02
4,rules,85,high,7978.63,0,36.73,0,0.0149,0.03
4,rules,86,medium,17676.28,1,27.75,0,0.00619,0.02
4,rules,87,medium,28122.46,0,33.5,0,0.006362,0.02
4,rules,88,medium,29925.76,0,32.03,0,0.006074,0.02
4,rules,89,medium,17336.44,1,29.31,0,0.004828,0.02
4,rules,90,medium,16251.45,0,28.08,0,0.005991,0.02
4,rules,91,low,33149.2,0,27.74,0,0.003091,0.01
4,rules,92,medium,28126.36,0,35.33,0,0.006806,0.02
4,rules,93,low,53331.33,0,25.27,0,0.003058,0.01
4,rules,94,low,51170.22,1,32.44,0,0.002246,0.01
4,rules,95,medium,10856.6,1,34.06,0,0.005909,0.02
4,rules,96,medium,16610.91,0,33.26,0,0.005593,0.02
4,rules,97,medium,14434.84,0,31.37,0,0.006299,0.02
4,rules,98,low,51515.13,1,27.95,0,0.003115,0.01
4,rules,99,low,21285.45,1,30.51,0,0.003245,0.01
4,rules,100,medium,7958.91,0,28.84,0,0.005949,0.02
4,rules,101,high,2585.23,1,30.31,0,0.018671,0.03
4,rules,102,high,8708.68,1,33.65,0,0.012048,0.03
4,rules,103,high,4021.83,0,29.91,0,0.011675,0.03
4,rules,104,medium,14800.62,0,34.84,0,0.00668,0.02
4,rules,105,low,11564.89,0,29.62,0,0.001978,0.01
4,rules,106,low,29571.45,1,32.57,0,0.002898,0.01
4,rules,107,high,1488.66,0,28.72,0,0.013031,0.03
4,rules,108,medium,27760.71,0,31.78,0,0.005753,0.02
4,rules,109,high,2931.64,1,29.26,0,0.013728,0.03
4,rules,110,high,14456.07,0,28.92,0,0.013297,0.03
4,rules,111,high,10495.78,0,31.97,0,0.010722,0.03
4,rules,112,medium,12634.46,0,33.91,0,0.007708,0.02
4,rules,113,medium,22734.33,0,35.77,0,0.006377,0.02
4,rules,114,medium,22737.03,0,29.74,0,0.007789,0.02
4,rules,115,low,72034.44,1,32.95,0,0.002565,0.01
4,rules,116,medium,25242.62,0,28.17,0,0.005557,0.02
4,rules,117,medium,18047.53,0,31.3,0,0.005431,0.02
4,rules,118,low,46850.33,1,33.8,0,0.003822,0.01
4,rules,119,high,6166.02,0,30.83,0,0.01478,0.03
5,rules,0,low,55842.98,1,31.73,0,0.003049,0.01
5,rules,1,high,4381.71,0,34.66,0,0.011691,0.03
5,rules,2,high,11581.8,0,31.69,0,0.013241,0.03
5,rules,3,low,52239.83,1,33.71,0,0.00358,0.01
5,rules,4,medium,29197.99,1,40.48,0,0.005018,0.02
5,rules,5,medium,15159.08,0,31.58,0,0.006906,0.02
5,rules,6,low,68799.86,1,36.28,0,0.002128,0.01
5,rules,7,low,51161.99,1,30.92,0,0.003406,0.01
5,rules,8,medium,16968.3,0,35.1,0,0.005768,0.02
5,rules,9,low,62322.64,0,33.36,0,0.002623,0.01
5,rules,10,low,45046.38,1,31.45,0,0.002912,0.01
5,rules,11,high,10857.84,0,26.56,0,0.008528,0.03
5,rules,12,medium,21651.04,0,33.73,0,0.004919,0.02
5,rules,13,low,42888.28,1,35.3,0,0.003136,0.01
5,rules,14,medium,7244.95,1,33.65,0,0.005971,0.02
5,rules,15,medium,5446.48,1,33.02,0,0.005469,0.02
5,rules,16,medium,9042.27,1,32.31,0,0.005673,0.02
5,rules,17,medium,5798.66,0,22.68,0,0.00576,0.02
5,rules,18,low,48634.01,1,28.88,0,0.003538,0.01
5,rules,19,low,33514.45,1,32.82,0,0.003892,0.01
5,rules,20,low,55834.57,1,30.63,0,0.002924,0.01
5,rules,21,high,4021.73,0,35.41,0,0.01038,0.03
5,rules,22,medium,2563.8,1,25.16,0,0.00544,0.02
5,rules,23,high,14441.36,1,32.99,0,0.011,0.03
5,rules,24,high,10133.12,0,30.49,0,0.01086,0.03
5,rules,25,low,48273.97,1,34.45,0,0.003149,0.01
5,rules,26,high,4012.18,0,34.19,0,0.016983,0.03
5,rules,27,high,7250.71,0,30.01,0,0.011914,0.03
5,rules,28,medium,9770.02,1,30.66,0,0.005569,0.02
5,rules,29,low,54039.48,1,38.79,0,0.002869,0.01
5,rules,30,high,14450.17,1,30.32,0,0.008737,0.03
5,rules,31,low,42170.59,1,35.4,0,0.003536,0.01
5,rules,32,high,2940.81,1,34.55,0,0.015339,0.03
5,rules,33,high,1151.12,0,28.34,0,0.013833,0.03
5,rules,34,high,2573.37,0,25.0,0,0.00941,0.03
5,rules,35,medium,13002.91,0,29.78,0,0.007402,0.02
5,rules,36,high,9432.75,0,33.13,0,0.012399,0.03
5,rules,37,low,64126.06,1,23.28,0,0.002376,0.01
5,rules,38,low,31731.61,1,41.09,0,0.0031,0.01
5,rules,39,medium,6157.04,0,26.15,0,0.005985,0.02
5,rules,40,high,14091.46,1,27.65,0,0.011481,0.03
5,rules,41,low,68447.64,1,35.1,0,0.002364,0.01
5,rules,42,low,44676.06,1,35.37,0,0.002943,0.01
5,rules,43,high,4009.73,1,35.49,0,0.009656,0.03
5,rules,44,medium,24885.47,0,30.42,0,0.007528,0.02
5,rules,45,medium,23440.44,0,32.78,0,0.005903,0.02
5,rules,46,medium,26337.33,1,34.93,0,0.005844,0.02
5,rules,47,medium,19122.91,0,27.05,0,0.008282,0.02
5,rules,48,low,44336.32,1,32.5,0,0.003075,0.01
5,rules,49,medium,9744.01,1,33.61,0,0.006638,0.02
5,rules,50,low,48279.44,1,39.23,0,0.003078,0.01
5,rules,51,high,4385.27,1,30.11,0,0.013234,0.03
5,rules,52,low,45764.46,1,28.32,0,0.002935,0.01
5,rules,53,low,52245.73,1,27.75,0,0.003278,0.01
5,rules,54,medium,8685.3,1,35.1,0,0.005591,0.02
5,rules,55,medium,12288.21,1,28.7,0,0.006001,0.02
5,rules,56,high,13027.89,0,30.89,0,0.006692,0.03
5,rules,57,high,5088.4,0,28.58,0,0.015213,0.03
5,rules,58,low,43255.07,1,27.95,0,0.003059,0.01
5,rules,59,high,12654.77,0,35.18,0,0.008579,0.03
5,rules,60,medium,23804.32,1,34.7,0,0.005383,0.02
5,rules,61,medium,21287.24,0,33.97,0,0.005744,0.02
5,rules,62,medium,15884.76,1,34.77,0,0.006472,0.02
5,rules,63,medium,15165.38,0,28.12,0,0.005329,0.02
5,rules,64,high,15900.76,0,29.82,0,0.009397,0.03
5,rules,65,high,9771.88,0,35.81,0,0.013096,0.03
5,rules,66,high,5107.98,0,33.09,0,0.015602,0.03
5,rules,67,low,50069.72,1,34.74,0,0.002633,0.01
5,rules,68,high,11569.76,0,37.13,0,0.011224,0.03
5,rules,69,high,9057.54,0,27.45,0,0.00956,0.03
5,rules,70,medium,15889.43,0,31.14,0,0.006599,0.02
5,rules,71,high,3659.64,0,27.52,0,0.010817,0.03
5,rules,72,low,39998.72,0,35.15,0,0.003329,0.01
5,rules,73,medium,21651.31,1,26.51,0,0.005826,0.02
5,rules,74,low,46826.01,1,34.19,0,0.003858,0.01
5,rules,75,high,4016.56,0,39.93,0,0.012482,0.03
5,rules,76,high,4386.21,0,27.75,0,0.006696,0.03
5,rules,77,low,50433.19,1,32.3,0,0.003559,0.01
5,rules,78,high,6175.33,0,29.58,0,0.014593,0.03
5,rules,79,low,61232.14,0,32.54,0,0.002179,0.01
5,rules,80,medium,22010.23,1,37.46,0,0.00707,0.02
5,rules,81,medium,28484.92,1,27.97,0,0.005029,0.02
5,rules,82,high,2196.47,1,37.93,0,0.011565,0.03
5,rules,83,medium,27770.88,1,36.35,0,0.005682,0.02
5,rules,84,low,57641.62,0,34.8,0,0.002794,0.01
5,rules,85,high,9054.8,0,33.37,0,0.011854,0.03
5,rules,86,high,7253.29,1,32.61,0,0.012466,0.03
5,rules,87,low,46832.53,1,30.56,0,0.003328,0.01
5,rules,88,high,1849.74,0,33.56,0,0.013469,0.03
5,rules,89,high,9045.9,0,30.86,0,0.011509,0.03
5,rules,90,medium,6881.93,0,23.73,0,0.006352,0.02
5,rules,91,high,5817.44,0,33.75,0,0.009934,0.03
5,rules,92,medium,13357.06,1,31.81,0,0.006231,0.02
5,rules,93,low,71315.56,1,29.07,0,0.00223,0.01
5,rules,94,low,67363.2,1,28.37,0,0.002891,0.01
5,rules,95,high,4017.45,0,38.59,0,0.012788,0.03
5,rules,96,medium,14798.02,1,36.95,0,0.00731,0.02
5,rules,97,low,63769.59,1,37.71,0,0.002718,0.01
5,rules,98,high,4384.21,0,30.52,0,0.015063,0.03
5,rules,99,high,14817.48,0,38.88,0,0.013423,0.03
5,rules,100,high,4014.84,0,34.19,0,0.00974,0.03
5,rules,101,high,8333.62,0,32.61,0,0.012641,0.03
5,rules,102,high,4384.35,0,37.23,0,0.014758,0.03
5,rules,103,medium,23814.65,1,34.35,0,0.00597,0.02
5,rules,104,low,36037.82,1,36.54,0,0.003877,0.01
5,rules,105,medium,22724.75,0,30.27,0,0.006719,0.02
5,rules,106,medium,8323.39,0,29.43,0,0.005343,0.02
5,rules,107,low,43970.98,1,27.91,0,0.002997,0.01
5,rules,108,medium,27767.32,0,36.23,0,0.006445,0.02
5,rules,109,low,54052.39,1,34.28,0,0.003071,0.01
5,rules,110,low,45041.81,1,28.13,0,0.003154,0.01
5,rules,111,low,48277.16,1,32.14,0,0.003113,0.01
5,rules,112,low,57296.24,1,28.81,0,0.003421,0.01
5,rules,113,high,8337.62,0,41.91,0,0.013018,0.03
5,rules,114,high,6905.23,0,34.25,0,0.010706,0.03
5,rules,115,medium,6158.19,1,33.21,0,0.00624,0.02
5,rules,116,low,36758.33,1,29.05,0,0.003756,0.01
5,rules,117,low,38193.11,1,33.73,0,0.003188,0.01
5,rules,118,medium,15882.09,1,29.56,0,0.005605,0.02
5,rules,119,low,40009.17,1,32.09,0,0.002533,0.01
6,rules,0,low,45387.93,1,30.99,0,0.003675,0.01
6,rules,1,medium,5807.44,1,34.14,0,0.006055,0.02
6,rules,2,low,53682.06,1,27.61,0,0.002365,0.01
6,rules,3,medium,20925.78,1,26.91,0,0.006153,0.02
6,rules,4,low,61609.86,1,33.38,0,0.002515,0.01
6,rules,5,high,2946.76,0,35.92,0,0.011148,0.03
6,rules,6,medium,21641.32,1,32.72,0,0.006141,0.02
6,rules,7,low,59430.87,1,31.42,0,0.001948,0.01
6,rules,8,high,1475.61,0,26.12,0,0.013937,0.03
6,rules,9,medium,21298.38,1,33.41,0,0.004136,0.02
6,rules,10,low,57274.39,1,35.61,0,0.002744,0.01
6,rules,11,high,7975.38,0,34.47,0,0.013451,0.03
6,rules,12,high,6890.35,0,30.53,0,0.010208,0.03
6,rules,13,low,39628.54,1,30.02,0,0.003436,0.01
6,rules,14,high,8704.36,0,33.26,0,0.01405,0.03
6,rules,15,high,9047.72,0,28.79,0,0.012649,0.03
6,rules,16,high,8341.62,0,33.71,0,0.014079,0.03
6,rules,17,low,54057.27,1,23.54,0,0.002494,0.01
6,rules,18,high,9765.8,0,23.2,0,0.009625,0.03
6,rules,19,high,13381.3,0,32.01,0,0.014572,0.03
6,rules,20,medium,16255.15,1,33.22,0,0.004898,0.02
6,rules,21,medium,26333.15,0,33.82,0,0.006036,0.02
6,rules,22,high,15165.01,0,27.58,0,0.007875,0.03
6,rules,23,high,8682.45,0,26.25,0,0.010805,0.03
6,rules,24,medium,27064.77,1,27.7,0,0.005242,0.02
6,rules,25,medium,20222.73,0,28.06,0,0.006686,0.02
6,rules,26,low,61940.76,1,24.78,0,0.00254,0.01
6,rules,27,low,41787.68,1,29.6,0,0.003114,0.01
6,rules,28,high,15177.56,0,31.05,0,0.011914,0.03
6,rules,29,high,4020.18,0,40.8,0,0.011613,0.03
6,rules,30,medium,15521.35,0,28.07,0,0.007131,0.02
6,rules,31,low,49371.17,1,29.37,0,0.002658,0.01
6,rules,32,medium,16249.61,0,28.83,0,0.006568,0.02
6,rules,33,low,51878.81,1,39.56,0,0.003187,0.01
6,rules,34,medium,16616.24,0,36.7,0,0.005997,0.02
6,rules,35,low,59069.11,0,28.61,0,0.002708,0.01
6,rules,36,high,4731.82,0,32.01,0,0.012506,0.03
6,rules,37,high,11930.1,0,33.21,0,0.010207,0.03
6,rules,38,high,3300.3,0,32.31,0,0.012325,0.03
6,rules,39,high,5459.26,0,31.37,0,0.01029,0.03
6,rules,40,low,75282.98,1,32.75,0,0.002418,0.01
6,rules,41,high,10140.14,0,24.26,0,0.012804,0.03
6,rules,42,low,37471.6,1,32.51,0,0.003634,0.01
6,rules,43,high,7631.96,0,35.41,0,0.011596,0.03
6,rules,44,medium,8317.96,1,25.15,0,0.007056,0.02
6,rules,45,high,1497.54,1,29.43,0,0.007535,0.03
6,rules,46,high,10146.72,0,37.06,0,0.012056,0.03
6,rules,47,low,38941.81,1,32.44,0,0.002932,0.01
6,rules,48,low,61595.55,1,38.35,0,0.002457,0.01
6,rules,49,high,13017.25,1,27.94,0,0.01088,0.03
6,rules,50,high,2567.52,0,36.74,0,0.014433,0.03
6,rules,51,high,2571.73,0,28.86,0,0.008205,0.03
6,rules,52,high,6188.32,0,33.25,0,0.010672,0.03
6,rules,53,low,43964.7,0,31.72,0,0.00327,0.01
6,rules,54,high,6922.62,0,36.87,0,0.009008,0.03
6,rules,55,low,57284.12,1,33.39,0,0.002921,0.01
6,rules,56,low,57640.43,1,38.01,0,0.003297,0.01
6,rules,57,low,55846.29,0,33.45,0,0.001635,0.01
6,rules,58,high,13000.44,0,32.11,0,0.008382,0.03
6,rules,59,low,39285.82,1,24.85,0,0.002763,0.01
6,rules,60,high,8702.75,0,31.26,0,0.010041,0.03
6,rules,61,high,7633.11,0,35.46,0,0.011338,0.03
6,rules,62,low,50784.37,1,30.3,0,0.003078,0.01
6,rules,63,medium,25252.99,0,35.26,0,0.006992,0.02
6,rules,64,medium,12282.1,1,32.27,0,0.005756,0.02
6,rules,65,medium,16255.63,1,34.94,0,0.00656,0.02
6,rules,66,high,2954.76,1,28.52,0,0.013959,0.03
6,rules,67,low,56938.39,1,37.59,0,0.00256,0.01
6,rules,68,high,7252.02,0,31.39,0,0.00837,0.03
6,rules,69,low,48996.41,1,26.6,0,0.002933,0.01
6,rules,70,low,54030.27,1,29.04,0,0.002684,0.01
6,rules,71,high,4367.91,0,30.56,0,0.008806,0.03
6,rules,72,low,51164.2,1,33.92,0,0.003581,0.01
6,rules,73,high,10147.43,0,33.5,0,0.011897,0.03
6,rules,74,medium,17325.37,0,25.7,0,0.005235,0.02
6,rules,75,low,53689.51,1,32.64,0,0.002657,0.01
6,rules,76,medium,9056.87,1,28.27,0,0.007433,0.02
6,rules,77,low,40728.8,1,40.3,0,0.003855,0.01
6,rules,78,low,68078.72,1,34.2,0,0.002704,0.01
6,rules,79,medium,21292.23,1,30.14,0,0.006092,0.02
6,rules,80,high,12287.27,0,37.12,0,0.012045,0.03
6,rules,81,medium,19840.41,1,35.89,0,0.00679,0.02
6,rules,82,high,6180.6,0,35.61,0,0.0108,0.03
6,rules,83,medium,19845.23,0,24.46,0,0.004372,0.02
6,rules,84,low,26338.74,1,28.08,0,0.002735,0.01
6,rules,85,high,4379.93,1,34.6,0,0.011396,0.03
6,rules,86,high,5108.95,0,30.71,0,0.012666,0.03
6,rules,87,low,71331.78,1,26.75,0,0.002375,0.01
6,rules,88,high,5465.5,0,40.87,0,0.01019,0.03
6,rules,89,low,37842.65,1,38.27,0,0.00271,0.01
6,rules,90,high,10862.07,1,33.22,0,0.013501,0.03
6,rules,91,medium,14443.63,0,34.05,0,0.00416,0.02
6,rules,92,medium,32082.94,0,35.54,0,0.005578,0.02
6,rules,93,high,9415.33,0,34.53,0,0.011015,0.03
6,rules,94,low,49707.46,1,30.55,0,0.003483,0.01
6,rules,95,low,46113.84,1,36.02,0,0.002722,0.01
6,rules,96,low,42880.36,1,33.94,0,0.002928,0.01
6,rules,97,low,52242.79,1,36.16,0,0.003074,0.01
6,rules,98,low,44338.81,0,33.58,0,0.00335,0.01
6,rules,99,low,70606.36,1,38.33,0,0.002706,0.01
6,rules,100,high,9778.36,1,33.71,0,0.012005,0.03
6,rules,101,medium,10129.77,0,32.44,0,0.007067,0.02
6,rules,102,high,6900.25,1,35.8,0,0.012305,0.03
6,rules,103,high,10140.26,0,34.45,0,0.01158,0.03
6,rules,104,low,36758.87,1,25.07,0,0.003066,0.01
6,rules,105,medium,15537.04,1,32.88,0,0.004583,0.02
6,rules,106,medium,29204.5,0,30.35,0,0.005887,0.02
6,rules,107,low,49036.5,1,37.39,0,0.003417,0.01
6,rules,108,high,4378.69,0,33.48,0,0.011257,0.03
6,rules,109,high,13370.35,0,33.41,0,0.012418,0.03
6,rules,110,low,42514.68,1,30.47,0,0.003207,0.01
6,rules,111,low,43244.53,1,38.25,0,0.002956,0.01
6,rules,112,low,65917.98,1,25.61,0,0.00283,0.01
6,rules,113,medium,17318.62,1,29.18,0,0.005198,0.02
6,rules,114,high,9410.82,0,30.72,0,0.010866,0.03
6,rules,115,medium,12656.78,1,35.18,0,0.005719,0.02
6,rules,116,medium,13722.75,1,32.49,0,0.004263,0.02
6,rules,117,high,11578.42,0,31.99,0,0.012158,0.03
6,rules,118,high,7612.54,0,29.75,0,0.0086,0.03
6,rules,119,medium,9404.6,0,30.26,0,0.006641,0.02
7,rules,0,low,43606.37,1,33.31,0,0.003691,0.01
7,rules,1,medium,20917.05,1,27.17,0,0.006425,0.02
7,rules,2,low,51159.5,1,25.37,0,0.002641,0.01
7,rules,3,low,49344.51,0,28.33,0,0.003428,0.01
7,rules,4,high,2589.48,0,29.37,0,0.010771,0.03
7,rules,5,high,7995.04,1,35.81,0,0.013253,0.03
7,rules,6,low,49353.18,1,28.52,0,0.002783,0.01
7,rules,7,high,7260.29,0,32.81,0,0.010196,0.03
7,rules,8,medium,15893.47,0,29.74,0,0.006635,0.02
7,rules,9,medium,33883.54,1,28.18,0,0.005347,0.02
7,rules,10,high,4012.92,0,28.93,0,0.012423,0.03
7,rules,11,high,7977.34,0,30.96,0,0.010063,0.03
7,rules,12,low,51154.54,1,32.14,0,0.002928,0.01
7,rules,13,medium,22006.76,0,29.87,0,0.00682,0.02
7,rules,14,medium,15888.39,1,23.08,0,0.005448,0.02
7,rules,15,medium,15887.66,1,24.61,0,0.006942,0.02
7,rules,16,medium,21650.69,0,32.05,0,0.007542,0.02
7,rules,17,high,7256.19,1,29.7,0,0.013686,0.03
7,rules,18,low,70233.95,1,36.73,0,0.002662,0.01
7,rules,19,low,62679.22,1,30.82,0,0.002786,0.01
7,rules,20,low,66998.66,0,34.92,0,0.002367,0.01
7,rules,21,high,10848.21,0,34.18,0,0.007903,0.03
7,rules,22,high,4019.55,0,32.4,0,0.011276,0.03
7,rules,23,low,49722.0,0,35.4,0,0.002732,0.01
7,rules,24,low,29557.91,1,35.08,0,0.004463,0.01
7,rules,25,high,9772.94,1,32.34,0,0.007442,0.03
7,rules,26,medium,8344.73,1,30.23,0,0.005902,0.02
7,rules,27,high,9771.52,0,33.53,0,0.011845,0.03
7,rules,28,high,7611.0,0,34.93,0,0.011572,0.03
7,rules,29,medium,28107.11,1,26.25,0,0.006872,0.02
7,rules,30,high,1144.41,0,37.18,0,0.008386,0.03
7,rules,31,low,59454.13,1,32.56,0,0.002731,0.01
7,rules,32,medium,22016.04,0,37.62,0,0.006889,0.02
7,rules,33,low,41441.85,1,29.21,0,0.003612,0.01
7,rules,34,high,7613.06,1,33.56,0,0.010314,0.03
7,rules,35,medium,22718.67,1,31.98,0,0.005034,0.02
7,rules,36,low,41076.21,1,33.27,0,0.002987,0.01
7,rules,37,medium,20217.06,0,31.05,0,0.006237,0.02
7,rules,38,low,51170.2,1,37.49,0,0.002238,0.01
7,rules,39,high,4742.02,0,29.75,0,0.01311,0.03
7,rules,40,high,12282.49,1,34.21,0,0.012969,0.03
7,rules,41,low,51162.58,1,33.57,0,0.002507,0.01
7,rules,42,high,7974.44,0,31.71,0,0.014074,0.03
7,rules,43,medium,29200.3,0,32.62,0,0.005556,0.02
7,rules,44,high,7613.4,0,29.44,0,0.012266,0.03
7,rules,45,medium,15890.65,1,33.26,0,0.00636,0.02
7,rules,46,low,47196.33,1,26.42,0,0.002662,0.01
7,rules,47,high,12648.98,0,38.13,0,0.015336,0.03
7,rules,48,low,54041.28,1,36.15,0,0.002969,0.01
7,rules,49,medium,19860.91,1,35.04,0,0.005656,0.02
7,rules,50,high,6540.78,0,33.16,0,0.013875,0.03
7,rules,51,low,22723.45,1,31.83,0,0.003044,0.01
7,rules,52,high,6535.59,0,39.6,0,0.011455,0.03
7,rules,53,high,6540.6,0,29.55,0,0.015593,0.03
7,rules,54,medium,16252.38,1,44.14,0,0.008453,0.02
7,rules,55,medium,29208.25,0,34.29,0,0.004963,0.02
7,rules,56,low,43591.89,1,32.79,0,0.003619,0.01
7,rules,57,medium,19848.63,1,23.37,0,0.006885,0.02
7,rules,58,low,39647.87,1,26.5,0,0.003141,0.01
7,rules,59,medium,19847.02,1,27.52,0,0.005127,0.02
7,rules,60,low,32444.17,0,31.95,0,0.003165,0.01
7,rules,61,low,41413.72,1,33.23,0,0.002929,0.01
7,rules,62,low,43236.65,0,33.05,0,0.003545,0.01
7,rules,63,high,5101.19,0,32.15,0,0.011145,0.03
7,rules,64,medium,9773.13,0,31.36,0,0.005116,0.02
7,rules,65,medium,26687.64,0,29.93,0,0.007598,0.02
7,rules,66,high,10503.46,0,31.32,0,0.013039,0.03
7,rules,67,high,8681.79,1,35.54,0,0.011324,0.03
7,rules,68,medium,18761.64,1,29.74,0,0.007161,0.02
7,rules,69,low,55477.8,0,27.29,0,0.002293,0.01
7,rules,70,medium,22379.66,0,40.73,0,0.005958,0.02
7,rules,71,low,59435.58,0,29.51,0,0.002704,0.01
7,rules,72,high,6893.46,0,35.18,0,0.011568,0.03
7,rules,73,medium,17685.39,1,32.34,0,0.007228,0.02
7,rules,74,low,67344.88,1,38.74,0,0.002686,0.01
7,rules,75,low,42892.29,1,26.9,0,0.002777,0.01
7,rules,76,low,29920.68,0,31.38,0,0.0033,0.01
7,rules,77,low,40351.68,1,28.28,0,0.00372,0.01
7,rules,78,high,6171.85,0,32.72,0,0.011686,0.03
7,rules,79,low,53676.48,1,34.32,0,0.003055,0.01
7,rules,80,medium,13386.35,1,23.87,0,0.006923,0.02
7,rules,81,high,1857.53,0,28.12,0,0.013099,0.03
7,rules,82,high,4013.35,0,31.41,0,0.007647,0.03
7,rules,83,low,42511.37,1,28.9,0,0.003339,0.01
7,rules,84,low,45053.19,1,27.19,0,0.002435,0.01
7,rules,85,high,9427.37,1,37.04,0,0.011921,0.03
7,rules,86,low,54388.24,1,35.97,0,0.002952,0.01
7,rules,87,low,54049.96,1,29.54,0,0.002621,0.01
7,rules,88,high,7626.46,0,33.24,0,0.011685,0.03
7,rules,89,medium,32080.94,1,38.74,0,0.00414,0.02
7,rules,90,medium,26700.03,1,28.68,0,0.004963,0.02
7,rules,91,low,34964.06,1,31.94,0,0.002565,0.01
7,rules,92,high,7974.01,0,32.17,0,0.010399,0.03
7,rules,93,medium,25241.95,1,34.07,0,0.003987,0.02
7,rules,94,low,54405.61,1,34.85,0,0.002644,0.01
7,rules,95,low,47206.17,1,33.7,0,0.003087,0.01
7,rules,96,high,2215.69,0,27.87,0,0.009355,0.03
7,rules,97,high,6180.18,1,33.95,0,0.009455,0.03
7,rules,98,low,40724.06,1,29.29,0,0.002551,0.01
7,rules,99,low,37864.24,1,31.58,0,0.002927,0.01
7,rules,100,medium,11579.24,0,36.95,0,0.005071,0.02
7,rules,101,medium,26312.81,1,40.13,0,0.006416,0.02
7,rules,102,medium,5437.97,0,28.81,0,0.006657,0.02
7,rules,103,low,40724.87,1,30.72,0,0.003386,0.01
7,rules,104,low,48999.76,1,38.64,0,0.004098,0.01
7,rules,105,high,4025.52,0,30.06,0,0.013443,0.03
7,rules,106,high,9774.94,0,30.64,0,0.013651,0.03
7,rules,107,medium,14822.23,1,35.1,0,0.005304,0.02
7,rules,108,low,42871.16,1,30.5,0,0.003637,0.01
7,rules,109,high,9767.98,0,26.97,0,0.010313,0.03
7,rules,110,medium,14087.62,1,35.49,0,0.006346,0.02
7,rules,111,low,41808.47,0,37.44,0,0.002952,0.01
7,rules,112,high,4368.73,0,30.41,0,0.012252,0.03
7,rules,113,high,3307.84,0,30.47,0,0.01255,0.03
7,rules,114,high,11579.51,0,30.79,0,0.009909,0.03
7,rules,115,high,9046.69,0,31.48,0,0.01585,0.03
7,rules,116,high,5823.93,0,29.29,0,0.011243,0.03
7,rules,117,high,6547.86,0,37.79,0,0.014557,0.03
7,rules,118,high,15538.96,1,36.67,0,0.009277,0.03
7,rules,119,low,42160.78,1,34.67,0,0.002942,0.01
8,rules,0,high,9061.87,0,32.76,0,0.011045,0.03
8,rules,1,high,4020.43,0,38.37,0,0.016194,0.03
8,rules,2,high,8331.95,0,33.27,0,0.01275,0.03
8,rules,3,high,18792.0,1,30.97,0,0.010984,0.03
8,rules,4,low,58364.82,1,29.3,0,0.003029,0.01
8,rules,5,low,67720.06,1,32.27,0,0.002327,0.01
8,rules,6,high,4014.33,1,26.97,0,0.014629,0.03
8,rules,7,low,55831.29,0,26.54,0,0.003224,0.01
8,rules,8,high,15162.44,1,34.27,0,0.012602,0.03
8,rules,9,low,46118.21,1,35.21,0,0.003101,0.01
8,rules,10,medium,26688.26,0,31.94,0,0.006286,0.02
8,rules,11,high,7612.99,1,35.69,0,0.010553,0.03
8,rules,12,high,5081.99,1,35.23,0,0.012826,0.03
8,rules,13,low,47203.52,1,37.23,0,0.003423,0.01
8,rules,14,medium,13367.07,0,34.44,0,0.005444,0.02
8,rules,15,low,33865.91,1,32.88,0,0.003254,0.01
8,rules,16,low,49369.42,1,34.11,0,0.003696,0.01
8,rules,17,high,4741.54,1,29.45,0,0.011054,0.03
8,rules,18,medium,7238.87,1,30.46,0,0.005993,0.02
8,rules,19,high,9416.98,0,38.28,0,0.01408,0.03
8,rules,20,high,6874.45,0,24.02,0,0.012831,0.03
8,rules,21,medium,16248.75,0,30.6,0,0.006358,0.02
8,rules,22,low,56913.3,1,27.78,0,0.002795,0.01
8,rules,23,high,1130.61,0,30.14,0,0.013592,0.03
8,rules,24,low,33525.4,1,31.58,0,0.004164,0.01
8,rules,25,low,57639.7,1,33.96,0,0.003422,0.01
8,rules,26,high,10145.62,0,36.6,0,0.013832,0.03
8,rules,27,medium,18038.74,0,30.28,0,0.005039,0.02
8,rules,28,high,8334.08,0,39.05,0,0.011082,0.03
8,rules,29,high,5445.62,1,32.59,0,0.014545,0.03
8,rules,30,low,36402.01,1,27.52,0,0.003166,0.01
8,rules,31,high,11585.97,0,40.3,0,0.011495,0.03
8,rules,32,high,7259.26,1,33.84,0,0.012743,0.03
8,rules,33,high,8338.64,0,36.6,0,0.012991,0.03
8,rules,34,low,41791.79,1,30.91,0,0.002971,0.01
8,rules,35,high,4729.56,0,32.58,0,0.011455,0.03
8,rules,36,low,57636.58,1,31.85,0,0.0026,0.01
8,rules,37,low,46849.33,1,32.59,0,0.003683,0.01
8,rules,38,medium,14450.61,1,34.87,0,0.005683,0.02
8,rules,39,high,7980.91,0,31.53,0,0.009924,0.03
8,rules,40,low,41792.8,1,24.33,0,0.002835,0.01
8,rules,41,medium,16613.61,1,35.17,0,0.005826,0.02
8,rules,42,low,41444.4,1,30.93,0,0.00323,0.01
8,rules,43,high,3666.58,0,37.83,0,0.014182,0.03
8,rules,44,medium,14089.57,1,35.43,0,0.006853,0.02
8,rules,45,low,37836.68,1,41.66,0,0.002851,0.01
8,rules,46,medium,22000.31,1,29.21,0,0.003955,0.02
8,rules,47,medium,28480.66,1,30.29,0,0.00486,0.02
8,rules,48,high,9060.81,0,32.98,0,0.010794,0.03
8,rules,49,medium,15888.09,1,38.21,0,0.006299,0.02
8,rules,50,medium,11554.22,1,32.52,0,0.00669,0.02
8,rules,51,low,69533.36,1,26.77,0,0.001974,0.01
8,rules,52,low,57637.34,1,38.73,0,0.003361,0.01
8,rules,53,medium,17692.64,0,30.23,0,0.005326,0.02
8,rules,54,low,45033.72,1,33.84,0,0.003448,0.01
8,rules,55,medium,14075.78,0,26.24,0,0.005566,0.02
8,rules,56,medium,11569.13,1,30.82,0,0.00491,0.02
8,rules,57,medium,22730.05,0,30.23,0,0.004922,0.02
8,rules,58,medium,13720.66,1,24.19,0,0.005996,0.02
8,rules,59,medium,12657.68,0,33.82,0,0.005101,0.02
8,rules,60,medium,28492.0,0,24.59,0,0.004971,0.02
8,rules,61,low,44679.86,1,34.83,0,0.003057,0.01
8,rules,62,medium,29214.25,1,39.71,0,0.005735,0.02
8,rules,63,low,41072.84,1,31.06,0,0.003674,0.01
8,rules,64,medium,33512.43,0,36.2,0,0.005562,0.02
8,rules,65,medium,15534.52,0,32.01,0,0.005252,0.02
8,rules,66,high,5460.12,0,32.46,0,0.011576,0.03
8,rules,67,low,45388.6,1,37.14,0,0.003447,0.01
8,rules,68,low,67732.05,0,37.6,0,0.002866,0.01
8,rules,69,low,33151.34,0,34.92,0,0.002426,0.01
8,rules,70,high,8320.87,0,32.84,0,0.014305,0.03
8,rules,71,medium,22006.85,0,27.39,0,0.005245,0.02
8,rules,72,low,55116.13,1,37.24,0,0.002865,0.01
8,rules,73,medium,9400.12,1,31.87,0,0.004966,0.02
8,rules,74,medium,16246.59,1,31.23,0,0.008733,0.02
8,rules,75,high,14083.98,0,33.7,0,0.011801,0.03
8,rules,76,low,67014.75,1,30.47,0,0.002065,0.01
8,rules,77,high,6523.43,1,36.58,0,0.014058,0.03
8,rules,78,low,54052.82,1,32.45,0,0.00337,0.01
8,rules,79,high,11582.02,0,38.9,0,0.01191,0.03
8,rules,80,low,47932.63,1,31.63,0,0.003384,0.01
8,rules,81,medium,14460.97,1,31.99,0,0.006169,0.02
8,rules,82,medium,9417.79,0,33.07,0,0.004886,0.02
8,rules,83,high,2202.54,0,30.6,0,0.011327,0.03
8,rules,84,medium,29553.64,0,32.86,0,0.004786,0.02
8,rules,85,low,53682.43,1,34.36,0,0.003107,0.01
8,rules,86,low,63407.14,1,37.19,0,0.003141,0.01
8,rules,87,medium,24883.64,0,34.38,0,0.005986,0.02
8,rules,88,medium,12293.79,0,30.87,0,0.005669,0.02
8,rules,89,low,45411.27,0,30.33,0,0.002569,0.01
8,rules,90,medium,10125.32,0,32.07,0,0.00581,0.02
8,rules,91,medium,11575.68,0,37.65,0,0.005,0.02
8,rules,92,low,55131.31,1,30.49,0,0.003107,0.01
8,rules,93,high,6899.59,0,38.11,0,0.011785,0.03
8,rules,94,low,48994.19,1,30.2,0,0.002946,0.01
8,rules,95,low,72043.78,1,37.13,0,0.002607,0.01
8,rules,96,high,6179.75,0,26.26,0,0.014246,0.03
8,rules,97,low,51512.9,1,30.16,0,0.002976,0.01
8,rules,98,low,57642.45,1,30.77,0,0.002778,0.01
8,rules,99,medium,24888.14,1,26.63,0,0.006205,0.02
8,rules,100,low,43613.34,1,30.77,0,0.003,0.01
8,rules,101,low,35332.86,1,26.29,0,0.003379,0.01
8,rules,102,low,45051.96,1,29.12,0,0.003338,0.01
8,rules,103,medium,14085.35,1,30.81,0,0.005288,0.02
8,rules,104,low,66645.51,0,37.79,0,0.002336,0.01
8,rules,105,medium,22026.89,1,34.63,0,0.00633,0.02
8,rules,106,low,38916.71,1,31.88,0,0.002844,0.01
8,rules,107,medium,25612.59,0,32.98,0,0.006886,0.02
8,rules,108,medium,7965.94,0,36.51,0,0.009388,0.02
8,rules,109,high,4744.66,0,32.37,0,0.013021,0.03
8,rules,110,high,6178.53,0,29.74,0,0.012103,0.03
8,rules,111,low,47559.71,1,33.2,0,0.003312,0.01
8,rules,112,low,60878.64,1,30.44,0,0.002174,0.01
8,rules,113,high,7980.49,0,37.24,0,0.011752,0.03
8,rules,114,high,10839.8,1,26.98,0,0.011001,0.03
8,rules,115,high,3296.74,0,26.95,0,0.010283,0.03
8,rules,116,medium,19838.32,1,36.06,0,0.005255,0.02
8,rules,117,high,7985.08,0,26.25,0,0.013852,0.03
8,rules,118,high,4020.94,0,24.59,0,0.01466,0.03
8,rules,119,medium,12992.72,0,29.87,0,0.006485,0.02
9,rules,0,medium,24523.09,1,29.77,0,0.005378,0.02
9,rules,1,high,6541.18,0,32.9,0,0.012051,0.03
9,rules,2,medium,17689.23,0,33.24,0,0.004827,0.02
9,rules,3,high,6540.57,0,28.32,0,0.012209,0.03
9,rules,4,high,4731.0,1,28.42,0,0.013415,0.03
9,rules,5,low,65913.04,1,33.83,0,0.002706,0.01
9,rules,6,low,38927.65,1,29.4,0,0.003029,0.01
9,rules,7,low,65926.53,1,25.8,0,0.002137,0.01
9,rules,8,low,59084.54,1,32.33,0,0.003179,0.01
9,rules,9,medium,19496.83,0,31.35,0,0.005769,0.02
9,rules,10,high,7988.61,0,32.58,0,0.009449,0.03
9,rules,11,low,37837.97,0,34.75,0,0.003343,0.01
9,rules,12,high,10865.29,0,27.34,0,0.012579,0.03
9,rules,13,medium,11578.16,0,32.77,0,0.006379,0.02
9,rules,14,high,9063.53,1,37.41,0,0.013858,0.03
9,rules,15,high,9396.91,0,30.72,0,0.008964,0.03
9,rules,16,low,47204.39,1,35.48,0,0.002804,0.01
9,rules,17,low,60887.58,0,31.32,0,0.003171,0.01
9,rules,18,high,3660.27,0,28.38,0,0.010688,0.03
9,rules,19,high,11939.65,0,34.19,0,0.011598,0.03
9,rules,20,medium,23078.97,1,29.35,0,0.006075,0.02
9,rules,21,medium,27402.02,0,30.85,0,0.005612,0.02
9,rules,22,high,6534.48,1,31.95,0,0.013874,0.03
9,rules,23,high,12298.25,0,30.93,0,0.011839,0.03
9,rules,24,medium,10474.48,1,34.84,0,0.004673,0.02
9,rules,25,low,34590.56,1,29.92,0,0.003167,0.01
9,rules,26,low,60879.04,0,35.42,0,0.003206,0.01
9,rules,27,high,7971.41,0,33.64,0,0.013203,0.03
9,rules,28,low,42528.15,1,32.47,0,0.003838,0.01
9,rules,29,low,59816.12,1,30.84,0,0.002548,0.01
9,rules,30,medium,23084.4,0,28.29,0,0.005165,0.02
9,rules,31,medium,15528.53,0,27.71,0,0.005414,0.02
9,rules,32,low,70599.76,1,35.01,0,0.002753,0.01
9,rules,33,medium,19485.73,0,35.94,0,0.007081,0.02
9,rules,34,low,41437.85,1,39.63,0,0.003897,0.01
9,rules,35,high,10855.27,0,33.3,0,0.012128,0.03
9,rules,36,high,11580.36,0,38.77,0,0.010395,0.03
9,rules,37,medium,15528.22,0,34.46,0,0.005857,0.02
9,rules,38,high,5455.19,0,40.69,0,0.013392,0.03
9,rules,39,medium,25600.88,1,31.69,0,0.004993,0.02
9,rules,40,high,3655.12,1,37.53,0,0.012584,0.03
9,rules,41,high,6536.46,0,28.14,0,0.011888,0.03
9,rules,42,high,9428.3,0,38.09,0,0.011809,0.03
9,rules,43,medium,6175.9,0,25.71,0,0.006865,0.02
9,rules,44,high,9065.49,0,26.32,0,0.012554,0.03
9,rules,45,medium,18036.32,0,35.68,0,0.003956,0.02
9,rules,46,high,9423.45,0,39.62,0,0.012906,0.03
9,rules,47,high,5802.07,1,32.35,0,0.010042,0.03
9,rules,48,medium,13372.59,0,35.03,0,0.008567,0.02
9,rules,49,medium,32818.29,0,31.43,0,0.004822,0.02
9,rules,50,low,48646.62,1,35.21,0,0.002539,0.01
9,rules,51,low,35685.47,0,28.29,0,0.001501,0.01
9,rules,52,low,26311.86,1,26.83,0,0.003624,0.01
9,rules,53,high,11921.73,0,41.11,0,0.009955,0.03
9,rules,54,medium,16627.14,0,36.93,0,0.005778,0.02
9,rules,55,low,66640.11,1,33.57,0,0.003003,0.01
9,rules,56,low,45385.68,1,37.07,0,0.003527,0.01
9,rules,57,high,13375.3,1,34.08,0,0.01041,0.03
9,rules,58,low,23444.12,1,30.76,0,0.003323,0.01
9,rules,59,high,783.43,0,34.5,0,0.011317,0.03
9,rules,60,low,57643.43,1,33.3,0,0.002301,0.01
9,rules,61,low,39999.23,1,34.52,0,0.003307,0.01
9,rules,62,high,7974.61,0,29.44,0,0.015298,0.03
9,rules,63,high,8694.96,1,28.96,0,0.0106,0.03
9,rules,64,medium,7604.09,1,33.38,0,0.005587,0.02
9,rules,65,low,46833.53,1,34.86,0,0.003679,0.01
9,rules,66,high,13007.92,0,28.68,0,0.011263,0.03
9,rules,67,low,53330.98,1,37.55,0,0.002806,0.01
9,rules,68,medium,17685.48,0,28.15,0,0.007364,0.02
9,rules,69,medium,5824.96,0,35.93,0,0.004884,0.02
9,rules,70,medium,20568.35,1,29.02,0,0.005796,0.02
9,rules,71,high,6896.71,0,32.4,0,0.013474,0.03
9,rules,72,high,2572.91,0,32.06,0,0.012961,0.03
9,rules,73,medium,5080.09,0,31.46,0,0.003558,0.02
9,rules,74,low,56560.38,1,32.1,0,0.003366,0.01
9,rules,75,medium,11928.15,0,26.64,0,0.004799,0.02
9,rules,76,medium,18058.35,1,27.11,0,0.007018,0.02
9,rules,77,low,47201.47,1,30.59,0,0.002557,0.01
9,rules,78,low,36759.61,0,34.47,0,0.003461,0.01
9,rules,79,high,2223.07,0,34.75,0,0.014001,0.03
9,rules,80,low,38924.83,1,30.79,0,0.003639,0.01
9,rules,81,medium,19124.25,0,29.7,0,0.007051,0.02
9,rules,82,low,47568.43,1,37.11,0,0.003446,0.01
9,rules,83,medium,31358.65,1,34.72,0,0.005643,0.02
9,rules,84,medium,15882.52,0,32.51,0,0.006206,0.02
9,rules,85,high,5090.76,1,29.47,0,0.012507,0.03
9,rules,86,medium,17326.68,1,27.58,0,0.003304,0.02
9,rules,87,high,7257.35,0,35.71,0,0.013656,0.03
9,rules,88,medium,15518.7,0,31.1,0,0.00592,0.02
9,rules,89,low,46124.91,1,32.56,0,0.003239,0.01
9,rules,90,medium,15536.85,0,27.18,0,0.005935,0.02
9,rules,91,high,8327.98,0,35.7,0,0.011643,0.03
9,rules,92,high,7967.84,0,29.53,0,0.010336,0.03
9,rules,93,high,3993.7,0,29.67,0,0.016333,0.03
9,rules,94,high,2206.2,0,33.5,0,0.016482,0.03
9,rules,95,high,7621.93,0,31.79,0,0.012983,0.03
9,rules,96,high,4027.39,0,37.65,0,0.014306,0.03
9,rules,97,low,51523.81,1,35.6,0,0.003291,0.01
9,rules,98,low,33877.8,1,26.71,0,0.003772,0.01
9,rules,99,medium,12268.15,0,34.83,0,0.007204,0.02
9,rules,100,high,5818.91,0,28.86,0,0.008243,0.03
9,rules,101,low,49348.09,0,25.67,0,0.003505,0.01
9,rules,102,low,54398.89,1,27.82,0,0.003011,0.01
9,rules,103,low,44318.14,1,23.11,0,0.003092,0.01
9,rules,104,high,4017.31,0,42.12,0,0.011568,0.03
9,rules,105,high,6176.62,0,31.59,0,0.013972,0.03
9,rules,106,low,53678.65,1,35.71,0,0.003632,0.01
9,rules,107,medium,15888.43,1,39.68,0,0.005806,0.02
9,rules,108,high,2569.97,1,27.32,0,0.011148,0.03
9,rules,109,high,2935.26,0,37.91,0,0.014127,0.03
9,rules,110,low,49703.68,0,34.56,0,0.002432,0.01
9,rules,111,medium,29547.4,0,29.06,0,0.005922,0.02
9,rules,112,low,43960.65,1,35.96,0,0.003062,0.01
9,rules,113,high,5457.89,0,26.16,0,0.010335,0.03
9,rules,114,high,5079.46,0,37.54,0,0.009786,0.03
9,rules,115,high,3299.96,1,35.9,0,0.014309,0.03
9,rules,116,medium,22368.89,1,32.34,0,0.008639,0.02
9,rules,117,high,9049.46,0,36.14,0,0.009734,0.03
9,rules,118,medium,9762.45,1,33.95,0,0.006706,0.02
9,rules,119,medium,9777.53,0,29.15,0,0.006791,0.02
10,rules,0,high,12668.34,1,27.86,0,0.012485,0.03
10,rules,1,medium,15544.98,1,32.67,0,0.004664,0.02
10,rules,2,high,6899.78,0,32.38,0,0.011889,0.03
10,rules,3,high,15529.29,0,35.84,0,0.008982,0.03
10,rules,4,medium,8322.94,0,31.61,0,0.004998,0.02
10,rules,5,high,11569.42,0,33.22,0,0.01221,0.03
10,rules,6,low,65934.65,1,31.3,0,0.002617,0.01
10,rules,7,high,9421.58,1,35.24,0,0.010734,0.03
10,rules,8,low,46481.45,1,34.66,0,0.003351,0.01
10,rules,9,medium,19835.43,1,28.28,0,0.00673,0.02
10,rules,10,low,50804.58,1,28.71,0,0.003028,0.01
10,rules,11,medium,21275.69,0,32.03,0,0.007666,0.02
10,rules,12,medium,8325.27,1,40.78,0,0.006751,0.02
10,rules,13,low,45383.14,1,34.94,0,0.00298,0.01
10,rules,14,high,6539.91,1,32.08,0,0.012802,0.03
10,rules,15,high,6887.58,0,31.88,0,0.015654,0.03
10,rules,16,high,1494.53,1,31.48,0,0.011151,0.03
10,rules,17,medium,16261.29,0,29.71,0,0.006282,0.02
10,rules,18,low,39651.61,1,36.21,0,0.003115,0.01
10,rules,19,medium,7251.48,1,30.86,0,0.00643,0.02
10,rules,20,high,4382.08,0,31.59,0,0.009586,0.03
10,rules,21,high,6171.54,0,23.46,0,0.014748,0.03
10,rules,22,medium,5810.34,1,33.82,0,0.006266,0.02
10,rules,23,medium,33525.0,1,24.97,0,0.005392,0.02
10,rules,24,high,9786.46,0,30.25,0,0.012425,0.03
10,rules,25,medium,17679.84,1,32.18,0,0.006547,0.02
10,rules,26,high,13022.18,0,36.29,0,0.009411,0.03
10,rules,27,low,45763.34,1,27.24,0,0.002738,0.01
10,rules,28,medium,23096.55,1,40.61,0,0.007068,0.02
10,rules,29,low,32797.38,1,39.96,0,0.002648,0.01
10,rules,30,medium,19849.53,0,25.45,0,0.0063,0.02
10,rules,31,medium,3292.16,1,27.37,0,0.004605,0.02
10,rules,32,high,5097.41,0,33.74,0,0.014403,0.03
10,rules,33,low,53684.38,1,28.29,0,0.002655,0.01
10,rules,34,medium,27395.78,1,38.57,0,0.004016,0.02
10,rules,35,medium,14099.6,0,32.08,0,0.00703,0.02
10,rules,36,high,6169.81,0,32.64,0,0.012508,0.03
10,rules,37,high,9413.0,0,30.43,0,0.009686,0.03
10,rules,38,medium,19845.91,0,33.47,0,0.006265,0.02
10,rules,39,high,5455.74,1,36.42,0,0.013341,0.03
10,rules,40,medium,16249.68,1,32.72,0,0.006169,0.02
10,rules,41,medium,18420.59,1,40.95,0,0.006359,0.02
10,rules,42,medium,23806.81,1,35.81,0,0.004947,0.02
10,rules,43,medium,20924.32,1,35.96,0,0.006641,0.02
10,rules,44,medium,18778.11,0,37.83,0,0.005684,0.02
10,rules,45,medium,23450.18,0,36.52,0,0.006353,0.02
10,rules,46,low,57642.48,1,29.97,0,0.002979,0.01
10,rules,47,high,13002.42,0,28.85,0,0.013803,0.03
10,rules,48,high,2225.65,0,26.81,0,0.009476,0.03
10,rules,49,high,2211.99,0,34.5,0,0.016508,0.03
10,rules,50,medium,17682.26,0,35.79,0,0.006641,0.02
10,rules,51,high,5806.99,1,27.54,0,0.010884,0.03
10,rules,52,high,5459.76,0,31.02,0,0.012379,0.03
10,rules,53,high,9401.78,1,32.57,0,0.01156,0.03
10,rules,54,medium,8681.08,0,32.0,0,0.007596,0.02
10,rules,55,high,6894.17,0,25.85,0,0.011331,0.03
10,rules,56,high,6533.11,0,29.29,0,0.013239,0.03
10,rules,57,low,50439.96,1,21.44,0,0.003138,0.01
10,rules,58,low,53682.75,1,29.11,0,0.003631,0.01
10,rules,59,low,59436.93,1,31.0,0,0.003254,0.01
10,rules,60,high,9783.05,0,43.4,0,0.012005,0.03
10,rules,61,high,8687.26,0,31.28,0,0.010035,0.03
10,rules,62,low,51520.17,1,30.9,0,0.003007,0.01
10,rules,63,low,51167.22,0,34.66,0,0.002621,0.01
10,rules,64,low,43247.71,1,33.0,0,0.003052,0.01
10,rules,65,high,5808.67,0,25.44,0,0.011449,0.03
10,rules,66,medium,13361.51,1,33.11,0,0.006037,0.02
10,rules,67,low,64845.17,1,22.87,0,0.002196,0.01
10,rules,68,high,6881.79,0,31.26,0,0.011339,0.03
10,rules,69,high,13026.34,0,36.04,0,0.012241,0.03
10,rules,70,low,49358.45,1,25.21,0,0.003162,0.01
10,rules,71,low,54045.75,1,33.77,0,0.003336,0.01
10,rules,72,high,17697.05,1,21.02,0,0.011809,0.03
10,rules,73,high,12297.61,0,29.41,0,0.00921,0.03
10,rules,74,high,4740.44,0,26.2,0,0.014213,0.03
10,rules,75,medium,17324.32,1,30.59,0,0.005648,0.02
10,rules,76,low,73483.59,1,28.68,0,0.00258,0.01
10,rules,77,medium,23090.87,1,26.83,0,0.004898,0.02
10,rules,78,low,59796.72,1,34.88,0,0.00315,0.01
10,rules,79,low,56208.21,1,40.95,0,0.003025,0.01
10,rules,80,high,11931.48,0,31.06,0,0.013109,0.03
10,rules,81,medium,16248.44,0,33.51,0,0.006572,0.02
10,rules,82,high,3310.18,0,30.15,0,0.012375,0.03
10,rules,83,high,6907.73,0,32.7,0,0.011625,0.03
10,rules,84,low,42875.38,1,33.03,0,0.003725,0.01
10,rules,85,high,6160.11,0,30.45,0,0.013784,0.03
10,rules,86,low,63387.98,1,29.81,0,0.002356,0.01
10,rules,87,high,14089.86,0,29.14,0,0.011254,0.03
10,rules,88,high,2576.23,0,26.69,0,0.011142,0.03
10,rules,89,medium,20195.67,1,36.66,0,0.006589,0.02
10,rules,90,high,6182.39,0,35.54,0,0.01395,0.03
10,rules,91,low,50807.83,1,26.0,0,0.003126,0.01
10,rules,92,low,42531.64,1,30.48,0,0.002437,0.01
10,rules,93,high,8340.06,0,25.14,0,0.013807,0.03
10,rules,94,low,58009.63,1,26.94,0,0.002913,0.01
10,rules,95,medium,11556.07,0,29.84,0,0.005845,0.02
10,rules,96,low,61962.22,1,31.47,0,0.003165,0.01
10,rules,97,medium,20202.18,0,32.68,0,0.006857,0.02
10,rules,98,low,47204.19,1,33.41,0,0.003488,0.01
10,rules,99,high,6182.64,0,30.11,0,0.011982,0.03
10,rules,100,high,6163.46,0,31.38,0,0.006842,0.03
10,rules,101,high,10135.35,0,35.99,0,0.010384,0.03
10,rules,102,low,55113.3,1,26.31,0,0.00291,0.01
10,rules,103,high,10845.81,0,41.16,0,0.009942,0.03
10,rules,104,medium,25597.91,0,36.24,0,0.005192,0.02
10,rules,105,low,46489.39,1,25.42,0,0.004087,0.01
10,rules,106,medium,17325.46,1,30.03,0,0.005589,0.02
10,rules,107,high,6894.26,0,29.68,0,0.012601,0.03
10,rules,108,high,17330.0,0,35.77,0,0.007674,0.03
10,rules,109,medium,15890.63,1,29.83,0,0.00662,0.02
10,rules,110,low,50434.14,1,27.77,0,0.002841,0.01
10,rules,111,medium,28853.01,0,30.77,0,0.007011,0.02
10,rules,112,medium,15537.46,0,44.58,0,0.007074,0.02
10,rules,113,medium,27406.13,0,35.2,0,0.0073,0.02
10,rules,114,low,37111.49,1,31.87,0,0.003152,0.01
10,rules,115,high,9051.88,1,29.28,0,0.011897,0.03
10,rules,116,low,54046.55,1,28.36,0,0.002714,0.01
10,rules,117,low,45412.64,1,30.82,0,0.003535,0.01
10,rules,118,low,64127.7,1,30.96,0,0.00306,0.01
10,rules,119,high,7607.72,0,41.59,0,0.012532,0.03
11,rules,0,high,13382.06,0,30.47,0,0.010387,0.03
11,rules,1,low,56925.26,1,30.72,0,0.003287,0.01
11,rules,2,low,57276.32,0,34.84,0,0.002671,0.01
11,rules,3,low,50446.07,1,30.4,0,0.003239,0.01
11,rules,4,high,8700.51,0,34.68,0,0.011748,0.03
11,rules,5,medium,18411.12,1,25.02,0,0.005701,0.02
11,rules,6,low,68082.68,1,33.34,0,0.002245,0.01
11,rules,7,medium,34248.6,1,35.15,0,0.005833,0.02
11,rules,8,low,40360.07,1,26.92,0,0.002873,0.01
11,rules,9,low,42522.37,1,33.72,0,0.003521,0.01
11,rules,10,low,48283.13,1,32.68,0,0.003219,0.01
11,rules,11,low,68793.46,1,34.29,0,0.002376,0.01
11,rules,12,medium,34965.35,0,28.28,0,0.005126,0.02
11,rules,13,medium,29574.62,1,31.08,0,0.005318,0.02
11,rules,14,low,49013.29,1,28.11,0,0.003188,0.01
11,rules,15,low,56922.19,1,32.44,0,0.002427,0.01
11,rules,16,low,42889.18,1,35.18,0,0.003021,0.01
11,rules,17,low,45766.8,1,30.75,0,0.003525,0.01
11,rules,18,high,7615.64,1,37.83,0,0.008442,0.03
11,rules,19,low,47193.6,1,33.13,0,0.003406,0.01
11,rules,20,medium,36766.17,0,28.31,0,0.004555,0.02
11,rules,21,high,4367.55,0,28.04,0,0.015203,0.03
11,rules,22,high,13740.34,1,20.88,0,0.014497,0.03
11,rules,23,medium,19820.52,1,29.47,0,0.005614,0.02
11,rules,24,high,1496.07,0,32.21,0,0.012877,0.03
11,rules,25,medium,39650.63,1,29.9,0,0.004065,0.02
11,rules,26,low,49359.26,1,23.86,0,0.002507,0.01
11,rules,27,low,72420.33,0,31.43,0,0.001837,0.01
11,rules,28,low,40724.51,1,26.33,0,0.00359,0.01
11,rules,29,high,4010.67,0,32.08,0,0.013035,0.03
11,rules,30,high,8335.13,1,32.88,0,0.010358,0.03
11,rules,31,medium,17684.04,1,38.95,0,0.006325,0.02
11,rules,32,low,46832.35,1,28.18,0,0.003457,0.01
11,rules,33,medium,14444.07,1,25.82,0,0.005059,0.02
11,rules,34,low,39633.92,1,29.44,0,0.003433,0.01
11,rules,35,medium,16624.48,0,29.64,0,0.005894,0.02
11,rules,36,high,9416.76,1,40.57,0,0.011654,0.03
11,rules,37,low,42527.74,1,23.89,0,0.003679,0.01
11,rules,38,low,43253.71,1,36.23,0,0.00263,0.01
11,rules,39,medium,15887.81,0,36.99,0,0.005376,0.02
11,rules,40,low,44332.37,1,30.44,0,0.003741,0.01
11,rules,41,medium,16226.73,1,36.48,0,0.006881,0.02
11,rules,42,high,4017.28,0,31.53,0,0.009352,0.03
11,rules,43,low,48992.29,1,33.57,0,0.003047,0.01
11,rules,44,medium,15531.25,1,35.4,0,0.005778,0.02
11,rules,45,high,3299.28,0,25.36,0,0.014166,0.03
11,rules,46,high,4375.05,0,30.82,0,0.013561,0.03
11,rules,47,medium,18045.86,1,33.75,0,0.006483,0.02
11,rules,48,medium,11934.39,1,31.84,0,0.007102,0.02
11,rules,49,low,24151.95,1,30.03,0,0.00324,0.01
11,rules,50,high,6529.52,0,33.01,0,0.015624,0.03
11,rules,51,high,3312.17,0,31.57,0,0.014692,0.03
11,rules,52,medium,7604.31,1,39.22,0,0.006035,0.02
11,rules,53,high,2579.82,0,29.01,0,0.014131,0.03
11,rules,54,low,49721.31,1,37.49,0,0.003333,0.01
11,rules,55,high,17340.86,0,36.35,0,0.0119,0.03
11,rules,56,low,33881.67,0,33.44,0,0.0021,0.01
11,rules,57,high,8328.0,1,29.0,0,0.012869,0.03
11,rules,58,high,6181.03,1,26.21,0,0.016033,0.03
11,rules,59,medium,17686.59,0,33.22,0,0.005496,0.02
11,rules,60,low,37481.23,1,36.84,0,0.003014,0.01
11,rules,61,high,11214.59,0,36.18,0,0.0079,0.03
11,rules,62,medium,10132.42,0,34.5,0,0.006016,0.02
11,rules,63,low,63784.4,1,38.16,0,0.002142,0.01
11,rules,64,low,47554.12,1,36.53,0,0.003107,0.01
11,rules,65,low,52616.64,1,30.08,0,0.002938,0.01
11,rules,66,medium,20936.13,0,31.01,0,0.005894,0.02
11,rules,67,low,34606.49,0,39.4,0,0.002063,0.01
11,rules,68,high,4378.42,0,26.63,0,0.011191,0.03
11,rules,69,medium,17671.94,0,26.65,0,0.008548,0.02
11,rules,70,medium,12636.73,1,36.25,0,0.005526,0.02
11,rules,71,high,10856.67,0,32.37,0,0.014858,0.03
11,rules,72,high,10149.0,1,35.2,0,0.011629,0.03
11,rules,73,medium,13387.25,0,32.09,0,0.004301,0.02
11,rules,74,medium,27775.72,1,34.16,0,0.005998,0.02
11,rules,75,medium,18781.85,0,36.37,0,0.0066,0.02
11,rules,76,low,45761.6,0,37.09,0,0.003762,0.01
11,rules,77,medium,11923.42,1,27.01,0,0.006163,0.02
11,rules,78,high,5808.11,1,29.94,0,0.014,0.03
11,rules,79,low,48291.25,0,33.19,0,0.00342,0.01
11,rules,80,medium,6538.05,1,32.28,0,0.005884,0.02
11,rules,81,medium,34968.35,0,35.65,0,0.00555,0.02
11,rules,82,high,8701.78,1,36.91,0,0.011374,0.03
11,rules,83,high,10135.75,0,25.66,0,0.01682,0.03
11,rules,84,high,6541.21,0,30.61,0,0.011755,0.03
11,rules,85,low,54762.87,1,34.1,0,0.00212,0.01
11,rules,86,medium,22381.47,0,34.0,0,0.005182,0.02
11,rules,87,low,46123.43,1,28.12,0,0.002793,0.01
11,rules,88,high,11567.11,0,23.93,0,0.010168,0.03
11,rules,89,high,4743.57,0,24.69,0,0.014191,0.03
11,rules,90,low,58729.22,1,26.67,0,0.00318,0.01
11,rules,91,medium,19144.15,0,30.29,0,0.005635,0.02
11,rules,92,high,10867.34,0,25.44,0,0.012324,0.03
11,rules,93,medium,24890.06,1,28.94,0,0.005766,0.02
11,rules,94,medium,22021.6,1,33.51,0,0.00675,0.02
11,rules,95,high,2941.44,0,37.46,0,0.011592,0.03
11,rules,96,medium,20198.11,1,22.57,0,0.006245,0.02
11,rules,97,high,8699.33,0,28.46,0,0.01228,0.03
11,rules,98,high,7253.87,1,31.24,0,0.01067,0.03
11,rules,99,medium,13006.63,1,34.27,0,0.005227,0.02
11,rules,100,medium,15880.85,0,29.58,0,0.006146,0.02
11,rules,101,low,49721.49,1,26.69,0,0.003016,0.01
11,rules,102,medium,23447.6,0,32.69,0,0.004218,0.02
11,rules,103,medium,11573.51,0,36.05,0,0.007458,0.02
11,rules,104,medium,8320.28,1,29.89,0,0.007365,0.02
11,rules,105,low,45766.38,1,30.02,0,0.002585,0.01
11,rules,106,medium,9776.11,0,27.36,0,0.004684,0.02
11,rules,107,medium,28843.92,0,37.61,0,0.006574,0.02
11,rules,108,medium,19114.72,1,30.51,0,0.004704,0.02
11,rules,109,high,6878.05,1,34.47,0,0.013063,0.03
11,rules,110,low,52250.54,1,34.05,0,0.003,0.01
11,rules,111,high,2224.85,0,39.91,0,0.011048,0.03
11,rules,112,high,5094.67,0,31.01,0,0.009629,0.03
11,rules,113,medium,18047.39,0,34.71,0,0.006193,0.02
11,rules,114,high,11565.4,0,33.63,0,0.016408,0.03
11,rules,115,medium,25611.8,1,29.34,0,0.005708,0.02
11,rules,116,medium,6153.3,0,35.0,0,0.005602,0.02
11,rules,117,low,43232.86,1,40.53,0,0.003139,0.01
11,rules,118,high,6534.19,0,35.48,0,0.01077,0.03
11,rules,119,low,65197.98,0,30.07,0,0.002551,0.01
12,rules,0,low,52960.07,1,39.53,0,0.002901,0.01
12,rules,1,low,56562.7,1,32.79,0,0.002497,0.01
12,rules,2,medium,25593.29,0,35.79,0,0.005873,0.02
12,rules,3,low,78895.37,1,27.94,0,0.00239,0.01
12,rules,4,medium,6881.72,1,31.63,0,0.006109,0.02
12,rules,5,high,2210.35,1,34.82,0,0.01351,0.03
12,rules,6,high,12277.78,1,28.74,0,0.008038,0.03
12,rules,7,low,56920.36,1,36.69,0,0.002467,0.01
12,rules,8,high,5818.25,0,31.29,0,0.00953,0.03
12,rules,9,low,33528.18,1,31.28,0,0.002565,0.01
12,rules,10,medium,35331.51,1,31.64,0,0.004361,0.02
12,rules,11,low,54772.0,0,29.06,0,0.003537,0.01
12,rules,12,high,5806.16,1,29.46,0,0.011074,0.03
12,rules,13,low,50431.42,1,27.6,0,0.003762,0.01
12,rules,14,high,10844.49,0,32.06,0,0.012237,0.03
12,rules,15,low,43956.0,1,32.73,0,0.002941,0.01
12,rules,16,high,7618.27,0,31.12,0,0.008986,0.03
12,rules,17,high,7258.08,1,30.14,0,0.009687,0.03
12,rules,18,medium,5082.81,1,25.63,0,0.007654,0.02
12,rules,19,medium,9410.97,0,32.89,0,0.006425,0.02
12,rules,20,low,50431.77,1,28.65,0,0.002275,0.01
12,rules,21,medium,15170.01,1,29.98,0,0.007793,0.02
12,rules,22,low,51874.01,1,32.04,0,0.002756,0.01
12,rules,23,medium,22731.4,0,30.35,0,0.006801,0.02
12,rules,24,low,52234.87,1,34.87,0,0.002732,0.01
12,rules,25,medium,15881.7,1,28.78,0,0.005788,0.02
12,rules,26,high,10134.5,0,32.84,0,0.007225,0.03
12,rules,27,medium,13012.01,0,33.84,0,0.006573,0.02
12,rules,28,medium,17677.09,0,35.99,0,0.004922,0.02
12,rules,29,low,55491.15,1,29.06,0,0.003101,0.01
12,rules,30,low,53698.59,1,32.25,0,0.002415,0.01
12,rules,31,high,13379.71,0,29.05,0,0.009673,0.03
12,rules,32,high,4356.2,1,31.83,0,0.011588,0.03
12,rules,33,medium,16602.28,0,29.6,0,0.005188,0.02
12,rules,34,medium,19477.99,1,32.78,0,0.005897,0.02
12,rules,35,high,10493.28,0,30.74,0,0.013785,0.03
12,rules,36,high,4381.5,1,29.39,0,0.015834,0.03
12,rules,37,medium,23809.85,0,35.59,0,0.006165,0.02
12,rules,38,medium,18770.83,1,28.87,0,0.00716,0.02
12,rules,39,high,7607.38,0,35.69,0,0.011347,0.03
12,rules,40,low,33511.84,1,27.21,0,0.00344,0.01
12,rules,41,medium,19843.42,0,30.35,0,0.003838,0.02
12,rules,42,high,11583.81,0,26.87,0,0.009198,0.03
12,rules,43,medium,14094.48,0,32.66,0,0.004463,0.02
12,rules,44,high,4015.2,0,35.27,0,0.014351,0.03
12,rules,45,medium,23804.72,1,25.76,0,0.005438,0.02
12,rules,46,high,3670.74,0,27.07,0,0.013902,0.03
12,rules,47,high,11215.25,1,28.52,0,0.00828,0.03
12,rules,48,medium,11575.43,0,33.3,0,0.00638,0.02
12,rules,49,medium,7612.14,0,35.91,0,0.008112,0.02
12,rules,50,high,5459.84,0,37.52,0,0.0113,0.03
12,rules,51,high,11563.9,1,27.33,0,0.009568,0.03
12,rules,52,medium,8330.0,1,37.58,0,0.004654,0.02
12,rules,53,medium,7605.57,1,34.57,0,0.005421,0.02
12,rules,54,high,9772.67,0,30.4,0,0.012721,0.03
12,rules,55,medium,13368.26,1,26.16,0,0.005979,0.02
12,rules,56,high,3633.52,0,31.1,0,0.012565,0.03
12,rules,57,high,6544.2,0,32.32,0,0.015193,0.03
12,rules,58,low,48641.89,1,29.03,0,0.00313,0.01
12,rules,59,medium,9047.36,0,27.93,0,0.006134,0.02
12,rules,60,low,50097.44,1,31.71,0,0.003196,0.01
12,rules,61,high,7256.54,0,30.95,0,0.015041,0.03
12,rules,62,high,3652.67,1,30.61,0,0.011811,0.03
12,rules,63,low,37834.98,1,34.19,0,0.004018,0.01
12,rules,64,medium,7973.47,1,35.33,0,0.007105,0.02
12,rules,65,high,3648.4,0,30.1,0,0.009937,0.03
12,rules,66,high,6546.63,0,31.83,0,0.015008,0.03
12,rules,67,medium,27051.28,0,35.24,0,0.007217,0.02
12,rules,68,medium,29558.05,1,31.03,0,0.005196,0.02
12,rules,69,high,7261.1,0,29.96,0,0.010075,0.03
12,rules,70,high,12284.28,0,28.35,0,0.008088,0.03
12,rules,71,high,5459.43,0,33.82,0,0.012664,0.03
12,rules,72,medium,19836.7,1,37.35,0,0.005497,0.02
12,rules,73,low,55478.56,0,26.25,0,0.00278,0.01
12,rules,74,medium,17680.63,0,30.05,0,0.006074,0.02
12,rules,75,low,36391.71,1,32.11,0,0.00293,0.01
12,rules,76,medium,17325.62,0,39.8,0,0.004912,0.02
12,rules,77,high,4731.98,0,33.16,0,0.009123,0.03
12,rules,78,low,23079.16,1,31.55,0,0.00323,0.01
12,rules,79,high,4015.05,0,28.56,0,0.013872,0.03
12,rules,80,low,40355.22,1,25.94,0,0.002798,0.01
12,rules,81,high,9056.08,0,24.79,0,0.012107,0.03
12,rules,82,high,15544.59,0,30.56,0,0.008379,0.03
12,rules,83,medium,30653.07,0,32.18,0,0.00628,0.02
12,rules,84,medium,22728.25,1,25.26,0,0.00355,0.02
12,rules,85,medium,25252.58,0,34.98,0,0.006145,0.02
12,rules,86,high,8694.81,0,35.98,0,0.011557,0.03
12,rules,87,medium,18413.15,1,35.1,0,0.005922,0.02
12,rules,88,low,34247.34,1,27.22,0,0.003663,0.01
12,rules,89,medium,12290.01,1,30.29,0,0.006393,0.02
12,rules,90,low,44319.83,1,27.95,0,0.003447,0.01
12,rules,91,high,5824.3,0,30.57,0,0.00852,0.03
12,rules,92,high,8330.11,0,27.83,0,0.011181,0.03
12,rules,93,medium,25241.82,0,28.7,0,0.005785,0.02
12,rules,94,medium,19859.01,0,19.33,0,0.006431,0.02
12,rules,95,low,65193.59,1,32.88,0,0.002195,0.01
12,rules,96,low,51873.1,1,31.95,0,0.003096,0.01
12,rules,97,high,7262.16,0,33.52,0,0.014508,0.03
12,rules,98,low,59077.66,0,26.36,0,0.002517,0.01
12,rules,99,medium,25609.54,1,30.13,0,0.005681,0.02
12,rules,100,low,61962.67,1,32.83,0,0.002639,0.01
12,rules,101,medium,11215.24,1,33.02,0,0.007875,0.02
12,rules,102,low,42524.17,1,30.13,0,0.002832,0.01
12,rules,103,low,37117.49,1,29.92,0,0.002923,0.01
12,rules,104,medium,21272.69,0,32.52,0,0.004744,0.02
12,rules,105,low,43596.46,1,31.52,0,0.003496,0.01
12,rules,106,low,48290.58,1,19.07,0,0.002644,0.01
12,rules,107,high,4377.54,0,31.71,0,0.010551,0.03
12,rules,108,high,13384.03,1,31.24,0,0.0095,0.03
12,rules,109,medium,20564.37,0,39.19,0,0.00672,0.02
12,rules,110,high,4367.19,1,32.32,0,0.013832,0.03
12,rules,111,medium,17700.55,1,32.23,0,0.006397,0.02
12,rules,112,low,32448.95,0,28.42,0,0.002023,0.01
12,rules,113,medium,19125.98,0,35.18,0,0.00642,0.02
12,rules,114,medium,20926.45,0,33.79,0,0.007033,0.02
12,rules,115,low,54763.54,1,33.15,0,0.002802,0.01
12,rules,116,high,4371.72,0,34.76,0,0.013082,0.03
12,rules,117,high,8339.26,0,31.55,0,0.010836,0.03
12,rules,118,high,9060.06,0,34.34,0,0.01198,0.03
12,rules,119,high,9769.72,0,24.72,0,0.010114,0.03
13,rules,0,high,9062.64,0,37.85,0,0.006048,0.03
13,rules,1,high,3660.11,0,31.67,0,0.013185,0.03
13,rules,2,low,48659.38,1,31.13,0,0.002838,0.01
13,rules,3,medium,19135.82,0,26.75,0,0.005033,0.02
13,rules,4,low,62317.13,1,33.95,0,0.003106,0.01
13,rules,5,high,2214.27,0,39.0,0,0.015211,0.03
13,rules,6,low,51154.11,0,34.32,0,0.002819,0.01
13,rules,7,low,39637.48,1,30.32,0,0.003252,0.01
13,rules,8,high,8337.11,0,34.28,0,0.013157,0.03
13,rules,9,low,45401.58,1,31.62,0,0.002739,0.01
13,rules,10,medium,15174.42,1,34.93,0,0.005401,0.02
13,rules,11,high,10846.25,1,30.83,0,0.013485,0.03
13,rules,12,medium,25237.01,0,34.27,0,0.007155,0.02
13,rules,13,low,38215.97,1,38.1,0,0.002927,0.01
13,rules,14,high,10497.43,0,28.54,0,0.010022,0.03
13,rules,15,high,10515.65,0,33.94,0,0.013334,0.03
13,rules,16,high,9790.14,1,27.04,0,0.010833,0.03
13,rules,17,medium,13721.05,1,36.4,0,0.005734,0.02
13,rules,18,low,64476.17,1,32.65,0,0.00304,0.01
13,rules,19,high,6532.81,0,26.94,0,0.012236,0.03
13,rules,20,high,4738.23,0,26.14,0,0.010645,0.03
13,rules,21,low,25233.12,1,38.28,0,0.003257,0.01
13,rules,22,medium,15886.93,0,35.55,0,0.005831,0.02
13,rules,23,medium,23446.02,0,29.37,0,0.004557,0.02
13,rules,24,high,6544.14,1,29.2,0,0.011911,0.03
13,rules,25,medium,12654.44,1,30.93,0,0.004942,0.02
13,rules,26,high,8342.87,0,34.66,0,0.010626,0.03
13,rules,27,medium,22364.9,0,33.33,0,0.006647,0.02
13,rules,28,high,11569.07,0,37.54,0,0.009117,0.03
13,rules,29,low,44316.1,1,30.82,0,0.004199,0.01
13,rules,30,low,58003.2,1,39.57,0,0.003,0.01
13,rules,31,medium,16238.65,1,37.78,0,0.006599,0.02
13,rules,32,low,52594.49,1,26.81,0,0.003336,0.01
13,rules,33,high,8339.79,0,35.57,0,0.012484,0.03
13,rules,34,low,76366.82,0,32.22,0,0.002282,0.01
13,rules,35,low,39993.74,1,31.55,0,0.00262,0.01
13,rules,36,low,63410.17,1,37.07,0,0.002892,0.01
13,rules,37,medium,20219.48,1,38.75,0,0.006471,0.02
13,rules,38,medium,16270.67,1,28.44,0,0.005054,0.02
13,rules,39,low,72396.88,1,25.8,0,0.00239,0.01
13,rules,40,high,9785.47,0,29.46,0,0.014567,0.03
13,rules,41,low,62318.54,1,33.42,0,0.002994,0.01
13,rules,42,high,6180.94,0,36.62,0,0.01003,0.03
13,rules,43,high,7251.48,0,30.72,0,0.011887,0.03
13,rules,44,medium,10114.16,1,31.11,0,0.003939,0.02
13,rules,45,low,44679.81,0,25.55,0,0.003064,0.01
13,rules,46,high,14460.2,0,34.64,0,0.011477,0.03
13,rules,47,low,31002.72,1,26.2,0,0.002607,0.01
13,rules,48,low,37841.2,1,32.46,0,0.003991,0.01
13,rules,49,high,3296.65,0,32.82,0,0.015614,0.03
13,rules,50,low,23451.6,1,32.14,0,0.003208,0.01
13,rules,51,high,7617.82,0,31.92,0,0.011958,0.03
13,rules,52,medium,15907.39,0,35.18,0,0.0077,0.02
13,rules,53,high,5813.15,0,38.16,0,0.012055,0.03
13,rules,54,low,37479.99,0,34.24,0,0.002725,0.01
13,rules,55,medium,21287.65,0,29.58,0,0.005973,0.02
13,rules,56,medium,13007.79,1,38.22,0,0.005796,0.02
13,rules,57,high,6883.07,0,36.55,0,0.010462,0.03
13,rules,58,high,11578.77,0,29.11,0,0.012572,0.03
13,rules,59,high,6898.35,1,34.32,0,0.013646,0.03
13,rules,60,high,4365.72,0,31.46,0,0.013982,0.03
13,rules,61,high,8331.61,0,35.89,0,0.012277,0.03
13,rules,62,high,7976.47,1,36.49,0,0.011487,0.03
13,rules,63,medium,21275.92,0,26.96,0,0.006031,0.02
13,rules,64,medium,7251.37,1,31.58,0,0.007168,0.02
13,rules,65,high,2938.42,0,33.98,0,0.012058,0.03
13,rules,66,medium,23808.05,0,28.67,0,0.005031,0.02
13,rules,67,low,69523.32,0,27.08,0,0.001919,0.01
13,rules,68,low,39273.43,1,31.73,0,0.002602,0.01
13,rules,69,low,32087.9,1,32.42,0,0.003091,0.01
13,rules,70,low,55483.43,1,31.09,0,0.003637,0.01
13,rules,71,medium,31735.43,1,33.85,0,0.005232,0.02
13,rules,72,medium,21647.05,0,34.99,0,0.005518,0.02
13,rules,73,medium,17688.07,0,30.01,0,0.006685,0.02
13,rules,74,high,2938.93,0,29.62,0,0.013952,0.03
13,rules,75,medium,17697.6,0,35.47,0,0.006985,0.02
13,rules,76,medium,10470.26,0,30.81,0,0.007285,0.02
13,rules,77,medium,26322.29,1,30.25,0,0.004642,0.02
13,rules,78,low,64462.27,1,30.53,0,0.002902,0.01
13,rules,79,high,7262.97,0,29.67,0,0.016415,0.03
13,rules,80,medium,19121.38,1,25.13,0,0.005131,0.02
13,rules,81,low,79611.78,1,33.66,0,0.001906,0.01
13,rules,82,low,32813.03,1,33.4,0,0.004033,0.01
13,rules,83,high,13010.39,0,31.33,0,0.015697,0.03
13,rules,84,medium,23805.28,0,35.66,0,0.007092,0.02
13,rules,85,low,46470.31,1,31.94,0,0.003728,0.01
13,rules,86,low,34610.37,1,26.68,0,0.003186,0.01
13,rules,87,high,14820.88,1,34.2,0,0.013062,0.03
13,rules,88,high,8700.95,0,22.36,0,0.013643,0.03
13,rules,89,high,7617.5,1,38.21,0,0.013709,0.03
13,rules,90,high,12652.63,0,34.18,0,0.015172,0.03
13,rules,91,low,46483.23,1,30.42,0,0.003238,0.01
13,rules,92,low,65914.84,1,35.34,0,0.002545,0.01
13,rules,93,low,42877.23,1,37.12,0,0.00306,0.01
13,rules,94,high,4371.16,1,31.79,0,0.014395,0.03
13,rules,95,high,11573.38,0,26.41,0,0.009457,0.03
13,rules,96,medium,21631.89,0,28.5,0,0.005568,0.02
13,rules,97,low,47926.5,1,31.06,0,0.002734,0.01
13,rules,98,low,38917.71,1,41.35,0,0.003466,0.01
13,rules,99,high,11216.35,0,25.01,0,0.012055,0.03
13,rules,100,high,1855.99,0,32.89,0,0.010454,0.03
13,rules,101,high,4740.68,0,30.73,0,0.012828,0.03
13,rules,102,medium,28121.67,1,33.78,0,0.00683,0.02
13,rules,103,high,5825.28,0,38.09,0,0.01434,0.03
13,rules,104,medium,9398.65,0,36.14,0,0.005789,0.02
13,rules,105,low,47189.02,1,33.79,0,0.003536,0.01
13,rules,106,medium,16610.27,0,32.88,0,0.004858,0.02
13,rules,107,high,7976.63,0,27.73,0,0.01429,0.03
13,rules,108,high,5453.69,0,29.48,0,0.00861,0.03
13,rules,109,low,69891.08,1,28.3,0,0.002061,0.01
13,rules,110,high,5815.27,0,32.21,0,0.011709,0.03
13,rules,111,high,2573.9,1,30.4,0,0.015431,0.03
13,rules,112,low,50788.75,1,28.7,0,0.003732,0.01
13,rules,113,low,35679.76,1,29.07,0,0.002966,0.01
13,rules,114,medium,20931.69,0,34.49,0,0.0062,0.02
13,rules,115,high,4368.36,0,31.34,0,0.012129,0.03
13,rules,116,medium,20933.34,0,32.29,0,0.007163,0.02
13,rules,117,low,58007.23,0,32.45,0,0.002565,0.01
13,rules,118,medium,9403.54,1,31.26,0,0.006813,0.02
13,rules,119,medium,15518.78,1,23.72,0,0.003659,0.02
14,rules,0,medium,16619.76,1,33.49,0,0.006322,0.02
14,rules,1,high,4371.33,0,32.52,0,0.009809,0.03
14,rules,2,medium,22366.82,1,33.21,0,0.00682,0.02
14,rules,3,low,80689.79,1,31.76,0,0.001486,0.01
14,rules,4,low,35697.31,0,31.67,0,0.003372,0.01
14,rules,5,low,53302.77,0,26.52,0,0.00299,0.01
14,rules,6,low,79242.52,1,35.42,0,0.002459,0.01
14,rules,7,low,41083.14,1,36.57,0,0.003651,0.01
14,rules,8,medium,20203.84,0,31.6,0,0.004525,0.02
14,rules,9,medium,10476.61,1,29.79,0,0.00494,0.02
14,rules,10,high,11946.66,1,30.41,0,0.012134,0.03
14,rules,11,high,7622.74,0,23.13,0,0.011371,0.03
14,rules,12,low,49357.01,1,20.88,0,0.003708,0.01
14,rules,13,medium,13007.24,1,33.85,0,0.00449,0.02
14,rules,14,low,52975.77,0,30.93,0,0.003583,0.01
14,rules,15,high,3660.14,0,30.1,0,0.015966,0.03
14,rules,16,medium,24165.66,1,31.94,0,0.005769,0.02
14,rules,17,medium,19477.44,1,29.39,0,0.005989,0.02
14,rules,18,low,49735.38,1,36.49,0,0.00233,0.01
14,rules,19,high,9054.74,0,29.35,0,0.01391,0.03
14,rules,20,high,4749.66,0,34.19,0,0.012043,0.03
14,rules,21,low,50068.91,1,28.4,0,0.003095,0.01
14,rules,22,medium,34596.22,1,31.86,0,0.00524,0.02
14,rules,23,low,54036.03,1,29.24,0,0.00216,0.01
14,rules,24,low,53677.15,1,28.38,0,0.003172,0.01
14,rules,25,high,9772.48,0,35.82,0,0.01251,0.03
14,rules,26,medium,18773.09,1,35.31,0,0.00526,0.02
14,rules,27,medium,21647.09,1,29.05,0,0.004241,0.02
14,rules,28,medium,17684.83,0,32.07,0,0.005641,0.02
14,rules,29,medium,21994.07,1,30.72,0,0.005981,0.02
14,rules,30,low,68437.48,1,37.78,0,0.002811,0.01
14,rules,31,medium,26334.46,0,30.41,0,0.005626,0.02
14,rules,32,medium,20208.56,0,24.13,0,0.006149,0.02
14,rules,33,medium,16242.84,0,24.83,0,0.007079,0.02
14,rules,34,low,54756.59,1,27.92,0,0.002939,0.01
14,rules,35,medium,26332.52,1,36.59,0,0.006324,0.02
14,rules,36,low,34596.55,1,31.75,0,0.003563,0.01
14,rules,37,low,51152.86,1,26.57,0,0.003592,0.01
14,rules,38,medium,17313.22,1,32.78,0,0.00659,0.02
14,rules,39,high,5093.35,1,34.55,0,0.012212,0.03
14,rules,40,low,51519.45,0,26.05,0,0.003082,0.01
14,rules,41,high,7987.54,0,27.09,0,0.012978,0.03
14,rules,42,high,4744.29,0,28.84,0,0.011728,0.03
14,rules,43,low,58013.67,1,33.45,0,0.002749,0.01
14,rules,44,low,34947.28,1,37.43,0,0.002733,0.01
14,rules,45,high,7250.8,1,31.93,0,0.010893,0.03
14,rules,46,high,13014.59,1,40.66,0,0.014966,0.03
14,rules,47,medium,20198.71,0,33.1,0,0.005912,0.02
14,rules,48,medium,15536.48,1,30.85,0,0.005271,0.02
14,rules,49,medium,10861.58,0,29.01,0,0.005927,0.02
14,rules,50,low,53341.73,1,32.62,0,0.002469,0.01
14,rules,51,high,6183.08,0,39.69,0,0.013116,0.03
14,rules,52,medium,22366.91,1,36.97,0,0.006742,0.02
14,rules,53,medium,13366.18,0,33.01,0,0.008226,0.02
14,rules,54,high,1488.09,0,32.96,0,0.011689,0.03
14,rules,55,low,56565.14,1,39.22,0,0.00317,0.01
14,rules,56,medium,19496.1,0,24.14,0,0.005109,0.02
14,rules,57,low,51526.61,1,22.79,0,0.003017,0.01
14,rules,58,medium,27766.06,0,37.08,0,0.006107,0.02
14,rules,59,medium,13711.47,0,40.47,0,0.006362,0.02
14,rules,60,medium,28849.34,1,33.26,0,0.005447,0.02
14,rules,61,low,39277.77,1,31.68,0,0.002873,0.01
14,rules,62,high,10848.45,0,27.95,0,0.010123,0.03
14,rules,63,medium,23449.28,0,27.66,0,0.007197,0.02
14,rules,64,medium,19508.89,1,28.28,0,0.006534,0.02
14,rules,65,medium,19119.13,1,31.44,0,0.006218,0.02
14,rules,66,low,38562.67,1,31.83,0,0.002862,0.01
14,rules,67,high,15174.75,0,28.29,0,0.012323,0.03
14,rules,68,high,8348.14,0,34.48,0,0.010571,0.03
14,rules,69,high,12310.64,0,29.5,0,0.011178,0.03
14,rules,70,medium,8688.3,1,27.01,0,0.004208,0.02
14,rules,71,low,48649.6,1,31.49,0,0.003194,0.01
14,rules,72,low,35685.61,1,32.27,0,0.003189,0.01
14,rules,73,low,45024.35,1,32.24,0,0.002804,0.01
14,rules,74,medium,23435.71,0,33.33,0,0.005557,0.02
14,rules,75,medium,10854.26,0,30.26,0,0.004907,0.02
14,rules,76,low,54043.66,1,29.46,0,0.002788,0.01
14,rules,77,low,39633.9,1,28.86,0,0.003523,0.01
14,rules,78,high,10494.15,0,35.59,0,0.013423,0.03
14,rules,79,medium,20208.24,1,32.16,0,0.005903,0.02
14,rules,80,low,57999.98,1,36.42,0,0.003232,0.01
14,rules,81,low,25602.9,0,28.81,0,0.002972,0.01
14,rules,82,low,60869.76,1,33.95,0,0.003034,0.01
14,rules,83,high,8696.48,0,34.08,0,0.009323,0.03
14,rules,84,low,47565.07,1,26.73,0,0.002588,0.01
14,rules,85,high,16621.07,0,28.17,0,0.010989,0.03
14,rules,86,medium,9388.3,0,32.44,0,0.005779,0.02
14,rules,87,high,3647.93,1,32.52,0,0.010034,0.03
14,rules,88,low,45036.94,1,36.93,0,0.002819,0.01
14,rules,89,high,5451.04,0,28.59,0,0.011754,0.03
14,rules,90,medium,21641.69,1,31.77,0,0.00656,0.02
14,rules,91,low,51161.82,1,27.65,0,0.002908,0.01
14,rules,92,medium,16975.7,1,33.15,0,0.004966,0.02
14,rules,93,low,52957.49,1,41.49,0,0.002923,0.01
14,rules,94,low,54757.0,1,27.31,0,0.002867,0.01
14,rules,95,high,1856.18,0,28.38,0,0.015557,0.03
14,rules,96,high,7615.17,1,38.1,0,0.011542,0.03
14,rules,97,high,9062.02,1,40.83,0,0.014192,0.03
14,rules,98,high,4017.84,0,32.6,0,0.011372,0.03
14,rules,99,medium,25963.76,0,39.29,0,0.005969,0.02
14,rules,100,high,12660.61,0,25.0,0,0.012662,0.03
14,rules,101,high,5821.59,0,27.73,0,0.01037,0.03
14,rules,102,high,7243.84,0,23.65,0,0.015316,0.03
14,rules,103,low,35321.56,1,27.01,0,0.002475,0.01
14,rules,104,high,7974.03,0,34.75,0,0.008296,0.03
14,rules,105,low,51158.66,1,27.37,0,0.003277,0.01
14,rules,106,medium,18758.59,1,37.07,0,0.006172,0.02
14,rules,107,high,8706.84,0,21.06,0,0.010471,0.03
14,rules,108,low,65564.83,1,32.7,0,0.002919,0.01
14,rules,109,high,2923.79,0,36.62,0,0.010298,0.03
14,rules,110,high,6535.98,0,33.55,0,0.014979,0.03
14,rules,111,medium,13740.83,0,28.15,0,0.004547,0.02
14,rules,112,medium,16956.37,1,32.82,0,0.005761,0.02
14,rules,113,high,10127.64,0,33.43,0,0.014394,0.03
14,rules,114,high,10476.6,0,35.58,0,0.01303,0.03
14,rules,115,high,9782.88,0,32.86,0,0.010485,0.03
14,rules,116,high,10144.08,0,36.88,0,0.013195,0.03
14,rules,117,medium,11567.66,0,29.93,0,0.006093,0.02
14,rules,118,low,47550.32,1,32.84,0,0.00326,0.01
14,rules,119,low,50798.6,1,30.21,0,0.002041,0.01
15,rules,0,low,45768.9,1,29.33,0,0.00323,0.01
15,rules,1,high,5830.79,1,30.94,0,0.012972,0.03
15,rules,2,high,7255.63,0,32.9,0,0.008203,0.03
15,rules,3,medium,27039.91,1,33.21,0,0.004217,0.02
15,rules,4,high,7969.19,0,33.05,0,0.012118,0.03
15,rules,5,medium,23803.98,1,28.23,0,0.006515,0.02
15,rules,6,high,8692.57,0,26.51,0,0.011705,0.03
15,rules,7,medium,9787.74,0,36.03,0,0.007607,0.02
15,rules,8,high,18770.68,0,26.82,0,0.006851,0.03
15,rules,9,high,6181.92,0,29.33,0,0.011918,0.03
15,rules,10,medium,23090.2,0,27.58,0,0.006847,0.02
15,rules,11,high,8338.14,0,35.07,0,0.014596,0.03
15,rules,12,low,56559.39,1,25.34,0,0.003062,0.01
15,rules,13,medium,24162.88,1,34.28,0,0.00536,0.02
15,rules,14,low,47210.63,0,33.06,0,0.003253,0.01
15,rules,15,low,48280.84,0,28.66,0,0.003724,0.01
15,rules,16,medium,16964.59,0,30.33,0,0.007145,0.02
15,rules,17,low,63752.35,0,35.51,0,0.001972,0.01
15,rules,18,high,9059.68,0,36.82,0,0.011775,0.03
15,rules,19,high,5808.0,0,33.66,0,0.013455,0.03
15,rules,20,high,7967.74,0,33.68,0,0.016148,0.03
15,rules,21,medium,18761.83,0,29.5,0,0.006181,0.02
15,rules,22,high,11202.36,1,30.35,0,0.013408,0.03
15,rules,23,medium,20932.37,1,32.98,0,0.00697,0.02
15,rules,24,low,40731.59,1,26.67,0,0.00371,0.01
15,rules,25,high,7261.62,0,36.67,0,0.010036,0.03
15,rules,26,high,9400.32,0,34.64,0,0.012223,0.03
15,rules,27,medium,11925.28,1,33.4,0,0.005014,0.02
15,rules,28,medium,4731.72,0,28.98,0,0.006527,0.02
15,rules,29,low,67015.74,1,34.4,0,0.002615,0.01
15,rules,30,low,58017.38,1,30.93,0,0.002987,0.01
15,rules,31,low,52956.44,1,31.15,0,0.002996,0.01
15,rules,32,high,3298.67,0,37.95,0,0.011774,0.03
15,rules,33,medium,24894.47,1,36.44,0,0.005738,0.02
15,rules,34,medium,30995.45,0,33.8,0,0.004918,0.02
15,rules,35,low,41079.92,1,34.37,0,0.003393,0.01
15,rules,36,medium,37136.43,1,33.21,0,0.004994,0.02
15,rules,37,medium,11573.27,1,30.02,0,0.005666,0.02
15,rules,38,medium,13020.52,1,27.61,0,0.006681,0.02
15,rules,39,low,61955.87,1,28.04,0,0.002764,0.01
15,rules,40,medium,27410.3,0,35.95,0,0.004934,0.02
15,rules,41,low,72402.29,1,31.18,0,0.002715,0.01
15,rules,42,low,63396.86,1,30.55,0,0.002595,0.01
15,rules,43,medium,11218.18,0,27.2,0,0.007449,0.02
15,rules,44,low,43600.22,1,31.41,0,0.003363,0.01
15,rules,45,low,68796.28,0,36.19,0,0.002145,0.01
15,rules,46,low,53680.94,1,26.28,0,0.002493,0.01
15,rules,47,medium,8687.66,1,30.24,0,0.004419,0.02
15,rules,48,medium,15884.94,0,26.52,0,0.004962,0.02
15,rules,49,high,8352.26,0,33.93,0,0.012181,0.03
15,rules,50,medium,11217.97,1,32.0,0,0.004082,0.02
15,rules,51,medium,9052.1,0,29.84,0,0.007065,0.02
15,rules,52,low,56548.26,1,39.02,0,0.003364,0.01
15,rules,53,high,3665.16,0,28.39,0,0.010921,0.03
15,rules,54,high,12299.59,0,24.69,0,0.009671,0.03
15,rules,55,low,58001.48,1,39.63,0,0.003239,0.01
15,rules,56,low,59084.41,1,33.85,0,0.002148,0.01
15,rules,57,medium,18048.49,0,31.92,0,0.006934,0.02
15,rules,58,high,5453.2,0,35.07,0,0.009757,0.03
15,rules,59,medium,20561.91,1,34.53,0,0.005805,0.02
15,rules,60,low,54398.54,1,29.84,0,0.003376,0.01
15,rules,61,high,3291.89,0,41.09,0,0.014877,0.03
15,rules,62,high,6886.18,0,30.27,0,0.013516,0.03
15,rules,63,medium,17323.71,0,36.67,0,0.005339,0.02
15,rules,64,high,9429.81,0,31.79,0,0.012848,0.03
15,rules,65,high,6901.45,0,30.61,0,0.010059,0.03
15,rules,66,high,7619.55,1,30.58,0,0.008487,0.03
15,rules,67,low,55475.3,1,32.63,0,0.002743,0.01
15,rules,68,medium,23449.45,1,30.16,0,0.004906,0.02
15,rules,69,low,60520.38,1,36.07,0,0.002188,0.01
15,rules,70,low,37467.68,1,31.88,0,0.003139,0.01
15,rules,71,low,70599.98,1,31.5,0,0.002225,0.01
15,rules,72,low,95797.67,0,30.76,0,0.001854,0.01
15,rules,73,low,37474.86,1,28.01,0,0.003468,0.01
15,rules,74,low,75991.03,1,34.41,0,0.002472,0.01
15,rules,75,low,43246.45,1,30.15,0,0.003068,0.01
15,rules,76,medium,9037.57,0,31.01,0,0.005041,0.02
15,rules,77,medium,3636.46,1,29.6,0,0.005658,0.02
15,rules,78,high,11929.65,1,39.4,0,0.010883,0.03
15,rules,79,medium,30285.76,1,31.13,0,0.005407,0.02
15,rules,80,high,1481.6,1,35.99,0,0.013726,0.03
15,rules,81,low,32804.43,1,27.64,0,0.003877,0.01
15,rules,82,medium,17317.77,1,31.63,0,0.004806,0.02
15,rules,83,medium,2212.82,1,34.43,0,0.008245,0.02
15,rules,84,medium,11202.55,0,29.77,0,0.004599,0.02
15,rules,85,low,44679.34,0,25.21,0,0.002946,0.01
15,rules,86,high,4375.78,1,28.89,0,0.01299,0.03
15,rules,87,high,7973.35,0,35.26,0,0.012595,0.03
15,rules,88,medium,7964.79,0,36.92,0,0.005585,0.02
15,rules,89,medium,12642.28,1,35.96,0,0.00536,0.02
15,rules,90,low,36052.77,0,29.11,0,0.002657,0.01
15,rules,91,medium,21639.18,0,22.91,0,0.006826,0.02
15,rules,92,low,66642.61,1,32.44,0,0.00277,0.01
15,rules,93,low,72032.48,0,24.04,0,0.002295,0.01
15,rules,94,low,87152.15,1,26.81,0,0.001842,0.01
15,rules,95,medium,15894.9,0,33.97,0,0.004868,0.02
15,rules,96,low,61961.19,0,33.79,0,0.0027,0.01
15,rules,97,high,5462.34,0,36.72,0,0.015631,0.03
15,rules,98,low,49363.29,1,30.86,0,0.003386,0.01
15,rules,99,medium,7586.99,1,27.97,0,0.006908,0.02
15,rules,100,medium,20563.03,1,32.68,0,0.007141,0.02
15,rules,101,medium,34259.19,0,30.71,0,0.005434,0.02
15,rules,102,low,50081.39,0,29.92,0,0.003423,0.01
15,rules,103,medium,14451.5,0,23.81,0,0.007229,0.02
15,rules,104,low,74922.08,0,36.12,0,0.002411,0.01
15,rules,105,high,8334.82,0,33.56,0,0.012405,0.03
15,rules,106,medium,12287.77,0,34.35,0,0.00881,0.02
15,rules,107,low,40364.09,1,33.66,0,0.003042,0.01
15,rules,108,medium,8315.58,1,28.47,0,0.00734,0.02
15,rules,109,high,8693.56,0,31.88,0,0.012428,0.03
15,rules,110,medium,22726.22,1,32.1,0,0.00364,0.02
15,rules,111,low,47196.78,1,27.03,0,0.003653,0.01
15,rules,112,medium,7615.62,0,33.89,0,0.004931,0.02
15,rules,113,low,74915.08,1,32.21,0,0.002606,0.01
15,rules,114,medium,18039.95,0,37.23,0,0.005808,0.02
15,rules,115,high,2216.91,1,33.71,0,0.010712,0.03
15,rules,116,low,48278.45,1,40.02,0,0.003163,0.01
15,rules,117,medium,11934.67,1,38.75,0,0.004807,0.02
15,rules,118,medium,29924.25,0,28.45,0,0.006707,0.02
15,rules,119,high,8321.42,1,39.95,0,0.011961,0.03
16,rules,0,medium,18402.29,0,32.75,0,0.006092,0.02
16,rules,1,low,47201.32,1,30.12,0,0.003444,0.01
16,rules,2,medium,16606.71,1,28.59,0,0.006327,0.02
16,rules,3,low,66266.36,0,36.83,0,0.002796,0.01
16,rules,4,medium,15162.62,1,33.25,0,0.005759,0.02
16,rules,5,low,49359.12,1,28.2,0,0.002736,0.01
16,rules,6,high,11566.71,1,32.33,0,0.011068,0.03
16,rules,7,low,49722.51,1,33.22,0,0.002781,0.01
16,rules,8,high,5448.65,0,37.14,0,0.009604,0.03
16,rules,9,high,8706.34,0,32.61,0,0.011369,0.03
16,rules,10,high,13016.01,0,34.74,0,0.010531,0.03
16,rules,11,high,4742.39,0,29.26,0,0.007614,0.03
16,rules,12,high,5101.51,0,33.15,0,0.012031,0.03
16,rules,13,medium,20207.43,1,31.06,0,0.005332,0.02
16,rules,14,low,55478.22,1,29.02,0,0.002778,0.01
16,rules,15,high,1860.31,0,37.3,0,0.01269,0.03
16,rules,16,low,50801.46,1,30.71,0,0.003346,0.01
16,rules,17,high,7614.0,1,31.74,0,0.012813,0.03
16,rules,18,medium,13005.32,0,30.36,0,0.006736,0.02
16,rules,19,high,13754.68,0,30.96,0,0.013994,0.03
16,rules,20,medium,11552.22,0,35.67,0,0.005448,0.02
16,rules,21,medium,14085.94,0,33.5,0,0.005221,0.02
16,rules,22,medium,20573.54,0,38.45,0,0.00658,0.02
16,rules,23,medium,27412.15,1,36.32,0,0.004533,0.02
16,rules,24,low,49719.79,1,31.27,0,0.002613,0.01
16,rules,25,low,54412.1,1,34.88,0,0.002202,0.01
16,rules,26,low,42512.07,1,30.72,0,0.003033,0.01
16,rules,27,medium,32094.65,1,36.41,0,0.003022,0.02
16,rules,28,high,2940.1,0,30.29,0,0.012547,0.03
16,rules,29,medium,16619.97,1,28.19,0,0.006789,0.02
16,rules,30,high,2221.08,1,33.44,0,0.013194,0.03
16,rules,31,high,9773.95,0,31.77,0,0.011659,0.03
16,rules,32,low,52960.77,1,28.93,0,0.00282,0.01
16,rules,33,medium,18040.55,1,36.05,0,0.005183,0.02
16,rules,34,medium,18031.42,0,35.63,0,0.006726,0.02
16,rules,35,high,4734.28,1,29.92,0,0.012701,0.03
16,rules,36,low,68082.28,1,30.75,0,0.002679,0.01
16,rules,37,medium,24891.32,1,30.75,0,0.005082,0.02
16,rules,38,low,64124.7,1,37.27,0,0.00312,0.01
16,rules,39,low,60875.24,0,32.25,0,0.002267,0.01
16,rules,40,low,44667.59,1,39.37,0,0.002884,0.01
16,rules,41,low,51157.75,1,32.37,0,0.002758,0.01
16,rules,42,high,6549.24,0,34.98,0,0.011102,0.03
16,rules,43,low,56196.22,1,33.63,0,0.003113,0.01
16,rules,44,high,6173.43,0,33.24,0,0.01387,0.03
16,rules,45,high,9416.7,1,37.53,0,0.014772,0.03
16,rules,46,low,42529.93,1,29.5,0,0.00304,0.01
16,rules,47,medium,19121.74,1,33.84,0,0.006225,0.02
16,rules,48,high,4348.73,0,34.71,0,0.012936,0.03
16,rules,49,high,5451.72,1,27.08,0,0.013975,0.03
16,rules,50,high,9414.91,1,34.79,0,0.012505,0.03
16,rules,51,high,5098.35,0,37.11,0,0.010642,0.03
16,rules,52,medium,16957.77,0,31.55,0,0.006603,0.02
16,rules,53,low,36046.45,1,34.13,0,0.003429,0.01
16,rules,54,medium,17691.8,0,32.18,0,0.008575,0.02
16,rules,55,medium,9410.36,0,30.61,0,0.007053,0.02
16,rules,56,medium,13728.36,1,31.11,0,0.005455,0.02
16,rules,57,high,9407.02,0,33.77,0,0.012065,0.03
16,rules,58,low,42149.38,0,31.53,0,0.003335,0.01
16,rules,59,high,5104.16,0,25.24,0,0.010252,0.03
16,rules,60,medium,17327.28,0,29.29,0,0.006311,0.02
16,rules,61,low,69519.38,1,37.97,0,0.00244,0.01
16,rules,62,high,2932.63,0,28.73,0,0.010254,0.03
16,rules,63,low,35329.85,1,35.14,0,0.003892,0.01
16,rules,64,low,40347.86,1,34.37,0,0.003758,0.01
16,rules,65,low,42519.42,1,24.19,0,0.003164,0.01
16,rules,66,medium,24880.96,0,27.03,0,0.005011,0.02
16,rules,67,medium,16243.79,0,29.34,0,0.005356,0.02
16,rules,68,low,42152.42,1,34.29,0,0.003342,0.01
16,rules,69,medium,19841.23,0,23.16,0,0.005685,0.02
16,rules,70,medium,9053.62,1,30.57,0,0.006346,0.02
16,rules,71,high,15528.11,0,38.12,0,0.007899,0.03
16,rules,72,medium,18048.61,0,28.41,0,0.006493,0.02
16,rules,73,high,7973.38,0,34.54,0,0.012384,0.03
16,rules,74,medium,23105.1,1,41.43,0,0.005933,0.02
16,rules,75,medium,23452.59,1,30.72,0,0.005783,0.02
16,rules,76,high,10505.66,1,40.0,0,0.009431,0.03
16,rules,77,low,30278.99,0,30.06,0,0.002548,0.01
16,rules,78,high,7610.61,1,38.76,0,0.009508,0.03
16,rules,79,high,12295.31,0,37.06,0,0.012275,0.03
16,rules,80,high,1488.07,0,36.82,0,0.010293,0.03
16,rules,81,high,5452.18,0,34.39,0,0.011615,0.03
16,rules,82,medium,14816.84,1,28.15,0,0.0057,0.02
16,rules,83,medium,19129.15,1,24.99,0,0.00757,0.02
16,rules,84,high,9771.15,0,29.06,0,0.009689,0.03
16,rules,85,low,52612.91,1,38.94,0,0.003605,0.01
16,rules,86,low,70598.04,1,34.32,0,0.00248,0.01
16,rules,87,low,57661.34,1,27.13,0,0.003043,0.01
16,rules,88,high,2929.64,0,28.87,0,0.013405,0.03
16,rules,89,medium,18051.08,0,29.14,0,0.006689,0.02
16,rules,90,low,47571.89,1,34.35,0,0.002679,0.01
16,rules,91,high,12303.42,0,29.71,0,0.009302,0.03
16,rules,92,medium,17325.37,0,28.75,0,0.005277,0.02
16,rules,93,medium,19849.8,0,31.27,0,0.007592,0.02
16,rules,94,medium,10122.38,1,37.36,0,0.005658,0.02
16,rules,95,low,46841.09,1,27.2,0,0.00314,0.01
16,rules,96,low,79609.61,1,31.99,0,0.002211,0.01
16,rules,97,low,45764.09,1,28.95,0,0.003326,0.01
16,rules,98,low,53670.73,1,29.6,0,0.003524,0.01
16,rules,99,low,46474.01,1,36.98,0,0.003253,0.01
16,rules,100,medium,9046.05,0,35.01,0,0.006836,0.02
16,rules,101,low,70235.06,1,30.6,0,0.002633,0.01
16,rules,102,high,6877.71,0,32.55,0,0.013637,0.03
16,rules,103,low,24151.0,0,34.56,0,0.003244,0.01
16,rules,104,high,1514.03,0,33.73,0,0.015233,0.03
16,rules,105,low,53693.17,1,22.18,0,0.002962,0.01
16,rules,106,medium,14808.49,0,33.0,0,0.008497,0.02
16,rules,107,low,32450.49,0,39.38,0,0.00279,0.01
16,rules,108,medium,20931.51,1,34.33,0,0.00615,0.02
16,rules,109,medium,13722.77,0,38.06,0,0.005785,0.02
16,rules,110,low,39656.43,1,28.0,0,0.002679,0.01
16,rules,111,high,3289.58,0,26.69,0,0.010727,0.03
16,rules,112,medium,11551.19,0,38.11,0,0.006456,0.02
16,rules,113,high,11941.18,1,35.86,0,0.012653,0.03
16,rules,114,high,9415.43,0,29.24,0,0.013268,0.03
16,rules,115,low,43574.7,1,32.05,0,0.003446,0.01
16,rules,116,high,10854.35,0,32.51,0,0.011988,0.03
16,rules,117,low,41431.01,0,33.8,0,0.003153,0.01
16,rules,118,low,65577.11,0,32.48,0,0.002304,0.01
16,rules,119,high,4729.16,0,27.48,0,0.014745,0.03
17,rules,0,high,3291.05,0,39.13,0,0.015205,0.03
17,rules,1,medium,14090.77,0,31.03,0,0.007036,0.02
17,rules,2,medium,21989.34,0,32.09,0,0.00747,0.02
17,rules,3,low,51526.62,1,30.14,0,0.00319,0.01
17,rules,4,medium,11931.94,0,28.19,0,0.00782,0.02
17,rules,5,low,35685.58,1,26.53,0,0.003231,0.01
17,rules,6,high,8694.19,1,35.25,0,0.012801,0.03
17,rules,7,low,42522.7,0,38.01,0,0.003304,0.01
17,rules,8,medium,10131.93,0,30.06,0,0.004979,0.02
17,rules,9,high,2586.31,0,28.74,0,0.009447,0.03
17,rules,10,high,7979.46,0,30.42,0,0.013146,0.03
17,rules,11,high,3297.87,1,36.21,0,0.013401,0.03
17,rules,12,high,3662.26,0,39.33,0,0.013486,0.03
17,rules,13,low,57652.09,1,32.57,0,0.003231,0.01
17,rules,14,low,51882.96,1,36.43,0,0.002975,0.01
17,rules,15,high,4370.39,0,37.16,0,0.012619,0.03
17,rules,16,high,6177.1,0,30.81,0,0.013523,0.03
17,rules,17,low,58715.98,0,37.31,0,0.003204,0.01
17,rules,18,high,6885.48,0,35.27,0,0.011241,0.03
17,rules,19,low,54039.34,1,31.22,0,0.003165,0.01
17,rules,20,low,43602.16,1,26.75,0,0.002524,0.01
17,rules,21,high,1856.03,0,32.23,0,0.010851,0.03
17,rules,22,high,7612.68,0,25.4,0,0.013151,0.03
17,rules,23,low,40710.79,1,36.83,0,0.003433,0.01
17,rules,24,medium,5091.89,1,33.33,0,0.007856,0.02
17,rules,25,medium,21291.41,0,28.25,0,0.005639,0.02
17,rules,26,high,6895.3,1,27.84,0,0.014358,0.03
17,rules,27,medium,10487.02,1,36.79,0,0.005026,0.02
17,rules,28,low,55118.6,1,26.02,0,0.002819,0.01
17,rules,29,high,5812.9,1,33.69,0,0.014951,0.03
17,rules,30,medium,27759.76,1,35.27,0,0.005344,0.02
17,rules,31,low,76369.48,1,31.01,0,0.002191,0.01
17,rules,32,high,5811.45,0,25.99,0,0.01202,0.03
17,rules,33,low,50075.74,1,26.5,0,0.003364,0.01
17,rules,34,medium,12634.79,1,35.1,0,0.006308,0.02
17,rules,35,medium,26683.35,0,28.99,0,0.005362,0.02
17,rules,36,high,2941.12,1,22.3,0,0.010427,0.03
17,rules,37,medium,11563.76,1,29.23,0,0.005991,0.02
17,rules,38,high,6885.99,0,35.69,0,0.012498,0.03
17,rules,39,high,7610.33,0,31.47,0,0.014019,0.03
17,rules,40,medium,11214.19,0,29.57,0,0.007052,0.02
17,rules,41,medium,11560.28,1,35.14,0,0.006708,0.02
17,rules,42,high,6904.58,0,29.44,0,0.009951,0.03
17,rules,43,medium,12641.61,1,38.87,0,0.004766,0.02
17,rules,44,high,6894.8,0,29.25,0,0.010065,0.03
17,rules,45,low,40008.25,0,30.78,0,0.004325,0.01
17,rules,46,medium,23446.41,1,30.3,0,0.006248,0.02
17,rules,47,low,37857.34,0,25.25,0,0.002596,0.01
17,rules,48,high,13387.18,0,32.27,0,0.012686,0.03
17,rules,49,medium,25965.7,1,25.14,0,0.004881,0.02
17,rules,50,high,9775.07,0,38.23,0,0.009001,0.03
17,rules,51,high,3649.33,0,34.75,0,0.012637,0.03
17,rules,52,high,6542.29,0,36.29,0,0.017106,0.03
17,rules,53,medium,13013.41,1,38.21,0,0.006959,0.02
17,rules,54,high,7977.32,0,28.63,0,0.011889,0.03
17,rules,55,medium,13734.93,1,28.38,0,0.006332,0.02
17,rules,56,low,57285.82,1,32.45,0,0.002941,0.01
17,rules,57,high,10848.13,0,33.17,0,0.011897,0.03
17,rules,58,high,14807.74,1,44.31,0,0.00957,0.03
17,rules,59,high,6536.68,0,28.68,0,0.015703,0.03
17,rules,60,medium,20579.95,1,42.3,0,0.005204,0.02
17,rules,61,high,13009.07,0,33.8,0,0.015498,0.03
17,rules,62,medium,16971.61,0,37.76,0,0.005706,0.02
17,rules,63,low,50071.7,1,31.6,0,0.003739,0.01
17,rules,64,medium,18035.65,1,39.2,0,0.006411,0.02
17,rules,65,high,9773.24,0,30.25,0,0.013833,0.03
17,rules,66,low,33875.44,1,34.6,0,0.003048,0.01
17,rules,67,high,5824.27,0,35.63,0,0.013834,0.03
17,rules,68,medium,12658.37,1,33.56,0,0.007371,0.02
17,rules,69,medium,16965.59,1,29.37,0,0.005826,0.02
17,rules,70,low,52219.04,1,27.81,0,0.003253,0.01
17,rules,71,low,47565.08,1,30.41,0,0.003746,0.01
17,rules,72,medium,20572.23,0,34.3,0,0.004903,0.02
17,rules,73,high,10502.47,1,38.1,0,0.01328,0.03
17,rules,74,low,58010.0,1,37.84,0,0.002769,0.01
17,rules,75,low,32078.69,1,30.38,0,0.003257,0.01
17,rules,76,low,49714.18,1,25.54,0,0.002642,0.01
17,rules,77,high,17702.83,0,24.57,0,0.011283,0.03
17,rules,78,low,46485.7,1,25.76,0,0.00406,0.01
17,rules,79,medium,19849.92,0,36.37,0,0.007965,0.02
17,rules,80,high,4016.85,0,24.64,0,0.012366,0.03
17,rules,81,medium,22368.28,1,37.89,0,0.004789,0.02
17,rules,82,low,33155.17,0,28.84,0,0.002743,0.01
17,rules,83,low,60158.14,1,28.63,0,0.002567,0.01
17,rules,84,high,8714.44,0,36.29,0,0.013881,0.03
17,rules,85,medium,28853.56,0,28.8,0,0.006255,0.02
17,rules,86,low,40357.18,1,33.99,0,0.003415,0.01
17,rules,87,low,41788.75,1,33.17,0,0.003451,0.01
17,rules,88,low,24884.42,0,36.27,0,0.002534,0.01
17,rules,89,medium,24162.07,0,38.69,0,0.005944,0.02
17,rules,90,medium,9053.1,1,32.19,0,0.006364,0.02
17,rules,91,medium,22008.52,1,35.48,0,0.005274,0.02
17,rules,92,low,55116.8,1,32.12,0,0.002727,0.01
17,rules,93,medium,16601.7,0,32.58,0,0.00577,0.02
17,rules,94,medium,14813.45,1,33.36,0,0.006536,0.02
17,rules,95,high,5108.14,0,30.9,0,0.015335,0.03
17,rules,96,low,44315.0,0,34.92,0,0.003101,0.01
17,rules,97,high,13728.89,0,38.54,0,0.014754,0.03
17,rules,98,low,76014.53,1,30.89,0,0.002467,0.01
17,rules,99,low,44666.68,1,29.71,0,0.002506,0.01
17,rules,100,medium,20940.92,0,27.23,0,0.005374,0.02
17,rules,101,low,54759.72,1,35.0,0,0.002767,0.01
17,rules,102,high,4751.09,1,28.86,0,0.010501,0.03
17,rules,103,medium,25962.68,1,28.49,0,0.005891,0.02
17,rules,104,high,3297.33,0,28.75,0,0.014033,0.03
17,rules,105,low,51875.58,1,35.2,0,0.002595,0.01
17,rules,106,low,32444.69,1,25.07,0,0.003212,0.01
17,rules,107,medium,15516.2,1,31.22,0,0.004009,0.02
17,rules,108,low,39642.19,1,32.4,0,0.002837,0.01
17,rules,109,medium,19124.43,0,35.96,0,0.005703,0.02
17,rules,110,high,7257.15,0,32.58,0,0.012273,0.03
17,rules,111,medium,26683.84,1,24.82,0,0.00496,0.02
17,rules,112,low,41446.37,1,31.72,0,0.003279,0.01
17,rules,113,high,10129.67,0,34.49,0,0.007525,0.03
17,rules,114,medium,14448.17,0,32.38,0,0.005911,0.02
17,rules,115,high,6904.98,0,28.46,0,0.014268,0.03
17,rules,116,low,44677.99,1,30.34,0,0.004198,0.01
17,rules,117,medium,6890.01,1,32.5,0,0.006418,0.02
17,rules,118,high,7981.27,0,31.79,0,0.013966,0.03
17,rules,119,medium,19135.53,1,35.53,0,0.006643,0.02
18,rules,0,low,48647.36,0,29.31,0,0.002819,0.01
18,rules,1,low,74566.78,1,25.84,0,0.00255,0.01
18,rules,2,medium,10848.25,0,29.99,0,0.007926,0.02
18,rules,3,high,4737.77,0,34.8,0,0.008005,0.03
18,rules,4,medium,23806.33,1,33.03,0,0.00614,0.02
18,rules,5,high,8683.97,0,27.16,0,0.009514,0.03
18,rules,6,low,50445.05,1,26.06,0,0.003302,0.01
18,rules,7,high,5095.46,0,34.75,0,0.01312,0.03
18,rules,8,medium,9769.92,0,31.92,0,0.005926,0.02
18,rules,9,high,16264.65,0,27.6,0,0.011148,0.03
18,rules,10,high,10150.21,1,33.79,0,0.013959,0.03
18,rules,11,medium,18754.09,0,29.95,0,0.007208,0.02
18,rules,12,low,56928.02,0,33.98,0,0.003136,0.01
18,rules,13,low,51867.88,1,28.21,0,0.003821,0.01
18,rules,14,medium,16957.68,0,35.72,0,0.007411,0.02
18,rules,15,low,64495.39,1,31.02,0,0.002438,0.01
18,rules,16,low,49016.44,1,27.79,0,0.00272,0.01
18,rules,17,medium,25962.41,0,39.46,0,0.006514,0.02
18,rules,18,high,15183.6,1,32.13,0,0.00846,0.03
18,rules,19,medium,9041.63,1,32.92,0,0.005747,0.02
18,rules,20,medium,11922.76,0,32.27,0,0.005478,0.02
18,rules,21,low,37840.53,1,29.31,0,0.00262,0.01
18,rules,22,high,11950.1,0,27.61,0,0.010613,0.03
18,rules,23,high,12300.92,0,41.76,0,0.013743,0.03
18,rules,24,high,4371.66,0,36.7,0,0.014501,0.03
18,rules,25,high,9061.92,0,35.66,0,0.011513,0.03
18,rules,26,medium,7595.07,0,38.29,0,0.005349,0.02
18,rules,27,high,10497.01,0,34.32,0,0.016361,0.03
18,rules,28,medium,7240.23,0,24.76,0,0.004871,0.02
18,rules,29,high,2936.51,0,34.02,0,0.012009,0.03
18,rules,30,low,37486.21,0,27.27,0,0.004011,0.01
18,rules,31,high,10502.82,0,38.07,0,0.012567,0.03
18,rules,32,medium,34238.27,0,31.23,0,0.005254,0.02
18,rules,33,low,43604.65,1,28.44,0,0.003156,0.01
18,rules,34,medium,20930.2,1,33.38,0,0.005524,0.02
18,rules,35,medium,18771.7,0,43.56,0,0.006232,0.02
18,rules,36,low,64839.51,1,34.48,0,0.002587,0.01
18,rules,37,high,7617.53,0,30.44,0,0.014524,0.03
18,rules,38,low,62317.22,1,25.13,0,0.002989,0.01
18,rules,39,high,6164.75,0,31.87,0,0.013224,0.03
18,rules,40,high,6897.04,0,31.6,0,0.01408,0.03
18,rules,41,low,68083.31,0,35.58,0,0.00232,0.01
18,rules,42,high,13026.24,0,35.59,0,0.010349,0.03
18,rules,43,low,47571.5,0,34.91,0,0.003315,0.01
18,rules,44,low,55835.71,1,38.3,0,0.002983,0.01
18,rules,45,low,31005.74,1,36.9,0,0.002482,0.01
18,rules,46,low,57282.8,1,35.19,0,0.002944,0.01
18,rules,47,low,40715.14,0,34.55,0,0.002806,0.01
18,rules,48,low,41433.77,1,35.26,0,0.003041,0.01
18,rules,49,low,72044.81,1,35.25,0,0.002378,0.01
18,rules,50,high,4021.0,0,31.99,0,0.009049,0.03
18,rules,51,high,7616.52,0,41.26,0,0.012406,0.03
18,rules,52,medium,14455.5,1,35.74,0,0.00539,0.02
18,rules,53,low,57644.1,1,28.48,0,0.003309,0.01
18,rules,54,medium,30285.08,0,23.9,0,0.006468,0.02
18,rules,55,high,3656.23,0,41.01,0,0.01271,0.03
18,rules,56,high,11931.61,1,32.29,0,0.01035,0.03
18,rules,57,low,64831.43,1,35.52,0,0.00256,0.01
18,rules,58,high,6903.83,0,26.08,0,0.008125,0.03
18,rules,59,low,65217.72,1,31.41,0,0.002937,0.01
18,rules,60,medium,15536.27,0,35.67,0,0.007636,0.02
18,rules,61,high,6529.56,1,25.1,0,0.013206,0.03
18,rules,62,medium,22735.99,1,29.77,0,0.006114,0.02
18,rules,63,high,14435.03,1,27.62,0,0.010837,0.03
18,rules,64,low,60874.49,0,33.52,0,0.002919,0.01
18,rules,65,high,12662.18,0,37.19,0,0.01222,0.03
18,rules,66,medium,11558.33,1,34.05,0,0.007378,0.02
18,rules,67,high,5096.42,0,40.08,0,0.008296,0.03
18,rules,68,high,10140.39,1,41.95,0,0.008879,0.03
18,rules,69,low,43604.98,1,35.85,0,0.002969,0.01
18,rules,70,high,4021.53,0,27.59,0,0.013486,0.03
18,rules,71,high,2209.46,0,33.4,0,0.012553,0.03
18,rules,72,high,11587.2,0,34.93,0,0.008543,0.03
18,rules,73,medium,15167.3,0,25.78,0,0.006714,0.02
18,rules,74,medium,33167.68,1,33.53,0,0.004601,0.02
18,rules,75,medium,12645.44,1,31.46,0,0.006283,0.02
18,rules,76,medium,26323.9,1,24.2,0,0.005689,0.02
18,rules,77,medium,19479.51,0,30.46,0,0.006447,0.02
18,rules,78,high,10138.56,0,37.78,0,0.012657,0.03
18,rules,79,medium,8327.02,0,27.97,0,0.005534,0.02
18,rules,80,medium,12642.28,1,38.37,0,0.004943,0.02
18,rules,81,high,781.44,1,26.13,0,0.012293,0.03
18,rules,82,medium,18043.5,1,37.02,0,0.006941,0.02
18,rules,83,high,11931.77,0,29.35,0,0.010181,0.03
18,rules,84,high,8705.68,0,35.09,0,0.008166,0.03
18,rules,85,high,10137.18,1,29.29,0,0.01439,0.03
18,rules,86,medium,12281.56,1,31.27,0,0.005249,0.02
18,rules,87,low,48637.39,1,25.15,0,0.00276,0.01
18,rules,88,medium,12643.75,1,29.23,0,0.004983,0.02
18,rules,89,low,72404.61,1,30.06,0,0.002423,0.01
18,rules,90,high,9426.75,0,37.31,0,0.010362,0.03
18,rules,91,low,45393.17,1,32.4,0,0.003655,0.01
18,rules,92,low,56909.12,1,33.12,0,0.002995,0.01
18,rules,93,medium,21288.71,1,30.01,0,0.006356,0.02
18,rules,94,low,33147.99,1,32.55,0,0.00342,0.01
18,rules,95,high,3654.28,0,31.3,0,0.010781,0.03
18,rules,96,high,4732.54,0,22.71,0,0.010662,0.03
18,rules,97,high,7253.75,0,31.49,0,0.01235,0.03
18,rules,98,medium,16250.64,0,32.48,0,0.004791,0.02
18,rules,99,high,7616.26,0,33.95,0,0.012537,0.03
18,rules,100,medium,18037.25,1,33.44,0,0.0061,0.02
18,rules,101,medium,31369.32,0,33.69,0,0.0059,0.02
18,rules,102,low,24166.46,1,29.27,0,0.003774,0.01
18,rules,103,high,13735.14,0,34.43,0,0.008598,0.03
18,rules,104,medium,9043.3,0,38.03,0,0.006267,0.02
18,rules,105,high,6894.76,0,28.1,0,0.012485,0.03
18,rules,106,medium,23798.06,0,31.04,0,0.005549,0.02
18,rules,107,high,6535.26,1,36.23,0,0.010995,0.03
18,rules,108,medium,10495.33,0,27.92,0,0.006219,0.02
18,rules,109,high,3291.6,0,38.96,0,0.010922,0.03
18,rules,110,high,5459.84,1,37.75,0,0.013527,0.03
18,rules,111,medium,20573.29,1,28.94,0,0.006915,0.02
18,rules,112,high,10129.09,0,25.44,0,0.010363,0.03
18,rules,113,high,6542.35,0,37.04,0,0.012781,0.03
18,rules,114,high,7263.58,0,29.23,0,0.012044,0.03
18,rules,115,high,5098.35,0,29.97,0,0.014478,0.03
18,rules,116,medium,22727.28,1,28.28,0,0.004992,0.02
18,rules,117,low,42519.75,1,34.1,0,0.004035,0.01
18,rules,118,low,41452.41,1,27.45,0,0.003132,0.01
18,rules,119,high,4028.27,1,36.12,0,0.010357,0.03
19,rules,0,medium,11202.1,1,31.84,0,0.006357,0.02
19,rules,1,medium,7976.17,0,28.09,0,0.006252,0.02
19,rules,2,high,7976.1,0,31.33,0,0.006066,0.03
19,rules,3,high,7987.08,0,26.75,0,0.011864,0.03
19,rules,4,medium,18416.64,0,34.35,0,0.006392,0.02
19,rules,5,high,15896.85,0,27.02,0,0.012927,0.03
19,rules,6,low,51518.2,1,26.47,0,0.003324,0.01
19,rules,7,low,46830.03,1,34.78,0,0.002825,0.01
19,rules,8,low,47918.91,1,33.31,0,0.002545,0.01
19,rules,9,low,57278.61,1,34.17,0,0.002287,0.01
19,rules,10,low,51508.35,1,30.15,0,0.003208,0.01
19,rules,11,medium,12644.42,0,38.91,0,0.005876,0.02
19,rules,12,high,11205.83,0,33.1,0,0.012177,0.03
19,rules,13,medium,15888.1,0,32.82,0,0.006371,0.02
19,rules,14,high,4724.98,0,33.82,0,0.015357,0.03
19,rules,15,high,13375.35,0,31.76,0,0.009127,0.03
19,rules,16,high,7615.89,1,33.28,0,0.013205,0.03
19,rules,17,low,43954.92,1,32.24,0,0.003335,0.01
19,rules,18,low,62314.1,1,32.47,0,0.002475,0.01
19,rules,19,medium,18412.34,1,35.39,0,0.007194,0.02
19,rules,20,low,42518.14,1,30.39,0,0.003212,0.01
19,rules,21,high,12298.84,0,33.26,0,0.011494,0.03
19,rules,22,high,6191.11,0,35.53,0,0.011147,0.03
19,rules,23,medium,34594.42,0,31.42,0,0.004116,0.02
19,rules,24,high,10131.77,0,34.39,0,0.010797,0.03
19,rules,25,medium,9414.4,1,30.99,0,0.005977,0.02
19,rules,26,medium,24169.32,1,27.64,0,0.005662,0.02
19,rules,27,medium,18054.26,1,26.72,0,0.006457,0.02
19,rules,28,low,8326.57,0,29.25,0,0.002498,0.01
19,rules,29,low,48645.49,0,29.5,0,0.003289,0.01
19,rules,30,medium,11557.0,1,33.99,0,0.005944,0.02
19,rules,31,high,4743.33,0,34.12,0,0.012689,0.03
19,rules,32,low,41456.64,0,26.79,0,0.002112,0.01
19,rules,33,medium,20554.15,0,22.36,0,0.007638,0.02
19,rules,34,high,13024.03,0,25.84,0,0.011029,0.03
19,rules,35,low,45389.0,1,29.3,0,0.003128,0.01
19,rules,36,low,46470.14,1,37.74,0,0.003281,0.01
19,rules,37,medium,24172.4,0,31.7,0,0.006217,0.02
19,rules,38,medium,8320.25,1,34.25,0,0.005236,0.02
19,rules,39,medium,9038.35,1,27.95,0,0.00563,0.02
19,rules,40,low,56559.6,1,27.6,0,0.002286,0.01
19,rules,41,high,6527.53,1,26.54,0,0.009077,0.03
19,rules,42,high,7618.59,0,40.67,0,0.017005,0.03
19,rules,43,high,9044.96,0,27.18,0,0.011436,0.03
19,rules,44,high,5811.15,1,26.89,0,0.012347,0.03
19,rules,45,medium,17669.38,1,29.99,0,0.005883,0.02
19,rules,46,medium,22020.88,1,34.77,0,0.005211,0.02
19,rules,47,medium,14803.86,1,31.42,0,0.00577,0.02
19,rules,48,low,62680.31,1,31.99,0,0.002882,0.01
19,rules,49,low,43958.95,1,30.5,0,0.002679,0.01
19,rules,50,low,68447.97,1,40.52,0,0.002178,0.01
19,rules,51,high,9053.84,0,25.79,0,0.013465,0.03
19,rules,52,medium,19838.67,1,31.3,0,0.005543,0.02
19,rules,53,medium,13013.41,0,32.19,0,0.006516,0.02
19,rules,54,high,6182.65,0,31.17,0,0.015337,0.03
19,rules,55,low,57630.38,1,27.02,0,0.002811,0.01
19,rules,56,low,20565.56,0,35.99,0,0.002586,0.01
19,rules,57,medium,8328.32,0,24.75,0,0.006749,0.02
19,rules,58,high,14449.79,0,35.37,0,0.01084,0.03
19,rules,59,medium,13016.72,1,21.5,0,0.006439,0.02
19,rules,60,low,59790.73,1,31.87,0,0.00262,0.01
19,rules,61,medium,14803.37,1,25.66,0,0.00598,0.02
19,rules,62,medium,20940.98,1,33.88,0,0.007425,0.02
19,rules,63,high,14457.41,1,29.77,0,0.011272,0.03
19,rules,64,high,6906.52,0,29.43,0,0.009767,0.03
19,rules,65,medium,18409.34,1,32.31,0,0.007815,0.02
19,rules,66,medium,25965.01,0,29.25,0,0.004858,0.02
19,rules,67,low,49727.4,1,33.49,0,0.002971,0.01
19,rules,68,high,9421.88,1,30.64,0,0.010495,0.03
19,rules,69,high,6903.62,0,32.22,0,0.0095,0.03
19,rules,70,medium,3648.86,0,27.66,0,0.006937,0.02
19,rules,71,medium,9403.58,1,30.2,0,0.005184,0.02
19,rules,72,low,49725.42,0,34.55,0,0.002569,0.01
19,rules,73,high,6520.52,1,33.11,0,0.014116,0.03
19,rules,74,medium,14806.81,1,26.82,0,0.005785,0.02
19,rules,75,low,55490.94,1,30.74,0,0.00294,0.01
19,rules,76,high,3303.63,0,28.22,0,0.010739,0.03
19,rules,77,low,40362.65,1,39.3,0,0.003452,0.01
19,rules,78,low,52604.39,0,30.55,0,0.003625,0.01
19,rules,79,medium,20220.11,0,34.29,0,0.006931,0.02
19,rules,80,medium,10112.52,1,30.09,0,0.005267,0.02
19,rules,81,high,6545.49,0,38.9,0,0.008974,0.03
19,rules,82,high,6539.29,0,28.55,0,0.012187,0.03
19,rules,83,medium,25603.17,0,31.5,0,0.00736,0.02
19,rules,84,high,10146.55,0,40.43,0,0.011253,0.03
19,rules,85,low,47546.87,0,26.96,0,0.003116,0.01
19,rules,86,medium,23442.02,1,30.68,0,0.006831,0.02
19,rules,87,low,70962.23,1,34.4,0,0.002267,0.01
19,rules,88,high,6898.49,0,26.97,0,0.010979,0.03
19,rules,89,high,7975.4,0,28.91,0,0.010302,0.03
19,rules,90,high,8330.49,0,33.32,0,0.010725,0.03
19,rules,91,high,4740.99,0,29.88,0,0.012588,0.03
19,rules,92,low,55844.88,1,31.17,0,0.002956,0.01
19,rules,93,low,46119.61,1,35.33,0,0.002818,0.01
19,rules,94,low,48636.74,0,35.95,0,0.003158,0.01
19,rules,95,high,6537.58,0,23.87,0,0.012122,0.03
19,rules,96,medium,15161.42,0,31.44,0,0.007417,0.02
19,rules,97,high,6907.29,1,34.52,0,0.010635,0.03
19,rules,98,high,11563.17,0,33.56,0,0.009012,0.03
19,rules,99,high,4369.4,0,28.42,0,0.009989,0.03
19,rules,100,low,40361.29,0,31.1,0,0.002329,0.01
19,rules,101,high,5822.26,0,33.47,0,0.015274,0.03
19,rules,102,low,61248.62,0,34.8,0,0.002037,0.01
19,rules,103,low,46475.98,0,30.79,0,0.002328,0.01
19,rules,104,medium,16247.49,0,41.57,0,0.005692,0.02
19,rules,105,high,7985.39,0,32.41,0,0.01465,0.03
19,rules,106,low,49724.69,1,27.83,0,0.003111,0.01
19,rules,107,medium,29206.61,1,32.52,0,0.005833,0.02
19,rules,108,high,7622.96,0,36.46,0,0.009397,0.03
19,rules,109,medium,15885.72,0,38.77,0,0.006154,0.02
19,rules,110,medium,19852.07,0,34.82,0,0.005811,0.02
19,rules,111,low,66989.15,1,31.0,0,0.00253,0.01
19,rules,112,medium,17325.26,1,30.79,0,0.006883,0.02
19,rules,113,medium,15889.91,0,35.59,0,0.007249,0.02
19,rules,114,medium,27396.71,1,37.32,0,0.004859,0.02
19,rules,115,low,60158.17,1,31.88,0,0.002954,0.01
19,rules,116,low,55120.27,1,27.35,0,0.002713,0.01
19,rules,117,low,58714.36,0,21.56,0,0.002938,0.01
19,rules,118,low,69514.08,1,41.44,0,0.002277,0.01
19,rules,119,high,6158.92,0,28.56,0,0.011024,0.03
20,rules,0,medium,19132.89,1,35.63,0,0.004525,0.02
20,rules,1,medium,7962.71,1,34.97,0,0.004902,0.02
20,rules,2,low,35331.66,1,29.91,0,0.003704,0.01
20,rules,3,high,2937.9,1,35.17,0,0.011569,0.03
20,rules,4,medium,14441.07,1,29.29,0,0.006474,0.02
20,rules,5,medium,22008.75,1,32.6,0,0.007089,0.02
20,rules,6,high,9773.3,0,34.35,0,0.011953,0.03
20,rules,7,medium,37127.71,1,29.65,0,0.004216,0.02
20,rules,8,medium,11220.16,0,30.36,0,0.005929,0.02
20,rules,9,high,7982.98,0,36.2,0,0.01331,0.03
20,rules,10,low,60513.46,0,30.76,0,0.003202,0.01
20,rules,11,high,8003.53,0,28.31,0,0.009665,0.03
20,rules,12,low,59439.69,1,28.95,0,0.002584,0.01
20,rules,13,medium,13011.97,0,33.96,0,0.006744,0.02
20,rules,14,high,3289.69,0,33.85,0,0.01392,0.03
20,rules,15,medium,19846.64,1,35.64,0,0.006658,0.02
20,rules,16,high,3657.82,0,32.52,0,0.014579,0.03
20,rules,17,medium,22362.28,0,30.48,0,0.003876,0.02
20,rules,18,high,11586.48,1,35.9,0,0.014703,0.03
20,rules,19,high,7979.03,0,40.19,0,0.01208,0.03
20,rules,20,low,52597.81,1,33.35,0,0.002993,0.01
20,rules,21,low,55483.76,1,37.86,0,0.002489,0.01
20,rules,22,low,47201.79,0,33.53,0,0.00335,0.01
20,rules,23,high,5465.12,0,34.56,0,0.009291,0.03
20,rules,24,medium,33887.79,0,38.11,0,0.005414,0.02
20,rules,25,low,6898.01,0,37.51,0,0.00296,0.01
20,rules,26,high,10132.66,1,35.71,0,0.009678,0.03
20,rules,27,high,16614.24,0,39.02,0,0.011601,0.03
20,rules,28,high,12298.23,0,31.49,0,0.012192,0.03
20,rules,29,high,11577.26,0,26.86,0,0.011481,0.03
20,rules,30,medium,16246.92,0,28.6,0,0.006533,0.02
20,rules,31,high,11571.38,0,26.73,0,0.010534,0.03
20,rules,32,medium,21632.12,1,35.74,0,0.007184,0.02
20,rules,33,medium,10122.53,1,37.21,0,0.005697,0.02
20,rules,34,high,6547.02,0,34.57,0,0.014678,0.03
20,rules,35,low,50459.64,1,25.72,0,0.002747,0.01
20,rules,36,high,4020.91,0,25.03,0,0.011816,0.03
20,rules,37,low,36402.89,1,35.49,0,0.003704,0.01
20,rules,38,high,7260.95,0,27.9,0,0.014532,0.03
20,rules,39,low,35326.0,1,25.76,0,0.003034,0.01
20,rules,40,high,1861.51,0,38.12,0,0.006389,0.03
20,rules,41,medium,12649.51,1,34.0,0,0.005939,0.02
20,rules,42,high,6540.15,1,35.22,0,0.014255,0.03
20,rules,43,low,70964.71,1,27.99,0,0.002625,0.01
20,rules,44,high,4386.71,1,36.27,0,0.013104,0.03
20,rules,45,high,7620.09,0,32.25,0,0.013642,0.03
20,rules,46,low,38908.04,0,22.03,0,0.004108,0.01
20,rules,47,low,49374.06,1,27.42,0,0.00273,0.01
20,rules,48,high,4375.86,0,26.35,0,0.009881,0.03
20,rules,49,high,11931.58,1,29.96,0,0.009345,0.03
20,rules,50,medium,14808.55,0,33.02,0,0.005446,0.02
20,rules,51,medium,11208.81,1,33.64,0,0.006369,0.02
20,rules,52,low,59080.42,1,33.03,0,0.002922,0.01
20,rules,53,high,4035.65,0,33.94,0,0.011361,0.03
20,rules,54,high,8329.12,0,31.37,0,0.009349,0.03
20,rules,55,high,9423.25,0,34.6,0,0.013061,0.03
20,rules,56,low,44687.1,1,36.22,0,0.003654,0.01
20,rules,57,medium,10134.15,0,31.12,0,0.006335,0.02
20,rules,58,high,9432.45,0,31.24,0,0.016106,0.03
20,rules,59,low,48643.0,1,31.38,0,0.003734,0.01
20,rules,60,medium,20211.23,1,31.01,0,0.007349,0.02
20,rules,61,medium,20560.58,0,23.59,0,0.007074,0.02
20,rules,62,low,57636.97,1,35.35,0,0.003235,0.01
20,rules,63,high,3296.88,0,35.57,0,0.013827,0.03
20,rules,64,high,7255.05,1,30.19,0,0.008768,0.03
20,rules,65,high,6528.45,0,29.86,0,0.00938,0.03
20,rules,66,high,7979.79,1,34.54,0,0.013234,0.03
20,rules,67,low,47560.32,1,29.73,0,0.003397,0.01
20,rules,68,high,2596.26,0,28.47,0,0.012832,0.03
20,rules,69,high,6896.4,0,24.42,0,0.013014,0.03
20,rules,70,low,37475.42,1,33.0,0,0.004078,0.01
20,rules,71,high,11216.96,0,33.61,0,0.012498,0.03
20,rules,72,low,51163.03,1,27.15,0,0.002959,0.01
20,rules,73,medium,30293.25,1,33.81,0,0.006792,0.02
20,rules,74,high,1139.18,1,26.37,0,0.00765,0.03
20,rules,75,low,6879.75,0,30.17,0,0.001722,0.01
20,rules,76,high,8697.07,1,36.61,0,0.01021,0.03
20,rules,77,low,51168.3,1,21.93,0,0.002056,0.01
20,rules,78,high,2209.09,1,37.25,0,0.014899,0.03
20,rules,79,low,58354.78,1,31.82,0,0.003382,0.01
20,rules,80,medium,14441.74,1,34.48,0,0.006532,0.02
20,rules,81,low,58366.02,0,34.74,0,0.003191,0.01
20,rules,82,low,52607.05,1,35.7,0,0.003141,0.01
20,rules,83,high,5463.41,1,38.04,0,0.014712,0.03
20,rules,84,low,36048.73,1,26.14,0,0.003259,0.01
20,rules,85,high,2223.93,1,31.58,0,0.012938,0.03
20,rules,86,high,7976.28,1,30.24,0,0.009526,0.03
20,rules,87,high,7967.22,0,31.6,0,0.013981,0.03
20,rules,88,high,8346.59,0,28.21,0,0.014369,0.03
20,rules,89,low,54761.43,1,37.16,0,0.002978,0.01
20,rules,90,low,50449.23,1,41.37,0,0.002495,0.01
20,rules,91,high,11235.04,0,26.46,0,0.010296,0.03
20,rules,92,low,57638.16,1,29.85,0,0.002342,0.01
20,rules,93,low,51165.53,1,31.79,0,0.003145,0.01
20,rules,94,high,24547.34,1,39.01,0,0.008198,0.03
20,rules,95,low,40721.08,1,37.14,0,0.002929,0.01
20,rules,96,medium,16975.51,0,38.23,0,0.006587,0.02
20,rules,97,medium,19136.92,1,36.05,0,0.006911,0.02
20,rules,98,low,59441.8,1,36.24,0,0.002619,0.01
20,rules,99,high,2228.85,0,34.84,0,0.011199,0.03
20,rules,100,high,3669.49,0,31.36,0,0.013626,0.03
20,rules,101,low,38204.31,1,33.52,0,0.003998,0.01
20,rules,102,medium,14459.24,0,33.72,0,0.004395,0.02
20,rules,103,medium,24147.87,0,32.13,0,0.007999,0.02
20,rules,104,medium,28836.2,1,35.07,0,0.00327,0.02
20,rules,105,high,4366.51,0,25.7,0,0.011552,0.03
20,rules,106,medium,20207.82,1,28.15,0,0.005257,0.02
20,rules,107,high,7607.83,1,33.01,0,0.010845,0.03
20,rules,108,low,56549.35,1,38.03,0,0.003002,0.01
20,rules,109,high,4725.31,0,24.79,0,0.011525,0.03
20,rules,110,low,79611.88,0,30.58,0,0.001539,0.01
20,rules,111,medium,31380.55,1,42.27,0,0.00492,0.02
20,rules,112,low,39647.81,1,34.48,0,0.003351,0.01
20,rules,113,medium,11910.46,1,39.89,0,0.00609,0.02
20,rules,114,medium,16975.09,1,31.69,0,0.006912,0.02
20,rules,115,low,50439.47,1,40.47,0,0.002805,0.01
20,rules,116,medium,12999.83,0,23.28,0,0.005645,0.02
20,rules,117,high,3649.37,0,24.06,0,0.013123,0.03
20,rules,118,high,5820.66,0,33.44,0,0.012697,0.03
20,rules,119,high,9415.3,0,30.09,0,0.008845,0.03
21,rules,0,medium,18410.41,1,35.41,0,0.008323,0.02
21,rules,1,medium,12645.92,0,33.01,0,0.00551,0.02
21,rules,2,high,10857.81,0,31.38,0,0.010152,0.03
21,rules,3,high,4015.15,0,23.12,0,0.010684,0.03
21,rules,4,high,5815.05,0,33.29,0,0.013955,0.03
21,rules,5,low,31711.09,0,34.14,0,0.002643,0.01
21,rules,6,high,8692.83,1,28.95,0,0.012757,0.03
21,rules,7,medium,28113.28,1,33.07,0,0.004958,0.02
21,rules,8,medium,10839.52,1,27.09,0,0.006821,0.02
21,rules,9,medium,24884.86,0,30.11,0,0.00655,0.02
21,rules,10,medium,8688.57,1,31.25,0,0.0061,0.02
21,rules,11,low,39288.14,1,29.05,0,0.003533,0.01
21,rules,12,low,41448.68,0,35.31,0,0.003191,0.01
21,rules,13,low,41077.1,0,29.74,0,0.004236,0.01
21,rules,14,medium,15896.16,1,34.55,0,0.005803,0.02
21,rules,15,high,5456.56,1,29.62,0,0.009645,0.03
21,rules,16,medium,12281.94,1,39.52,0,0.0072,0.02
21,rules,17,low,50449.62,1,28.53,0,0.002601,0.01
21,rules,18,high,4015.02,1,26.71,0,0.017775,0.03
21,rules,19,high,13746.97,0,33.33,0,0.011346,0.03
21,rules,20,low,64130.09,1,36.07,0,0.002585,0.01
21,rules,21,medium,14805.72,1,33.45,0,0.005712,0.02
21,rules,22,medium,9058.15,1,31.64,0,0.00662,0.02
21,rules,23,low,61964.17,1,36.39,0,0.003116,0.01
21,rules,24,low,49722.3,1,34.26,0,0.003435,0.01
21,rules,25,medium,15883.55,1,35.31,0,0.005152,0.02
21,rules,26,medium,21631.77,0,28.34,0,0.006276,0.02
21,rules,27,high,2935.05,0,37.68,0,0.014311,0.03
21,rules,28,high,8360.64,1,32.74,0,0.008416,0.03
21,rules,29,high,3666.87,0,30.47,0,0.012743,0.03
21,rules,30,medium,32443.56,1,28.26,0,0.004355,0.02
21,rules,31,medium,20569.11,0,34.3,0,0.00618,0.02
21,rules,32,medium,11934.59,0,35.07,0,0.005943,0.02
21,rules,33,high,7618.73,1,29.71,0,0.0128,0.03
21,rules,34,medium,24886.55,1,29.82,0,0.005681,0.02
21,rules,35,low,59797.69,1,31.78,0,0.003036,0.01
21,rules,36,medium,18409.34,1,37.24,0,0.004405,0.02
21,rules,37,high,2221.0,1,29.88,0,0.010375,0.03
21,rules,38,low,55121.67,1,36.33,0,0.003062,0.01
21,rules,39,medium,22010.12,1,34.67,0,0.007425,0.02
21,rules,40,high,1860.42,0,26.52,0,0.009678,0.03
21,rules,41,low,72403.07,1,34.65,0,0.002327,0.01
21,rules,42,high,10138.44,0,30.86,0,0.014446,0.03
21,rules,43,medium,19487.23,0,32.43,0,0.007244,0.02
21,rules,44,medium,14446.71,0,33.34,0,0.006484,0.02
21,rules,45,medium,11197.47,1,36.52,0,0.005774,0.02
21,rules,46,low,47926.21,1,35.2,0,0.002837,0.01
21,rules,47,low,67355.96,1,38.39,0,0.002499,0.01
21,rules,48,medium,18402.94,1,30.54,0,0.00506,0.02
21,rules,49,low,62685.57,1,30.82,0,0.002198,0.01
21,rules,50,high,7252.72,0,29.02,0,0.010835,0.03
21,rules,51,medium,34985.54,1,31.72,0,0.004747,0.02
21,rules,52,medium,16240.05,0,36.74,0,0.006901,0.02
21,rules,53,medium,21288.41,0,32.46,0,0.00477,0.02
21,rules,54,medium,11569.92,0,27.69,0,0.005869,0.02
21,rules,55,low,55842.31,1,29.4,0,0.002338,0.01
21,rules,56,low,44329.08,1,23.93,0,0.003292,0.01
21,rules,57,low,34242.67,1,30.54,0,0.003126,0.01
21,rules,58,low,38566.56,1,39.4,0,0.003991,0.01
21,rules,59,medium,18044.41,1,34.11,0,0.004667,0.02
21,rules,60,low,36763.04,1,31.26,0,0.00355,0.01
21,rules,61,medium,30272.37,1,34.1,0,0.004576,0.02
21,rules,62,medium,11216.2,0,34.45,0,0.00449,0.02
21,rules,63,medium,10492.66,0,28.73,0,0.005801,0.02
21,rules,64,high,2201.4,0,32.26,0,0.013529,0.03
21,rules,65,high,5103.78,0,34.91,0,0.011566,0.03
21,rules,66,medium,33879.25,1,31.27,0,0.005364,0.02
21,rules,67,high,14103.0,1,33.37,0,0.011856,0.03
21,rules,68,medium,12642.03,0,27.45,0,0.005452,0.02
21,rules,69,low,38209.08,0,34.38,0,0.003833,0.01
21,rules,70,low,51159.45,1,33.58,0,0.003036,0.01
21,rules,71,medium,20210.15,0,38.11,0,0.007251,0.02
21,rules,72,high,8345.54,0,30.31,0,0.013728,0.03
21,rules,73,high,5447.1,0,40.8,0,0.01193,0.03
21,rules,74,low,41805.28,1,32.18,0,0.004093,0.01
21,rules,75,low,43600.97,1,28.45,0,0.00294,0.01
21,rules,76,low,47939.86,1,39.69,0,0.003776,0.01
21,rules,77,high,10147.4,1,29.51,0,0.011189,0.03
21,rules,78,high,2219.44,0,30.47,0,0.010453,0.03
21,rules,79,low,49012.45,0,32.66,0,0.002457,0.01
21,rules,80,medium,11203.78,0,31.01,0,0.006305,0.02
21,rules,81,medium,26325.18,1,30.4,0,0.005839,0.02
21,rules,82,high,12296.86,0,25.56,0,0.010741,0.03
21,rules,83,low,57276.53,1,36.46,0,0.002233,0.01
21,rules,84,medium,33159.34,1,34.49,0,0.004059,0.02
21,rules,85,medium,30283.38,0,30.32,0,0.003802,0.02
21,rules,86,medium,22738.88,0,36.16,0,0.007292,0.02
21,rules,87,medium,7240.93,1,27.98,0,0.006416,0.02
21,rules,88,low,59805.28,1,32.35,0,0.00273,0.01
21,rules,89,low,52959.0,1,32.59,0,0.002732,0.01
21,rules,90,low,47556.89,1,31.59,0,0.002816,0.01
21,rules,91,high,7258.23,0,19.94,0,0.012205,0.03
21,rules,92,medium,28835.49,1,33.05,0,0.004645,0.02
21,rules,93,high,11581.23,1,22.52,0,0.009144,0.03
21,rules,94,medium,8682.34,0,38.39,0,0.004881,0.02
21,rules,95,high,3661.1,0,26.9,0,0.010891,0.03
21,rules,96,low,40012.59,1,23.84,0,0.002982,0.01
21,rules,97,low,69166.25,1,30.03,0,0.002482,0.01
21,rules,98,high,10864.93,0,30.22,0,0.014261,0.03
21,rules,99,low,56561.47,1,32.8,0,0.003284,0.01
21,rules,100,high,6890.25,0,33.3,0,0.009093,0.03
21,rules,101,high,4388.65,0,32.78,0,0.010852,0.03
21,rules,102,low,33886.31,1,35.7,0,0.002535,0.01
21,rules,103,low,52955.67,1,27.88,0,0.002949,0.01
21,rules,104,high,6169.21,0,30.79,0,0.012101,0.03
21,rules,105,low,54044.58,0,34.02,0,0.002668,0.01
21,rules,106,low,52248.86,1,34.72,0,0.003378,0.01
21,rules,107,low,30999.99,1,30.95,0,0.003447,0.01
21,rules,108,high,5452.03,0,36.2,0,0.012423,0.03
21,rules,109,low,53687.52,1,28.16,0,0.003386,0.01
21,rules,110,medium,15525.63,0,33.02,0,0.005185,0.02
21,rules,111,low,47567.8,1,27.15,0,0.00304,0.01
21,rules,112,low,46831.15,1,34.54,0,0.002919,0.01
21,rules,113,medium,18406.45,0,28.67,0,0.006254,0.02
21,rules,114,low,55467.19,1,24.9,0,0.002639,0.01
21,rules,115,high,6881.58,0,27.95,0,0.012174,0.03
21,rules,116,low,50087.7,0,33.85,0,0.003916,0.01
21,rules,117,high,8333.12,0,30.36,0,0.012694,0.03
21,rules,118,medium,13351.68,1,33.86,0,0.004691,0.02
21,rules,119,low,34617.96,1,25.45,0,0.003743,0.01
22,rules,0,medium,18758.1,0,25.51,0,0.00582,0.02
22,rules,1,high,4735.76,0,29.17,0,0.011434,0.03
22,rules,2,low,52596.97,1,37.9,0,0.003113,0.01
22,rules,3,low,37833.28,1,38.45,0,0.002775,0.01
22,rules,4,low,52963.45,1,31.55,0,0.002917,0.01
22,rules,5,high,2589.52,1,29.08,0,0.01183,0.03
22,rules,6,medium,11210.73,1,34.23,0,0.005776,0.02
22,rules,7,high,10487.27,0,28.79,0,0.012464,0.03
22,rules,8,low,49721.13,0,31.87,0,0.003352,0.01
22,rules,9,low,51155.17,1,30.16,0,0.002817,0.01
22,rules,10,medium,19488.14,0,41.11,0,0.008298,0.02
22,rules,11,medium,27411.39,0,27.83,0,0.003801,0.02
22,rules,12,medium,23796.55,0,31.84,0,0.004569,0.02
22,rules,13,high,11584.53,0,31.04,0,0.012551,0.03
22,rules,14,medium,22370.56,1,30.59,0,0.00704,0.02
22,rules,15,high,7611.57,0,29.03,0,0.016255,0.03
22,rules,16,high,2221.96,1,30.49,0,0.011036,0.03
22,rules,17,high,3665.34,1,33.3,0,0.010103,0.03
22,rules,18,medium,13725.09,1,34.81,0,0.006935,0.02
22,rules,19,low,47918.14,1,32.06,0,0.002747,0.01
22,rules,20,medium,18771.73,1,34.14,0,0.004966,0.02
22,rules,21,medium,20938.95,1,34.17,0,0.006423,0.02
22,rules,22,high,6548.34,0,30.81,0,0.011939,0.03
22,rules,23,low,42867.92,1,33.83,0,0.00299,0.01
22,rules,24,low,34251.01,1,27.81,0,0.002843,0.01
22,rules,25,medium,10860.64,1,30.15,0,0.00554,0.02
22,rules,26,medium,22735.73,1,29.81,0,0.006061,0.02
22,rules,27,medium,15151.04,1,33.6,0,0.006946,0.02
22,rules,28,high,7261.52,0,32.56,0,0.010856,0.03
22,rules,29,low,50085.29,1,29.62,0,0.003277,0.01
22,rules,30,low,51524.31,0,31.03,0,0.00291,0.01
22,rules,31,high,3286.94,1,35.6,0,0.011561,0.03
22,rules,32,high,5083.89,0,37.42,0,0.015655,0.03
22,rules,33,low,74190.08,0,39.66,0,0.002451,0.01
22,rules,34,low,55121.43,1,37.18,0,0.003117,0.01
22,rules,35,high,6174.89,0,38.7,0,0.00975,0.03
22,rules,36,low,56555.93,1,26.38,0,0.00305,0.01
22,rules,37,medium,10853.79,0,38.04,0,0.004841,0.02
22,rules,38,high,5451.04,1,28.84,0,0.011196,0.03
22,rules,39,medium,30286.89,0,27.21,0,0.005946,0.02
22,rules,40,high,2941.14,0,29.03,0,0.010592,0.03
22,rules,41,high,15532.43,0,35.37,0,0.009606,0.03
22,rules,42,high,9415.95,0,31.69,0,0.012971,0.03
22,rules,43,low,35690.38,0,29.78,0,0.002254,0.01
22,rules,44,high,4370.77,0,36.24,0,0.011506,0.03
22,rules,45,low,69165.27,1,32.79,0,0.001992,0.01
22,rules,46,high,7252.12,0,32.24,0,0.011869,0.03
22,rules,47,high,6540.04,0,30.58,0,0.014017,0.03
22,rules,48,medium,16960.3,1,27.13,0,0.00771,0.02
22,rules,49,medium,23820.58,0,28.84,0,0.004866,0.02
22,rules,50,high,13376.05,0,36.6,0,0.013874,0.03
22,rules,51,high,7978.61,1,32.48,0,0.012612,0.03
22,rules,52,medium,13356.66,0,29.65,0,0.006832,0.02
22,rules,53,high,16255.31,0,33.41,0,0.009351,0.03
22,rules,54,low,46482.18,1,31.67,0,0.002465,0.01
22,rules,55,low,42171.81,1,27.12,0,0.003418,0.01
22,rules,56,high,8331.4,1,21.76,0,0.011111,0.03
22,rules,57,high,2220.6,0,29.69,0,0.0116,0.03
22,rules,58,medium,17328.0,0,31.36,0,0.006747,0.02
22,rules,59,high,5092.88,0,32.14,0,0.010268,0.03
22,rules,60,high,4369.58,0,24.6,0,0.017801,0.03
22,rules,61,medium,29214.34,0,28.5,0,0.006712,0.02
22,rules,62,low,46483.74,1,24.94,0,0.003037,0.01
22,rules,63,low,40710.64,1,31.7,0,0.003655,0.01
22,rules,64,medium,24881.27,1,27.51,0,0.007815,0.02
22,rules,65,medium,12290.52,1,31.03,0,0.006024,0.02
22,rules,66,medium,15883.27,1,33.03,0,0.008393,0.02
22,rules,67,high,7614.51,0,26.73,0,0.013295,0.03
22,rules,68,high,8337.56,0,35.49,0,0.011619,0.03
22,rules,69,medium,20926.41,0,39.61,0,0.006178,0.02
22,rules,70,high,5089.99,0,35.12,0,0.011869,0.03
22,rules,71,medium,26693.7,0,33.24,0,0.006663,0.02
22,rules,72,low,59439.01,1,26.97,0,0.003227,0.01
22,rules,73,high,14811.71,0,25.99,0,0.011971,0.03
22,rules,74,high,5812.88,0,25.51,0,0.015241,0.03
22,rules,75,medium,18045.24,0,35.53,0,0.004525,0.02
22,rules,76,low,44325.04,1,37.96,0,0.003342,0.01
22,rules,77,medium,18408.66,1,32.25,0,0.00509,0.02
22,rules,78,medium,18037.6,0,39.43,0,0.00515,0.02
22,rules,79,medium,4370.75,0,37.6,0,0.005618,0.02
22,rules,80,high,15538.65,0,35.35,0,0.011923,0.03
22,rules,81,medium,9761.36,1,35.08,0,0.007874,0.02
22,rules,82,high,9770.87,0,30.23,0,0.009297,0.03
22,rules,83,high,1865.78,0,34.09,0,0.015588,0.03
22,rules,84,low,66291.23,1,34.2,0,0.002595,0.01
22,rules,85,high,2564.67,0,34.68,0,0.012002,0.03
22,rules,86,high,4375.86,0,35.5,0,0.014761,0.03
22,rules,87,medium,16965.6,1,31.76,0,0.006973,0.02
22,rules,88,medium,17671.02,0,38.48,0,0.007242,0.02
22,rules,89,high,13372.91,0,28.56,0,0.012519,0.03
22,rules,90,high,10503.39,0,30.67,0,0.01067,0.03
22,rules,91,medium,10491.74,1,34.61,0,0.005286,0.02
22,rules,92,low,44332.42,1,36.23,0,0.003895,0.01
22,rules,93,high,2566.39,0,34.75,0,0.01365,0.03
22,rules,94,low,33875.76,0,42.62,0,0.001753,0.01
22,rules,95,medium,30280.99,1,33.57,0,0.004649,0.02
22,rules,96,medium,18769.66,1,32.79,0,0.005083,0.02
22,rules,97,low,48995.07,1,25.16,0,0.002496,0.01
22,rules,98,low,44680.1,1,36.31,0,0.00337,0.01
22,rules,99,high,10860.19,0,33.12,0,0.011919,0.03
22,rules,100,medium,8321.52,0,28.39,0,0.00601,0.02
22,rules,101,high,14101.16,0,32.93,0,0.012032,0.03
22,rules,102,medium,14444.93,1,29.76,0,0.006105,0.02
22,rules,103,low,66659.49,1,38.02,0,0.00253,0.01
22,rules,104,high,11563.45,0,34.04,0,0.012415,0.03
22,rules,105,high,5459.98,1,38.71,0,0.013787,0.03
22,rules,106,low,50450.9,1,32.48,0,0.00308,0.01
22,rules,107,high,3294.57,0,33.13,0,0.011542,0.03
22,rules,108,low,51874.84,1,35.21,0,0.002077,0.01
22,rules,109,low,42516.69,1,32.1,0,0.0032,0.01
22,rules,110,medium,16958.98,1,30.83,0,0.006451,0.02
22,rules,111,high,6532.23,0,28.71,0,0.011657,0.03
22,rules,112,high,14820.61,1,28.41,0,0.009384,0.03
22,rules,113,medium,4373.46,0,37.37,0,0.00562,0.02
22,rules,114,high,3307.6,1,35.73,0,0.011783,0.03
22,rules,115,medium,8332.89,0,31.64,0,0.005736,0.02
22,rules,116,low,44686.24,1,29.18,0,0.002801,0.01
22,rules,117,low,61604.52,1,28.8,0,0.002827,0.01
22,rules,118,medium,22360.15,1,38.16,0,0.004198,0.02
22,rules,119,low,60887.58,1,30.15,0,0.002453,0.01
23,rules,0,low,43243.83,1,23.54,0,0.003098,0.01
23,rules,1,low,34607.0,1,26.83,0,0.002951,0.01
23,rules,2,low,44682.14,1,37.16,0,0.002957,0.01
23,rules,3,medium,18423.03,1,29.55,0,0.006911,0.02
23,rules,4,medium,38936.87,1,28.84,0,0.004181,0.02
23,rules,5,low,63042.38,1,26.93,0,0.002643,0.01
23,rules,6,medium,19119.21,1,35.51,0,0.006923,0.02
23,rules,7,high,3296.23,0,36.24,0,0.008006,0.03
23,rules,8,low,38556.58,0,26.69,0,0.003136,0.01
23,rules,9,low,62330.33,1,34.13,0,0.002965,0.01
23,rules,10,high,7984.17,0,33.09,0,0.010347,0.03
23,rules,11,medium,15161.35,0,27.68,0,0.006208,0.02
23,rules,12,medium,15525.9,1,34.17,0,0.004857,0.02
23,rules,13,medium,16608.85,0,31.08,0,0.005303,0.02
23,rules,14,low,50440.01,1,29.68,0,0.002872,0.01
23,rules,15,medium,13716.8,0,22.16,0,0.005495,0.02
23,rules,16,low,58725.67,1,31.88,0,0.002745,0.01
23,rules,17,medium,11215.21,0,32.31,0,0.006531,0.02
23,rules,18,high,3652.07,1,28.25,0,0.009951,0.03
23,rules,19,high,10483.5,0,32.11,0,0.009753,0.03
23,rules,20,low,40005.76,1,28.23,0,0.003193,0.01
23,rules,21,medium,11199.9,0,33.87,0,0.004774,0.02
23,rules,22,medium,22732.02,0,33.18,0,0.006291,0.02
23,rules,23,medium,30997.71,0,37.01,0,0.004602,0.02
23,rules,24,high,16249.73,0,41.61,0,0.010261,0.03
23,rules,25,high,4020.9,0,39.33,0,0.016413,0.03
23,rules,26,low,43613.82,1,30.47,0,0.003324,0.01
23,rules,27,medium,14810.47,0,32.62,0,0.006475,0.02
23,rules,28,low,53335.83,1,29.18,0,0.003578,0.01
23,rules,29,medium,32449.24,0,32.21,0,0.004973,0.02
23,rules,30,medium,6154.57,1,23.09,0,0.00583,0.02
23,rules,31,high,8696.93,0,27.13,0,0.015774,0.03
23,rules,32,low,51867.49,1,31.42,0,0.002713,0.01
23,rules,33,high,5814.14,0,36.4,0,0.013558,0.03
23,rules,34,high,8337.33,0,25.42,0,0.013319,0.03
23,rules,35,medium,16615.6,1,29.72,0,0.006052,0.02
23,rules,36,medium,16607.9,1,36.28,0,0.006928,0.02
23,rules,37,high,7259.5,0,32.73,0,0.012231,0.03
23,rules,38,medium,18043.05,0,35.06,0,0.007557,0.02
23,rules,39,high,4737.32,0,37.13,0,0.014789,0.03
23,rules,40,high,7983.18,1,32.7,0,0.011172,0.03
23,rules,41,low,51880.73,1,26.17,0,0.003171,0.01
23,rules,42,low,47197.85,1,40.81,0,0.003323,0.01
23,rules,43,medium,10479.78,1,34.46,0,0.00661,0.02
23,rules,44,low,46833.21,1,34.33,0,0.003282,0.01
23,rules,45,high,4736.61,0,38.91,0,0.010326,0.03
23,rules,46,medium,16958.7,1,27.55,0,0.005913,0.02
23,rules,47,medium,25614.39,0,34.12,0,0.006691,0.02
23,rules,48,high,4015.75,0,30.1,0,0.014705,0.03
23,rules,49,medium,19127.82,0,40.23,0,0.006613,0.02
23,rules,50,medium,8324.19,1,25.47,0,0.006705,0.02
23,rules,51,low,67716.65,1,30.97,0,0.002917,0.01
23,rules,52,medium,19125.18,1,31.37,0,0.007347,0.02
23,rules,53,medium,19123.24,1,27.87,0,0.006129,0.02
23,rules,54,medium,18059.1,0,28.39,0,0.006069,0.02
23,rules,55,medium,15520.35,1,30.23,0,0.006116,0.02
23,rules,56,medium,18403.74,1,34.93,0,0.00612,0.02
23,rules,57,low,54754.66,1,34.11,0,0.00291,0.01
23,rules,58,medium,5803.48,0,35.95,0,0.005089,0.02
23,rules,59,medium,6532.73,1,32.6,0,0.00615,0.02
23,rules,60,low,51862.4,1,36.53,0,0.002979,0.01
23,rules,61,high,4728.42,1,37.97,0,0.008821,0.03
23,rules,62,medium,19126.85,0,37.16,0,0.007327,0.02
23,rules,63,high,5804.17,0,29.46,0,0.013389,0.03
23,rules,64,high,14108.83,1,35.1,0,0.014125,0.03
23,rules,65,low,65925.83,0,35.61,0,0.002755,0.01
23,rules,66,medium,16610.59,1,38.73,0,0.008681,0.02
23,rules,67,high,6901.86,0,33.11,0,0.01728,0.03
23,rules,68,high,3312.25,0,29.74,0,0.013726,0.03
23,rules,69,low,52237.57,1,30.79,0,0.003388,0.01
23,rules,70,high,9055.55,0,29.06,0,0.014111,0.03
23,rules,71,medium,16603.28,1,22.7,0,0.005973,0.02
23,rules,72,high,8326.21,0,38.71,0,0.012109,0.03
23,rules,73,medium,7235.93,1,30.63,0,0.004325,0.02
23,rules,74,low,41789.1,1,26.47,0,0.003248,0.01
23,rules,75,high,16259.74,0,29.21,0,0.010494,0.03
23,rules,76,high,6541.51,0,28.93,0,0.013149,0.03
23,rules,77,low,31733.57,1,24.48,0,0.003543,0.01
23,rules,78,low,73468.63,1,30.28,0,0.002632,0.01
23,rules,79,low,41793.59,1,38.65,0,0.003159,0.01
23,rules,80,low,44683.37,1,26.38,0,0.003221,0.01
23,rules,81,low,43612.61,1,31.59,0,0.004351,0.01
23,rules,82,high,8703.94,0,28.97,0,0.010868,0.03
23,rules,83,low,56211.67,1,30.88,0,0.003155,0.01
23,rules,84,high,6529.82,0,28.26,0,0.012975,0.03
23,rules,85,low,50088.28,1,33.74,0,0.003124,0.01
23,rules,86,low,41436.47,1,30.43,0,0.003073,0.01
23,rules,87,high,7968.27,0,28.85,0,0.009442,0.03
23,rules,88,medium,25966.4,1,27.34,0,0.006625,0.02
23,rules,89,high,11223.43,0,27.12,0,0.012247,0.03
23,rules,90,high,12646.72,0,36.12,0,0.012629,0.03
23,rules,91,low,58355.02,1,32.66,0,0.00292,0.01
23,rules,92,low,19112.72,0,32.64,0,0.001797,0.01
23,rules,93,medium,14806.12,0,29.75,0,0.005149,0.02
23,rules,94,high,6530.29,0,28.1,0,0.012583,0.03
23,rules,95,high,8337.56,0,29.55,0,0.00859,0.03
23,rules,96,high,5813.79,0,32.46,0,0.013212,0.03
23,rules,97,low,82501.88,1,25.61,0,0.001921,0.01
23,rules,98,high,6894.27,0,34.61,0,0.012388,0.03
23,rules,99,medium,18043.93,1,28.19,0,0.003846,0.02
23,rules,100,low,57995.02,1,25.7,0,0.002946,0.01
23,rules,101,low,71339.06,1,28.52,0,0.002705,0.01
23,rules,102,high,16979.14,0,31.13,0,0.01138,0.03
23,rules,103,medium,9400.63,1,30.8,0,0.007084,0.02
23,rules,104,low,64483.78,0,35.59,0,0.002691,0.01
23,rules,105,low,58360.95,1,30.76,0,0.003089,0.01
23,rules,106,low,57283.94,1,38.83,0,0.001491,0.01
23,rules,107,medium,21647.57,0,28.37,0,0.006569,0.02
23,rules,108,high,14823.6,0,28.92,0,0.012574,0.03
23,rules,109,low,41443.08,1,31.73,0,0.003098,0.01
23,rules,110,medium,28121.3,1,29.87,0,0.006434,0.02
23,rules,111,high,12650.19,0,27.01,0,0.012251,0.03
23,rules,112,low,56553.34,1,35.91,0,0.002193,0.01
23,rules,113,low,55111.22,0,27.35,0,0.003104,0.01
23,rules,114,medium,10484.95,1,33.09,0,0.005582,0.02
23,rules,115,high,4736.25,0,39.84,0,0.012578,0.03
23,rules,116,medium,28483.75,1,27.92,0,0.004528,0.02
23,rules,117,high,9046.23,0,30.51,0,0.010205,0.03
23,rules,118,high,11929.08,0,34.74,0,0.011651,0.03
23,rules,119,high,5085.52,0,39.23,0,0.014538,0.03
24,rules,0,high,9779.12,0,36.54,0,0.01092,0.03
24,rules,1,high,9761.91,0,27.82,0,0.013323,0.03
24,rules,2,medium,19121.46,1,26.07,0,0.005105,0.02
24,rules,3,high,2933.6,0,35.18,0,0.011384,0.03
24,rules,4,medium,11557.87,0,31.9,0,0.006976,0.02
24,rules,5,high,9047.77,0,30.68,0,0.011084,0.03
24,rules,6,medium,14448.65,0,36.51,0,0.008246,0.02
24,rules,7,low,31727.89,1,36.3,0,0.003966,0.01
24,rules,8,medium,11222.51,0,42.43,0,0.005248,0.02
24,rules,9,low,43232.45,1,35.57,0,0.003137,0.01
24,rules,10,low,59445.82,1,28.66,0,0.003049,0.01
24,rules,11,medium,32802.74,0,30.26,0,0.003887,0.02
24,rules,12,medium,30289.08,0,30.11,0,0.005405,0.02
24,rules,13,high,9768.29,1,40.04,0,0.012187,0.03
24,rules,14,medium,15535.25,0,31.02,0,0.005387,0.02
24,rules,15,low,41076.98,1,24.35,0,0.002499,0.01
24,rules,16,high,6193.9,0,25.36,0,0.0156,0.03
24,rules,17,high,9781.39,1,28.66,0,0.013379,0.03
24,rules,18,medium,25608.38,1,34.83,0,0.006285,0.02
24,rules,19,medium,19839.43,1,31.73,0,0.007255,0.02
24,rules,20,low,47201.31,1,33.46,0,0.002935,0.01
24,rules,21,high,1498.9,1,33.53,0,0.011565,0.03
24,rules,22,low,20920.88,0,34.83,0,0.002545,0.01
24,rules,23,low,36758.15,1,32.37,0,0.003246,0.01
24,rules,24,high,11584.08,0,34.47,0,0.015652,0.03
24,rules,25,medium,19480.48,1,43.96,0,0.008345,0.02
24,rules,26,high,8700.83,1,31.21,0,0.013114,0.03
24,rules,27,low,46835.32,1,30.26,0,0.002901,0.01
24,rules,28,low,59088.47,1,35.38,0,0.002621,0.01
24,rules,29,low,45773.9,1,36.72,0,0.002397,0.01
24,rules,30,high,5099.24,0,34.49,0,0.010713,0.03
24,rules,31,low,52246.95,1,30.64,0,0.002789,0.01
24,rules,32,medium,19137.74,0,24.83,0,0.005077,0.02
24,rules,33,low,51157.47,1,28.27,0,0.003778,0.01
24,rules,34,high,6909.65,0,27.14,0,0.011763,0.03
24,rules,35,medium,14091.8,1,38.27,0,0.00562,0.02
24,rules,36,low,49721.8,0,30.93,0,0.003137,0.01
24,rules,37,low,61947.1,1,35.6,0,0.002477,0.01
24,rules,38,low,47927.8,1,33.61,0,0.003398,0.01
24,rules,39,low,56558.68,0,35.76,0,0.003009,0.01
24,rules,40,medium,22370.86,1,28.21,0,0.004543,0.02
24,rules,41,medium,13010.18,0,36.56,0,0.005053,0.02
24,rules,42,medium,9421.36,0,35.69,0,0.007183,0.02
24,rules,43,medium,12655.1,0,29.98,0,0.00842,0.02
24,rules,44,low,41059.31,1,32.1,0,0.003518,0.01
24,rules,45,medium,15528.48,0,36.39,0,0.006823,0.02
24,rules,46,low,55460.66,1,35.82,0,0.00293,0.01
24,rules,47,low,61951.24,1,32.33,0,0.002826,0.01
24,rules,48,high,2930.52,0,34.92,0,0.011928,0.03
24,rules,49,low,56909.64,1,30.44,0,0.002254,0.01
24,rules,50,medium,16967.62,1,29.36,0,0.004738,0.02
24,rules,51,high,4368.96,0,38.43,0,0.011001,0.03
24,rules,52,medium,26327.15,1,36.39,0,0.005548,0.02
24,rules,53,high,6906.74,0,33.62,0,0.016632,0.03
24,rules,54,medium,17677.9,0,35.86,0,0.007637,0.02
24,rules,55,low,66998.08,1,31.27,0,0.002979,0.01
24,rules,56,medium,7260.13,1,37.08,0,0.005205,0.02
24,rules,57,high,9407.19,0,32.23,0,0.013957,0.03
24,rules,58,high,6166.0,1,30.42,0,0.011289,0.03
24,rules,59,high,6531.3,0,33.29,0,0.011071,0.03
24,rules,60,low,68087.09,1,28.82,0,0.00244,0.01
24,rules,61,high,7981.84,1,32.04,0,0.011777,0.03
24,rules,62,high,6884.56,0,34.65,0,0.013629,0.03
24,rules,63,low,44679.71,1,33.46,0,0.002764,0.01
24,rules,64,low,40363.8,0,34.93,0,0.003655,0.01
24,rules,65,medium,6888.42,0,35.65,0,0.007924,0.02
24,rules,66,low,66999.31,1,31.82,0,0.002435,0.01
24,rules,67,medium,13002.09,1,27.49,0,0.007048,0.02
24,rules,68,low,48996.22,1,25.96,0,0.001673,0.01
24,rules,69,low,42151.16,1,30.61,0,0.004065,0.01
24,rules,70,high,6537.93,0,32.97,0,0.009218,0.03
24,rules,71,high,6898.59,0,28.74,0,0.012401,0.03
24,rules,72,medium,28120.59,1,40.37,0,0.006486,0.02
24,rules,73,medium,13372.33,1,30.73,0,0.006643,0.02
24,rules,74,high,7244.79,0,36.79,0,0.01272,0.03
24,rules,75,high,8686.2,0,27.67,0,0.011859,0.03
24,rules,76,high,5102.27,1,33.43,0,0.009616,0.03
24,rules,77,medium,13725.04,1,27.16,0,0.007595,0.02
24,rules,78,medium,16970.01,1,35.01,0,0.006246,0.02
24,rules,79,low,51885.58,1,33.29,0,0.002809,0.01
24,rules,80,medium,15894.23,1,31.89,0,0.00598,0.02
24,rules,81,high,8328.17,0,28.56,0,0.014764,0.03
24,rules,82,medium,13369.5,0,31.48,0,0.007503,0.02
24,rules,83,medium,16241.92,1,31.35,0,0.005897,0.02
24,rules,84,low,47205.64,1,37.27,0,0.003349,0.01
24,rules,85,high,2218.95,0,27.14,0,0.011377,0.03
24,rules,86,medium,17687.95,0,35.18,0,0.005764,0.02
24,rules,87,high,3649.55,0,32.26,0,0.013871,0.03
24,rules,88,low,36407.25,0,37.46,0,0.003521,0.01
24,rules,89,medium,11923.03,1,31.81,0,0.006286,0.02
24,rules,90,low,47205.18,1,27.14,0,0.002691,0.01
24,rules,91,low,45774.37,1,34.58,0,0.003468,0.01
24,rules,92,low,93645.87,1,33.03,0,0.002085,0.01
24,rules,93,low,54401.34,1,38.15,0,0.002983,0.01
24,rules,94,high,6537.5,0,29.08,0,0.01245,0.03
24,rules,95,medium,15521.21,0,31.42,0,0.007007,0.02
24,rules,96,high,4018.09,0,33.92,0,0.014511,0.03
24,rules,97,medium,16243.8,0,27.37,0,0.005838,0.02
24,rules,98,low,39290.08,1,29.29,0,0.003498,0.01
24,rules,99,medium,18037.1,0,32.35,0,0.006108,0.02
24,rules,100,medium,20935.27,0,29.9,0,0.005681,0.02
24,rules,101,medium,11211.87,1,41.15,0,0.006441,0.02
24,rules,102,low,47558.36,1,42.93,0,0.002782,0.01
24,rules,103,medium,22013.97,0,34.13,0,0.00734,0.02
24,rules,104,high,2579.83,0,29.99,0,0.013652,0.03
24,rules,105,low,49721.56,1,36.86,0,0.003097,0.01
24,rules,106,medium,14799.73,0,30.3,0,0.006968,0.02
24,rules,107,low,60885.73,1,36.32,0,0.002747,0.01
24,rules,108,high,11224.2,1,28.81,0,0.013225,0.03
24,rules,109,high,4018.72,0,36.04,0,0.009332,0.03
24,rules,110,high,5470.47,1,32.59,0,0.01125,0.03
24,rules,111,high,7971.48,0,34.24,0,0.015574,0.03
24,rules,112,medium,14445.08,1,27.96,0,0.005025,0.02
24,rules,113,medium,10850.32,0,26.24,0,0.007439,0.02
24,rules,114,low,75276.64,1,32.21,0,0.001899,0.01
24,rules,115,medium,13013.77,0,40.1,0,0.006687,0.02
24,rules,116,low,53303.66,1,34.67,0,0.003646,0.01
24,rules,117,low,52961.4,1,25.9,0,0.003339,0.01
24,rules,118,high,13749.49,0,26.82,0,0.014233,0.03
24,rules,119,low,35695.34,1,34.73,0,0.003798,0.01
25,rules,0,high,5101.43,0,30.8,0,0.012038,0.03
25,rules,1,medium,22015.25,1,30.71,0,0.00681,0.02
25,rules,2,high,12291.01,0,30.41,0,0.010897,0.03
25,rules,3,medium,34968.36,1,29.51,0,0.005312,0.02
25,rules,4,high,8336.9,0,32.18,0,0.0129,0.03
25,rules,5,high,4746.96,0,29.81,0,0.011941,0.03
25,rules,6,medium,6535.67,0,31.43,0,0.005188,0.02
25,rules,7,high,9415.66,0,29.36,0,0.01142,0.03
25,rules,8,high,6184.35,0,34.08,0,0.008562,0.03
25,rules,9,medium,20561.0,1,28.24,0,0.00633,0.02
25,rules,10,low,47581.74,1,25.07,0,0.002512,0.01
25,rules,11,high,4730.71,0,30.45,0,0.014085,0.03
25,rules,12,high,7608.81,0,36.47,0,0.011869,0.03
25,rules,13,low,39288.28,1,26.71,0,0.001897,0.01
25,rules,14,low,43597.76,1,34.27,0,0.003883,0.01
25,rules,15,low,45401.1,1,31.59,0,0.002836,0.01
25,rules,16,high,10498.76,0,35.27,0,0.016508,0.03
25,rules,17,low,53326.26,1,37.8,0,0.002209,0.01
25,rules,18,low,75641.83,0,25.43,0,0.00199,0.01
25,rules,19,high,7259.06,0,34.68,0,0.015841,0.03
25,rules,20,high,9416.1,0,34.65,0,0.012537,0.03
25,rules,21,medium,21634.05,0,31.17,0,0.005511,0.02
25,rules,22,medium,14808.42,1,22.84,0,0.007506,0.02
25,rules,23,high,4021.59,0,30.06,0,0.011384,0.03
25,rules,24,low,45383.22,1,33.3,0,0.00357,0.01
25,rules,25,medium,23816.83,1,31.7,0,0.005259,0.02
25,rules,26,low,32075.77,0,37.02,0,0.002164,0.01
25,rules,27,high,5444.79,0,30.15,0,0.009469,0.03
25,rules,28,medium,8684.73,1,30.7,0,0.005392,0.02
25,rules,29,medium,16962.96,0,31.44,0,0.005499,0.02
25,rules,30,low,43254.97,1,27.66,0,0.003586,0.01
25,rules,31,high,10850.7,1,30.03,0,0.013189,0.03
25,rules,32,low,58724.88,1,34.29,0,0.003098,0.01
25,rules,33,medium,16969.31,0,36.67,0,0.007261,0.02
25,rules,34,medium,12299.58,1,32.22,0,0.005321,0.02
25,rules,35,medium,19494.29,1,24.02,0,0.006594,0.02
25,rules,36,low,27046.2,1,32.4,0,0.00339,0.01
25,rules,37,medium,27747.73,0,32.83,0,0.006778,0.02
25,rules,38,high,1499.09,0,36.2,0,0.010627,0.03
25,rules,39,low,32445.24,0,34.19,0,0.003559,0.01
25,rules,40,medium,18768.52,1,30.61,0,0.00678,0.02
25,rules,41,low,51873.89,1,34.52,0,0.002631,0.01
25,rules,42,low,64462.98,1,35.29,0,0.00292,0.01
25,rules,43,high,7984.29,1,35.87,0,0.01297,0.03
25,rules,44,medium,18764.55,0,37.95,0,0.005958,0.02
25,rules,45,medium,12645.93,0,33.92,0,0.006607,0.02
25,rules,46,medium,28485.22,0,34.83,0,0.004893,0.02
25,rules,47,low,39274.96,1,31.12,0,0.002596,0.01
25,rules,48,high,1490.29,0,25.9,0,0.013136,0.03
25,rules,49,high,12635.04,1,27.63,0,0.013026,0.03
25,rules,50,high,2222.07,0,35.3,0,0.013409,0.03
25,rules,51,high,9786.0,0,34.78,0,0.009476,0.03
25,rules,52,high,9405.24,0,24.36,0,0.012059,0.03
25,rules,53,high,7607.53,0,28.5,0,0.010027,0.03
25,rules,54,low,55117.74,1,36.27,0,0.002276,0.01
25,rules,55,high,5457.98,0,29.39,0,0.011304,0.03
25,rules,56,high,17701.98,0,30.22,0,0.010062,0.03
25,rules,57,low,51152.43,1,29.07,0,0.003155,0.01
25,rules,58,high,6545.65,0,36.74,0,0.011875,0.03
25,rules,59,high,8703.09,0,38.45,0,0.013107,0.03
25,rules,60,low,51885.78,1,31.75,0,0.003099,0.01
25,rules,61,medium,20592.51,0,40.24,0,0.007233,0.02
25,rules,62,high,7264.93,1,32.78,0,0.014202,0.03
25,rules,63,medium,17322.66,1,37.29,0,0.005143,0.02
25,rules,64,medium,33873.87,1,40.81,0,0.004145,0.02
25,rules,65,low,48635.27,1,27.25,0,0.002929,0.01
25,rules,66,medium,10836.3,0,30.16,0,0.006418,0.02
25,rules,67,high,15181.5,0,31.39,0,0.009791,0.03
25,rules,68,high,7245.47,1,37.6,0,0.012748,0.03
25,rules,69,low,63394.71,1,31.41,0,0.002675,0.01
25,rules,70,low,56918.75,1,31.35,0,0.003251,0.01
25,rules,71,high,6185.48,0,29.32,0,0.011222,0.03
25,rules,72,low,47909.63,1,39.8,0,0.00314,0.01
25,rules,73,medium,20931.27,1,26.15,0,0.005651,0.02
25,rules,74,low,48993.82,0,40.1,0,0.003304,0.01
25,rules,75,high,11215.11,0,41.34,0,0.013765,0.03
25,rules,76,medium,17322.32,0,26.93,0,0.007828,0.02
25,rules,77,high,7618.66,0,24.49,0,0.01486,0.03
25,rules,78,low,56932.65,1,32.42,0,0.003159,0.01
25,rules,79,low,39633.54,0,27.63,0,0.002506,0.01
25,rules,80,high,10861.24,0,26.26,0,0.01106,0.03
25,rules,81,high,6183.1,1,31.75,0,0.010263,0.03
25,rules,82,low,45741.77,0,30.86,0,0.003639,0.01
25,rules,83,low,47561.01,1,31.65,0,0.003623,0.01
25,rules,84,medium,17682.36,1,33.47,0,0.00714,0.02
25,rules,85,low,59816.74,1,34.12,0,0.002697,0.01
25,rules,86,medium,5805.08,1,38.45,0,0.00475,0.02
25,rules,87,medium,32800.88,1,29.4,0,0.00406,0.02
25,rules,88,medium,18403.65,1,32.95,0,0.00589,0.02
25,rules,89,low,48642.65,1,33.82,0,0.003396,0.01
25,rules,90,medium,24513.45,0,31.93,0,0.005657,0.02
25,rules,91,medium,6170.7,0,33.79,0,0.00468,0.02
25,rules,92,high,5103.73,0,26.52,0,0.016069,0.03
25,rules,93,high,4729.1,1,31.51,0,0.00585,0.03
25,rules,94,low,50051.61,1,33.48,0,0.00285,0.01
25,rules,95,medium,14810.9,0,28.29,0,0.007191,0.02
25,rules,96,medium,7254.07,1,27.94,0,0.005674,0.02
25,rules,97,low,45403.26,1,37.89,0,0.00389,0.01
25,rules,98,high,5098.6,0,35.63,0,0.011966,0.03
25,rules,99,high,15905.91,0,28.12,0,0.011885,0.03
25,rules,100,low,47205.81,1,34.87,0,0.003442,0.01
25,rules,101,low,67368.29,1,29.83,0,0.00215,0.01
25,rules,102,low,55842.41,0,30.44,0,0.002876,0.01
25,rules,103,low,45779.08,1,28.71,0,0.002791,0.01
25,rules,104,low,39269.97,0,36.75,0,0.002755,0.01
25,rules,105,medium,12998.29,1,29.61,0,0.007178,0.02
25,rules,106,high,9045.29,0,41.83,0,0.010314,0.03
25,rules,107,high,8335.18,0,29.73,0,0.011275,0.03
25,rules,108,high,7622.12,0,30.47,0,0.012542,0.03
25,rules,109,high,5809.92,1,34.27,0,0.012761,0.03
25,rules,110,high,12287.96,0,34.56,0,0.009368,0.03
25,rules,111,high,5100.79,1,30.82,0,0.0113,0.03
25,rules,112,medium,21651.44,0,34.01,0,0.005533,0.02
25,rules,113,high,7978.62,1,39.24,0,0.012099,0.03
25,rules,114,low,41448.42,1,32.42,0,0.00366,0.01
25,rules,115,medium,11214.24,0,28.25,0,0.006245,0.02
25,rules,116,medium,11205.99,0,37.12,0,0.004902,0.02
25,rules,117,medium,15166.01,0,36.52,0,0.005211,0.02
25,rules,118,low,42884.39,0,24.38,0,0.003604,0.01
25,rules,119,medium,14793.19,1,31.32,0,0.004876,0.02
26,rules,0,medium,15890.02,0,31.35,0,0.006862,0.02
26,rules,1,medium,23438.42,0,29.76,0,0.006672,0.02
26,rules,2,high,6172.85,1,28.69,0,0.013028,0.03
26,rules,3,low,49723.4,1,29.02,0,0.003116,0.01
26,rules,4,medium,19482.9,0,30.37,0,0.006236,0.02
26,rules,5,high,13740.27,0,27.66,0,0.008973,0.03
26,rules,6,medium,20558.87,0,41.06,0,0.006438,0.02
26,rules,7,high,10137.89,1,25.75,0,0.01199,0.03
26,rules,8,low,61614.65,1,36.33,0,0.003145,0.01
26,rules,9,high,13361.87,0,27.05,0,0.014259,0.03
26,rules,10,high,3300.93,0,31.72,0,0.014105,0.03
26,rules,11,low,54398.36,1,29.44,0,0.003519,0.01
26,rules,12,low,49373.19,1,30.8,0,0.002998,0.01
26,rules,13,high,8691.58,0,34.61,0,0.012851,0.03
26,rules,14,medium,10499.19,1,23.99,0,0.005048,0.02
26,rules,15,low,39636.91,1,35.2,0,0.003348,0.01
26,rules,16,high,8703.23,1,26.48,0,0.015291,0.03
26,rules,17,low,42890.27,1,41.28,0,0.003543,0.01
26,rules,18,high,9770.07,0,34.96,0,0.013828,0.03
26,rules,19,low,56553.53,1,36.05,0,0.002675,0.01
26,rules,20,low,13724.6,0,26.75,0,0.00263,0.01
26,rules,21,medium,29913.27,0,36.78,0,0.006474,0.02
26,rules,22,low,20930.96,1,37.11,0,0.003265,0.01
26,rules,23,low,47916.67,0,24.7,0,0.002447,0.01
26,rules,24,medium,14803.98,1,33.79,0,0.005481,0.02
26,rules,25,low,44326.37,1,32.87,0,0.003397,0.01
26,rules,26,low,65570.73,1,32.61,0,0.002926,0.01
26,rules,27,low,51884.02,1,35.31,0,0.003355,0.01
26,rules,28,high,13023.5,1,37.28,0,0.008545,0.03
26,rules,29,high,3658.48,0,36.35,0,0.013139,0.03
26,rules,30,high,12318.37,0,27.43,0,0.010957,0.03
26,rules,31,high,9774.36,0,28.99,0,0.012996,0.03
26,rules,32,high,10141.5,0,32.89,0,0.012691,0.03
26,rules,33,medium,20197.9,1,32.23,0,0.006175,0.02
26,rules,34,high,10869.8,0,43.24,0,0.012189,0.03
26,rules,35,high,7264.28,0,32.97,0,0.015991,0.03
26,rules,36,medium,13370.24,0,32.29,0,0.00587,0.02
26,rules,37,medium,9766.75,1,30.16,0,0.005298,0.02
26,rules,38,low,40739.85,1,33.84,0,0.003162,0.01
26,rules,39,medium,23816.14,0,31.01,0,0.005287,0.02
26,rules,40,medium,16245.17,1,24.5,0,0.007737,0.02
26,rules,41,low,49738.79,1,32.57,0,0.002387,0.01
26,rules,42,high,1847.75,0,37.05,0,0.012614,0.03
26,rules,43,low,64474.45,1,30.59,0,0.002415,0.01
26,rules,44,low,54396.34,1,31.97,0,0.003429,0.01
26,rules,45,medium,17323.44,0,34.53,0,0.006805,0.02
26,rules,46,high,6888.99,0,34.98,0,0.010751,0.03
26,rules,47,low,71667.28,1,33.94,0,0.002288,0.01
26,rules,48,high,5087.21,0,30.46,0,0.010806,0.03
26,rules,49,low,53313.3,1,28.78,0,0.002194,0.01
26,rules,50,medium,6540.65,1,28.21,0,0.005829,0.02
26,rules,51,high,7625.91,0,33.33,0,0.013248,0.03
26,rules,52,medium,24155.7,1,41.35,0,0.006348,0.02
26,rules,53,low,57278.62,1,36.6,0,0.002964,0.01
26,rules,54,high,19860.64,0,37.49,0,0.009458,0.03
26,rules,55,high,7628.74,0,33.54,0,0.012044,0.03
26,rules,56,medium,24885.63,0,31.84,0,0.004684,0.02
26,rules,57,high,15901.57,0,29.48,0,0.012324,0.03
26,rules,58,high,5815.66,0,29.9,0,0.011073,0.03
26,rules,59,high,9044.06,0,26.53,0,0.013192,0.03
26,rules,60,medium,7971.26,1,28.51,0,0.005634,0.02
26,rules,61,high,3300.79,0,34.82,0,0.015092,0.03
26,rules,62,high,7263.53,0,37.77,0,0.013869,0.03
26,rules,63,medium,21299.41,0,27.12,0,0.005011,0.02
26,rules,64,low,49366.71,1,22.39,0,0.003508,0.01
26,rules,65,low,56925.54,1,32.86,0,0.003332,0.01
26,rules,66,medium,19498.32,0,27.01,0,0.007232,0.02
26,rules,67,low,42149.26,1,34.26,0,0.002879,0.01
26,rules,68,medium,24891.42,1,29.97,0,0.00571,0.02
26,rules,69,medium,11204.73,1,29.36,0,0.007047,0.02
26,rules,70,high,2937.15,0,37.61,0,0.012316,0.03
26,rules,71,low,52607.4,0,34.09,0,0.002581,0.01
26,rules,72,high,9054.48,0,25.1,0,0.012589,0.03
26,rules,73,high,8340.46,0,25.75,0,0.011427,0.03
26,rules,74,medium,18760.49,0,27.66,0,0.008246,0.02
26,rules,75,medium,13382.06,0,34.52,0,0.005765,0.02
26,rules,76,low,63397.99,1,25.87,0,0.003052,0.01
26,rules,77,high,9418.44,0,28.59,0,0.015829,0.03
26,rules,78,low,43594.77,1,31.82,0,0.003068,0.01
26,rules,79,medium,19118.23,0,34.93,0,0.007468,0.02
26,rules,80,medium,13360.84,0,26.89,0,0.006917,0.02
26,rules,81,medium,21647.01,1,30.79,0,0.005844,0.02
26,rules,82,medium,5795.94,0,37.56,0,0.004854,0.02
26,rules,83,high,7251.83,0,33.51,0,0.014124,0.03
26,rules,84,low,55484.04,1,30.43,0,0.00288,0.01
26,rules,85,high,5834.38,1,40.32,0,0.01366,0.03
26,rules,86,medium,7236.52,0,33.63,0,0.006032,0.02
26,rules,87,low,40726.74,1,33.25,0,0.003115,0.01
26,rules,88,high,3298.04,0,37.07,0,0.010736,0.03
26,rules,89,low,68436.64,1,36.42,0,0.002453,0.01
26,rules,90,low,59465.81,1,25.96,0,0.003148,0.01
26,rules,91,medium,25602.31,0,30.39,0,0.005995,0.02
26,rules,92,high,9043.83,0,26.89,0,0.009941,0.03
26,rules,93,high,5806.41,0,34.58,0,0.01231,0.03
26,rules,94,high,8337.08,0,25.0,0,0.013761,0.03
26,rules,95,high,7614.56,0,23.48,0,0.01424,0.03
26,rules,96,high,6158.2,0,31.27,0,0.01432,0.03
26,rules,97,medium,4735.87,0,25.79,0,0.007204,0.02
26,rules,98,high,6540.54,0,35.9,0,0.012958,0.03
26,rules,99,medium,13012.46,1,36.09,0,0.006551,0.02
26,rules,100,high,9417.08,0,35.46,0,0.014915,0.03
26,rules,101,low,53692.37,1,31.38,0,0.002656,0.01
26,rules,102,high,2215.51,1,34.12,0,0.014477,0.03
26,rules,103,high,6533.98,0,29.44,0,0.010938,0.03
26,rules,104,high,2939.99,0,28.09,0,0.012204,0.03
26,rules,105,high,5087.49,1,25.95,0,0.009407,0.03
26,rules,106,medium,30285.29,0,29.01,0,0.003557,0.02
26,rules,107,high,10869.61,0,28.95,0,0.011802,0.03
26,rules,108,low,45037.26,1,33.54,0,0.003127,0.01
26,rules,109,medium,19495.97,0,32.08,0,0.006192,0.02
26,rules,110,high,4739.08,0,25.47,0,0.011806,0.03
26,rules,111,high,2941.98,0,34.21,0,0.011714,0.03
26,rules,112,low,37839.03,1,35.91,0,0.003155,0.01
26,rules,113,high,7252.12,0,33.03,0,0.008985,0.03
26,rules,114,high,5451.6,0,33.33,0,0.011975,0.03
26,rules,115,high,11940.3,0,35.46,0,0.007015,0.03
26,rules,116,high,5817.88,0,30.44,0,0.014013,0.03
26,rules,117,medium,15176.89,0,39.56,0,0.004644,0.02
26,rules,118,medium,16956.25,1,25.09,0,0.007146,0.02
26,rules,119,high,11211.41,0,25.35,0,0.012648,0.03
27,rules,0,low,51160.17,1,32.1,0,0.003169,0.01
27,rules,1,medium,10132.29,0,31.98,0,0.007203,0.02
27,rules,2,medium,16608.59,1,42.27,0,0.006983,0.02
27,rules,3,high,8337.59,1,23.58,0,0.00936,0.03
27,rules,4,high,9058.14,0,36.37,0,0.010972,0.03
27,rules,5,medium,19492.23,1,28.78,0,0.005274,0.02
27,rules,6,medium,5819.18,1,31.08,0,0.006716,0.02
27,rules,7,high,6890.51,1,33.02,0,0.01172,0.03
27,rules,8,medium,11932.18,1,32.81,0,0.006263,0.02
27,rules,9,high,9407.09,0,33.72,0,0.014479,0.03
27,rules,10,medium,12639.65,0,34.0,0,0.005445,0.02
27,rules,11,low,45763.66,1,33.76,0,0.003202,0.01
27,rules,12,low,50102.6,1,35.3,0,0.003574,0.01
27,rules,13,high,7974.83,0,33.62,0,0.013208,0.03
27,rules,14,low,76378.85,1,27.74,0,0.00212,0.01
27,rules,15,high,8336.34,0,31.05,0,0.01278,0.03
27,rules,16,medium,27755.69,1,34.53,0,0.005422,0.02
27,rules,17,medium,28135.61,0,30.03,0,0.006223,0.02
27,rules,18,high,7263.63,0,38.06,0,0.009178,0.03
27,rules,19,medium,14092.59,0,34.19,0,0.003868,0.02
27,rules,20,high,4384.23,0,34.89,0,0.013565,0.03
27,rules,21,low,56193.21,1,43.58,0,0.003037,0.01
27,rules,22,high,7981.79,0,28.21,0,0.013369,0.03
27,rules,23,high,6893.06,0,30.25,0,0.012834,0.03
27,rules,24,high,5452.0,0,40.04,0,0.013439,0.03
27,rules,25,low,32799.41,1,27.88,0,0.003246,0.01
27,rules,26,low,56204.92,1,30.28,0,0.002162,0.01
27,rules,27,medium,20569.1,0,32.12,0,0.006075,0.02
27,rules,28,high,6544.99,0,27.5,0,0.008868,0.03
27,rules,29,medium,20926.75,1,39.51,0,0.005885,0.02
27,rules,30,medium,20211.16,1,30.24,0,0.004421,0.02
27,rules,31,low,60880.77,1,33.86,0,0.002323,0.01
27,rules,32,high,18415.21,0,38.61,0,0.011103,0.03
27,rules,33,high,9059.11,0,34.26,0,0.011104,0.03
27,rules,34,medium,17333.25,0,29.43,0,0.005113,0.02
27,rules,35,medium,30264.58,0,32.86,0,0.006785,0.02
27,rules,36,low,63762.89,1,38.0,0,0.003075,0.01
27,rules,37,medium,23075.89,0,25.08,0,0.005968,0.02
27,rules,38,low,42520.52,1,31.24,0,0.003464,0.01
27,rules,39,medium,22373.49,0,32.26,0,0.004106,0.02
27,rules,40,low,41061.16,1,23.97,0,0.003694,0.01
27,rules,41,high,9425.49,0,28.34,0,0.009146,0.03
27,rules,42,medium,14445.53,1,35.97,0,0.007003,0.02
27,rules,43,medium,16960.8,1,32.34,0,0.005705,0.02
27,rules,44,low,56570.96,1,30.68,0,0.00262,0.01
27,rules,45,low,65924.99,1,31.73,0,0.002657,0.01
27,rules,46,medium,15515.14,1,34.51,0,0.006071,0.02
27,rules,47,low,65198.21,1,41.34,0,0.002692,0.01
27,rules,48,low,38574.44,1,35.69,0,0.003554,0.01
27,rules,49,high,14096.48,0,26.63,0,0.012682,0.03
27,rules,50,high,4747.08,1,35.1,0,0.014192,0.03
27,rules,51,high,2585.25,0,39.5,0,0.010992,0.03
27,rules,52,high,4382.91,1,32.42,0,0.008811,0.03
27,rules,53,low,46117.2,0,26.7,0,0.002878,0.01
27,rules,54,low,54398.67,1,34.2,0,0.003258,0.01
27,rules,55,medium,25253.12,1,35.53,0,0.005056,0.02
27,rules,56,high,12301.06,0,29.83,0,0.011673,0.03
27,rules,57,medium,20580.2,1,24.81,0,0.005623,0.02
27,rules,58,low,58344.35,1,24.47,0,0.002873,0.01
27,rules,59,low,50809.02,1,35.42,0,0.003151,0.01
27,rules,60,low,55482.3,0,34.41,0,0.002682,0.01
27,rules,61,high,9058.08,0,31.25,0,0.015003,0.03
27,rules,62,low,52606.4,0,34.2,0,0.002556,0.01
27,rules,63,high,9783.43,0,31.49,0,0.008054,0.03
27,rules,64,medium,20564.89,0,29.35,0,0.005087,0.02
27,rules,65,medium,11572.42,1,33.63,0,0.004802,0.02
27,rules,66,low,65907.5,1,31.04,0,0.002957,0.01
27,rules,67,medium,10493.23,1,35.64,0,0.006114,0.02
27,rules,68,low,42515.44,1,31.51,0,0.003278,0.01
27,rules,69,high,10487.5,0,38.01,0,0.011472,0.03
27,rules,70,low,50813.33,0,39.55,0,0.00401,0.01
27,rules,71,medium,20209.84,1,33.16,0,0.00564,0.02
27,rules,72,low,46125.41,0,39.08,0,0.002556,0.01
27,rules,73,high,6535.47,0,33.5,0,0.012939,0.03
27,rules,74,high,2214.93,1,32.7,0,0.013493,0.03
27,rules,75,low,54756.91,1,25.84,0,0.003212,0.01
27,rules,76,medium,10475.36,0,27.73,0,0.004914,0.02
27,rules,77,low,45762.47,1,31.94,0,0.002697,0.01
27,rules,78,low,37485.49,1,28.6,0,0.00272,0.01
27,rules,79,low,63397.37,1,34.54,0,0.002376,0.01
27,rules,80,low,57647.87,1,34.26,0,0.002554,0.01
27,rules,81,medium,19121.36,1,31.42,0,0.005955,0.02
27,rules,82,high,10499.77,0,30.23,0,0.00879,0.03
27,rules,83,medium,18038.93,0,32.38,0,0.007272,0.02
27,rules,84,low,54027.07,1,30.79,0,0.003689,0.01
27,rules,85,high,8335.34,0,25.75,0,0.013448,0.03
27,rules,86,medium,10130.61,1,31.15,0,0.004186,0.02
27,rules,87,medium,28487.5,1,38.24,0,0.005302,0.02
27,rules,88,high,7250.39,0,33.57,0,0.011179,0.03
27,rules,89,medium,12632.52,0,35.35,0,0.007407,0.02
27,rules,90,low,47912.92,1,28.22,0,0.002775,0.01
27,rules,91,low,60533.24,1,37.48,0,0.002535,0.01
27,rules,92,low,47926.99,0,29.7,0,0.003494,0.01
27,rules,93,medium,21284.75,0,30.36,0,0.006471,0.02
27,rules,94,medium,9051.21,0,30.94,0,0.008224,0.02
27,rules,95,medium,20934.87,0,34.27,0,0.006498,0.02
27,rules,96,medium,32448.1,1,28.44,0,0.004575,0.02
27,rules,97,low,53689.68,1,32.34,0,0.002974,0.01
27,rules,98,medium,27036.96,0,28.68,0,0.005521,0.02
27,rules,99,low,33176.91,1,35.41,0,0.003,0.01
27,rules,100,high,11923.52,0,30.14,0,0.012626,0.03
27,rules,101,medium,30980.63,1,28.59,0,0.005255,0.02
27,rules,102,high,13733.32,0,31.56,0,0.009271,0.03
27,rules,103,low,66275.09,1,30.57,0,0.002398,0.01
27,rules,104,medium,19488.78,0,34.24,0,0.005546,0.02
27,rules,105,low,38213.76,0,29.8,0,0.003505,0.01
27,rules,106,medium,17322.96,0,32.77,0,0.004513,0.02
27,rules,107,low,25254.44,1,37.62,0,0.002917,0.01
27,rules,108,low,47207.83,1,38.15,0,0.002193,0.01
27,rules,109,medium,32817.23,0,35.46,0,0.005167,0.02
27,rules,110,low,45769.44,1,32.21,0,0.003369,0.01
27,rules,111,high,5100.44,0,35.53,0,0.01284,0.03
27,rules,112,low,49729.41,1,36.24,0,0.003083,0.01
27,rules,113,high,6173.83,0,38.16,0,0.013324,0.03
27,rules,114,medium,13740.19,1,31.1,0,0.007334,0.02
27,rules,115,low,64128.57,1,30.66,0,0.002499,0.01
27,rules,116,medium,22017.66,0,28.46,0,0.005206,0.02
27,rules,117,medium,20206.29,0,35.74,0,0.006387,0.02
27,rules,118,medium,31720.95,0,26.04,0,0.0056,0.02
27,rules,119,high,6185.47,0,29.45,0,0.014824,0.03
28,rules,0,medium,31725.56,1,34.54,0,0.004988,0.02
28,rules,1,medium,27406.9,1,34.8,0,0.006976,0.02
28,rules,2,medium,15893.37,0,32.09,0,0.00604,0.02
28,rules,3,medium,35318.93,1,45.06,0,0.003692,0.02
28,rules,4,high,7976.62,0,31.58,0,0.0126,0.03
28,rules,5,low,45391.45,1,34.01,0,0.003824,0.01
28,rules,6,low,68451.42,1,31.18,0,0.002244,0.01
28,rules,7,low,54404.87,1,33.58,0,0.002683,0.01
28,rules,8,high,16621.94,1,37.09,0,0.011277,0.03
28,rules,9,high,14817.46,0,40.01,0,0.01264,0.03
28,rules,10,low,43226.59,1,28.23,0,0.00355,0.01
28,rules,11,medium,11209.4,0,28.61,0,0.008385,0.02
28,rules,12,high,4738.65,1,28.55,0,0.011646,0.03
28,rules,13,medium,6176.99,1,36.14,0,0.00546,0.02
28,rules,14,medium,20932.01,1,30.27,0,0.005466,0.02
28,rules,15,medium,23798.96,0,32.34,0,0.007755,0.02
28,rules,16,high,3645.59,0,33.5,0,0.00936,0.03
28,rules,17,low,60523.69,1,35.77,0,0.002554,0.01
28,rules,18,medium,18764.84,1,35.09,0,0.007521,0.02
28,rules,19,high,4377.09,0,32.45,0,0.011232,0.03
28,rules,20,high,6172.57,0,34.75,0,0.009333,0.03
28,rules,21,low,59081.29,0,35.41,0,0.002907,0.01
28,rules,22,medium,16252.36,0,33.32,0,0.007497,0.02
28,rules,23,high,8326.85,1,30.38,0,0.009013,0.03
28,rules,24,low,46130.09,1,35.77,0,0.002694,0.01
28,rules,25,high,4381.88,0,30.78,0,0.012124,0.03
28,rules,26,medium,19469.71,0,24.33,0,0.008443,0.02
28,rules,27,medium,14084.94,1,29.68,0,0.006036,0.02
28,rules,28,medium,9042.87,1,30.16,0,0.00662,0.02
28,rules,29,high,11569.37,1,28.76,0,0.012317,0.03
28,rules,30,low,76364.2,1,33.97,0,0.002174,0.01
28,rules,31,medium,16247.56,0,33.42,0,0.005023,0.02
28,rules,32,high,6895.87,0,32.13,0,0.010388,0.03
28,rules,33,high,7623.5,1,37.58,0,0.011585,0.03
28,rules,34,low,46849.64,1,30.4,0,0.00332,0.01
28,rules,35,high,3288.86,0,27.05,0,0.015041,0.03
28,rules,36,high,8700.4,0,35.23,0,0.009795,0.03
28,rules,37,high,10864.05,0,28.27,0,0.010914,0.03
28,rules,38,low,48279.88,1,36.59,0,0.003163,0.01
28,rules,39,low,36753.09,1,29.19,0,0.003211,0.01
28,rules,40,low,45776.14,1,29.37,0,0.002883,0.01
28,rules,41,high,6531.91,0,34.82,0,0.010386,0.03
28,rules,42,high,5459.56,0,29.14,0,0.008699,0.03
28,rules,43,low,36749.9,1,29.76,0,0.003673,0.01
28,rules,44,high,10856.33,1,33.58,0,0.012561,0.03
28,rules,45,medium,16599.91,0,30.45,0,0.006713,0.02
28,rules,46,high,5106.58,1,34.12,0,0.01317,0.03
28,rules,47,low,32807.23,1,30.42,0,0.003186,0.01
28,rules,48,low,41076.39,1,28.67,0,0.001886,0.01
28,rules,49,high,9415.73,1,28.56,0,0.010348,0.03
28,rules,50,low,46478.49,1,26.39,0,0.003095,0.01
28,rules,51,low,42507.43,1,28.58,0,0.00317,0.01
28,rules,52,low,40009.28,1,32.76,0,0.003726,0.01
28,rules,53,medium,22367.38,1,31.65,0,0.006917,0.02
28,rules,54,low,57276.88,1,33.58,0,0.003258,0.01
28,rules,55,low,59442.45,1,33.76,0,0.003238,0.01
28,rules,56,medium,15870.11,0,31.94,0,0.0062,0.02
28,rules,57,high,10493.69,0,27.69,0,0.013166,0.03
28,rules,58,high,8338.58,0,28.47,0,0.014294,0.03
28,rules,59,medium,23801.9,1,34.79,0,0.004797,0.02
28,rules,60,medium,21288.54,0,32.73,0,0.006815,0.02
28,rules,61,medium,10499.87,0,40.52,0,0.007657,0.02
28,rules,62,medium,16612.76,0,35.3,0,0.005772,0.02
28,rules,63,high,6172.22,0,39.16,0,0.012019,0.03
28,rules,64,high,7966.53,0,31.31,0,0.011064,0.03
28,rules,65,medium,14454.85,1,29.68,0,0.006533,0.02
28,rules,66,high,12663.07,0,26.49,0,0.012396,0.03
28,rules,67,low,40363.96,1,31.0,0,0.002443,0.01
28,rules,68,high,6178.38,1,26.6,0,0.015566,0.03
28,rules,69,medium,7233.8,0,28.35,0,0.006681,0.02
28,rules,70,low,30999.18,0,22.37,0,0.003262,0.01
28,rules,71,high,10494.49,0,27.24,0,0.007524,0.03
28,rules,72,high,4734.22,0,30.09,0,0.014207,0.03
28,rules,73,medium,17337.9,0,29.41,0,0.005532,0.02
28,rules,74,high,7634.35,0,38.53,0,0.012937,0.03
28,rules,75,high,4027.83,0,30.84,0,0.011108,0.03
28,rules,76,medium,18410.15,1,36.87,0,0.005602,0.02
28,rules,77,low,43249.59,1,32.1,0,0.004544,0.01
28,rules,78,high,8337.66,1,27.91,0,0.013429,0.03
28,rules,79,medium,33162.82,1,19.37,0,0.005733,0.02
28,rules,80,high,8341.3,1,41.31,0,0.014597,0.03
28,rules,81,high,7977.29,0,32.31,0,0.013585,0.03
28,rules,82,medium,26681.7,0,29.62,0,0.006809,0.02
28,rules,83,high,7982.62,0,28.58,0,0.01285,0.03
28,rules,84,medium,24888.38,0,31.25,0,0.006836,0.02
28,rules,85,medium,25958.2,1,32.41,0,0.006145,0.02
28,rules,86,high,8702.77,0,28.28,0,0.012033,0.03
28,rules,87,low,49360.17,0,32.79,0,0.002684,0.01
28,rules,88,low,43956.2,1,41.24,0,0.002825,0.01
28,rules,89,medium,15879.54,1,33.35,0,0.005538,0.02
28,rules,90,low,54417.19,1,32.11,0,0.003245,0.01
28,rules,91,high,2938.94,0,29.61,0,0.013067,0.03
28,rules,92,medium,13367.81,1,26.42,0,0.005094,0.02
28,rules,93,medium,23799.08,0,28.31,0,0.005525,0.02
28,rules,94,medium,11935.91,1,32.28,0,0.005063,0.02
28,rules,95,low,46484.7,1,42.64,0,0.003139,0.01
28,rules,96,low,58367.9,1,29.78,0,0.002552,0.01
28,rules,97,medium,15168.64,0,27.29,0,0.005326,0.02
28,rules,98,medium,23430.19,1,32.73,0,0.006114,0.02
28,rules,99,high,8334.95,1,32.37,0,0.01225,0.03
28,rules,100,medium,10476.62,1,31.48,0,0.006821,0.02
28,rules,101,low,64113.53,1,30.87,0,0.002855,0.01
28,rules,102,low,46121.31,1,30.42,0,0.003306,0.01
28,rules,103,high,6171.95,1,32.97,0,0.009934,0.03
28,rules,104,medium,29210.93,0,34.57,0,0.00637,0.02
28,rules,105,low,51523.27,1,28.51,0,0.002668,0.01
28,rules,106,high,6900.06,0,31.57,0,0.016159,0.03
28,rules,107,medium,16954.18,1,29.29,0,0.004959,0.02
28,rules,108,medium,23812.73,1,38.94,0,0.004678,0.02
28,rules,109,medium,25246.33,1,29.22,0,0.007245,0.02
28,rules,110,low,62315.09,1,36.2,0,0.003117,0.01
28,rules,111,high,6168.27,0,33.4,0,0.014435,0.03
28,rules,112,low,47214.9,1,38.42,0,0.002949,0.01
28,rules,113,low,62681.38,1,29.82,0,0.002868,0.01
28,rules,114,high,27417.74,0,39.59,0,0.007175,0.03
28,rules,115,medium,23463.9,0,27.1,0,0.006411,0.02
28,rules,116,high,4737.13,1,29.65,0,0.010104,0.03
28,rules,117,low,34247.47,1,32.25,0,0.00322,0.01
28,rules,118,high,8348.12,0,35.55,0,0.014946,0.03
28,rules,119,low,45396.64,1,28.98,0,0.002662,0.01
29,rules,0,high,13735.41,0,27.02,0,0.013036,0.03
29,rules,1,low,47221.98,1,33.25,0,0.003117,0.01
29,rules,2,medium,12291.18,0,35.62,0,0.005454,0.02
29,rules,3,high,4388.6,0,40.3,0,0.012274,0.03
29,rules,4,high,6176.57,0,31.66,0,0.011375,0.03
29,rules,5,high,14450.1,1,31.68,0,0.013024,0.03
29,rules,6,low,51532.61,1,33.64,0,0.004004,0.01
29,rules,7,high,10501.38,0,28.79,0,0.014685,0.03
29,rules,8,low,36045.45,1,33.05,0,0.003447,0.01
29,rules,9,high,8705.8,0,32.4,0,0.014377,0.03
29,rules,10,medium,12298.01,0,36.47,0,0.006908,0.02
29,rules,11,medium,16615.68,0,35.57,0,0.006868,0.02
29,rules,12,medium,23439.68,0,33.8,0,0.005945,0.02
29,rules,13,low,42875.79,1,29.98,0,0.003647,0.01
29,rules,14,low,51160.59,1,30.22,0,0.002717,0.01
29,rules,15,medium,19116.93,1,28.2,0,0.006019,0.02
29,rules,16,medium,20916.0,0,37.45,0,0.005966,0.02
29,rules,17,medium,32086.92,1,27.95,0,0.006028,0.02
29,rules,18,low,30988.55,1,35.67,0,0.00343,0.01
29,rules,19,high,6167.48,0,29.7,0,0.013611,0.03
29,rules,20,low,34600.23,1,32.29,0,0.003109,0.01
29,rules,21,low,54398.0,1,44.08,0,0.003394,0.01
29,rules,22,high,6535.55,0,28.86,0,0.013699,0.03
29,rules,23,medium,32801.31,1,32.9,0,0.004766,0.02
29,rules,24,medium,30295.01,1,28.93,0,0.004677,0.02
29,rules,25,high,10861.08,0,26.98,0,0.010734,0.03
29,rules,26,low,46121.5,1,28.8,0,0.002988,0.01
29,rules,27,low,40004.87,1,28.28,0,0.003629,0.01
29,rules,28,medium,26330.02,0,30.61,0,0.00507,0.02
29,rules,29,high,8346.95,0,29.84,0,0.015383,0.03
29,rules,30,low,62327.18,1,28.1,0,0.003168,0.01
29,rules,31,high,10496.04,0,29.61,0,0.013938,0.03
29,rules,32,low,69159.32,1,22.13,0,0.002106,0.01
29,rules,33,high,4371.43,0,21.42,0,0.013899,0.03
29,rules,34,medium,13354.25,0,32.57,0,0.008566,0.02
29,rules,35,low,55502.32,1,27.76,0,0.002661,0.01
29,rules,36,high,5820.02,1,33.59,0,0.012864,0.03
29,rules,37,high,8694.77,0,35.66,0,0.013567,0.03
29,rules,38,high,1500.58,0,28.74,0,0.012523,0.03
29,rules,39,low,48634.69,1,32.65,0,0.003218,0.01
29,rules,40,medium,22018.15,1,36.38,0,0.004511,0.02
29,rules,41,medium,37482.74,0,30.49,0,0.004812,0.02
29,rules,42,medium,10488.21,1,33.07,0,0.007643,0.02
29,rules,43,low,36769.72,1,26.68,0,0.003242,0.01
29,rules,44,low,32426.41,1,30.43,0,0.002641,0.01
29,rules,45,high,1137.86,0,32.9,0,0.010726,0.03
29,rules,46,high,15543.7,0,27.19,0,0.012299,0.03
29,rules,47,low,47931.29,1,32.07,0,0.002972,0.01
29,rules,48,high,3659.76,0,31.6,0,0.010967,0.03
29,rules,49,medium,24162.96,0,31.16,0,0.007433,0.02
29,rules,50,medium,20929.76,0,23.2,0,0.006156,0.02
29,rules,51,high,8333.43,0,34.03,0,0.014277,0.03
29,rules,52,low,47197.28,1,33.84,0,0.002928,0.01
29,rules,53,low,40368.62,1,33.98,0,0.003001,0.01
29,rules,54,medium,25972.47,1,30.15,0,0.005157,0.02
29,rules,55,low,59073.23,1,37.7,0,0.003173,0.01
29,rules,56,medium,19858.56,1,32.4,0,0.005812,0.02
29,rules,57,medium,21671.49,0,31.52,0,0.005393,0.02
29,rules,58,low,59438.38,1,30.47,0,0.002919,0.01
29,rules,59,medium,25245.74,0,38.9,0,0.005442,0.02
29,rules,60,low,46507.46,1,32.85,0,0.002576,0.01
29,rules,61,low,48634.98,1,38.29,0,0.003164,0.01
29,rules,62,low,74197.98,0,27.56,0,0.00268,0.01
29,rules,63,high,6186.3,0,32.13,0,0.014905,0.03
29,rules,64,low,40369.33,1,37.87,0,0.003043,0.01
29,rules,65,medium,12294.68,1,30.1,0,0.006243,0.02
29,rules,66,low,62679.72,1,30.96,0,0.002184,0.01
29,rules,67,medium,28850.11,0,34.26,0,0.004554,0.02
29,rules,68,high,2586.74,1,33.92,0,0.012739,0.03
29,rules,69,low,38559.41,1,32.09,0,0.003664,0.01
29,rules,70,high,7262.3,0,30.86,0,0.010221,0.03
29,rules,71,low,47200.24,1,35.04,0,0.003403,0.01
29,rules,72,high,7976.65,0,38.66,0,0.012841,0.03
29,rules,73,high,6177.44,0,31.82,0,0.015641,0.03
29,rules,74,high,4004.87,0,34.35,0,0.015629,0.03
29,rules,75,medium,15880.26,1,33.65,0,0.007548,0.02
29,rules,76,low,48993.9,1,29.63,0,0.002879,0.01
29,rules,77,medium,9773.0,0,35.28,0,0.006929,0.02
29,rules,78,high,5101.98,1,33.54,0,0.011532,0.03
29,rules,79,medium,16612.15,1,37.56,0,0.00804,0.02
29,rules,80,low,49358.01,1,40.24,0,0.003092,0.01
29,rules,81,high,9052.59,1,32.65,0,0.00898,0.03
29,rules,82,medium,22365.31,1,37.31,0,0.006106,0.02
29,rules,83,low,52248.14,1,32.93,0,0.00287,0.01
29,rules,84,low,36406.52,1,31.22,0,0.00363,0.01
29,rules,85,low,65202.11,0,30.36,0,0.002446,0.01
29,rules,86,low,43960.4,1,34.19,0,0.003887,0.01
29,rules,87,high,6541.11,0,28.92,0,0.014436,0.03
29,rules,88,low,43608.73,0,23.52,0,0.003298,0.01
29,rules,89,high,2928.76,0,29.03,0,0.014574,0.03
29,rules,90,high,6887.14,1,28.75,0,0.012544,0.03
29,rules,91,medium,21663.24,1,28.62,0,0.004329,0.02
29,rules,92,low,48994.27,1,35.49,0,0.002918,0.01
29,rules,93,medium,15890.07,1,35.95,0,0.005376,0.02
29,rules,94,high,12293.43,0,30.69,0,0.013721,0.03
29,rules,95,high,10136.52,0,28.69,0,0.013588,0.03
29,rules,96,low,70238.54,0,33.97,0,0.002333,0.01
29,rules,97,high,9398.44,0,26.24,0,0.01831,0.03
29,rules,98,high,7615.98,0,23.51,0,0.009833,0.03
29,rules,99,high,5089.53,0,27.3,0,0.012883,0.03
29,rules,100,high,10136.23,0,35.17,0,0.00854,0.03
29,rules,101,medium,19501.37,1,32.6,0,0.003685,0.02
29,rules,102,medium,20572.92,0,29.91,0,0.007414,0.02
29,rules,103,low,38563.5,0,32.88,0,0.003263,0.01
29,rules,104,medium,17685.2,1,30.96,0,0.007238,0.02
29,rules,105,low,43585.7,1,32.55,0,0.002531,0.01
29,rules,106,medium,9394.53,1,27.22,0,0.005396,0.02
29,rules,107,medium,33517.7,0,31.09,0,0.005971,0.02
29,rules,108,high,12660.19,0,29.24,0,0.010369,0.03
29,rules,109,high,9419.78,0,31.29,0,0.010398,0.03
29,rules,110,high,4002.4,0,31.95,0,0.012466,0.03
29,rules,111,high,7269.22,0,35.17,0,0.01203,0.03
29,rules,112,high,3286.53,1,32.95,0,0.013085,0.03
29,rules,113,high,15528.5,0,33.0,0,0.009201,0.03
29,rules,114,medium,23104.89,1,31.24,0,0.005454,0.02
29,rules,115,low,70240.1,1,33.62,0,0.00272,0.01
29,rules,116,low,57280.4,1,28.63,0,0.002246,0.01
29,rules,117,high,2222.99,0,37.4,0,0.011445,0.03
29,rules,118,high,8700.41,1,31.44,0,0.012007,0.03
29,rules,119,medium,22734.44,1,27.41,0,0.004876,0.02
0,dt,0,high,6152.24,0,18.28,0,0.006806,0.03
0,dt,1,medium,25946.43,1,22.13,0,0.005767,0.02
0,dt,2,high,12993.56,1,25.96,0,0.014286,0.03
0,dt,3,low,51141.11,1,20.45,0,0.002318,0.01
0,dt,4,medium,7582.43,1,20.29,0,0.006668,0.02
0,dt,5,medium,13338.54,0,16.72,0,0.006513,0.02
0,dt,6,medium,7582.2,1,18.8,0,0.006594,0.02
0,dt,7,medium,14789.06,1,19.98,0,0.006866,0.02
0,dt,8,low,43578.41,1,17.27,0,0.003656,0.01
0,dt,9,medium,18382.55,1,22.82,0,0.006158,0.02
0,dt,10,medium,16217.25,1,15.44,0,0.005252,0.02
0,dt,11,medium,22699.2,1,24.16,0,0.005653,0.02
0,dt,12,high,5068.18,0,21.95,0,0.009939,0.03
0,dt,13,high,8313.07,0,21.53,0,0.013882,0.03
0,dt,14,high,10109.98,0,17.34,0,0.011135,0.03
0,dt,15,high,5790.53,0,16.31,0,0.01352,0.03
0,dt,16,medium,20183.14,0,19.7,0,0.005637,0.02
0,dt,17,high,4353.21,0,23.52,0,0.012687,0.03
0,dt,18,high,14062.98,0,19.18,0,0.013174,0.03
0,dt,19,low,37095.53,1,17.76,1,0.003348,0.01
0,dt,20,low,41417.43,1,19.7,0,0.002426,0.01
0,dt,21,low,55453.31,1,22.12,0,0.003002,0.01
0,dt,22,high,2551.03,0,19.68,0,0.006886,0.03
0,dt,23,low,55821.54,0,15.78,0,0.002529,0.01
0,dt,24,low,43578.6,1,18.88,0,0.003301,0.01
0,dt,25,medium,28827.28,1,24.54,0,0.00572,0.02
0,dt,26,low,46098.4,1,21.98,0,0.002992,0.01
0,dt,27,high,8672.59,1,18.43,1,0.010968,0.03
0,dt,28,high,5431.44,0,24.16,0,0.011917,0.03
0,dt,29,high,3274.73,0,17.53,0,0.012753,0.03
0,dt,30,low,27020.0,1,19.13,0,0.003468,0.01
0,dt,31,medium,15865.71,1,20.24,0,0.006791,0.02
0,dt,32,medium,22701.21,1,23.44,1,0.007269,0.02
0,dt,33,high,3269.61,0,21.78,0,0.010727,0.03
0,dt,34,high,3627.93,0,21.82,1,0.011943,0.03
0,dt,35,high,5431.86,0,20.06,0,0.012136,0.03
0,dt,36,high,6508.89,0,19.08,0,0.012644,0.03
0,dt,37,high,8662.76,0,19.87,0,0.015094,0.03
0,dt,38,low,70579.4,1,22.94,0,0.002147,0.01
0,dt,39,medium,18020.28,1,19.77,1,0.00442,0.02
0,dt,40,low,36023.94,1,19.82,0,0.003685,0.01
0,dt,41,low,58695.22,1,21.95,0,0.002168,0.01
0,dt,42,low,41419.34,1,24.25,0,0.003526,0.01
0,dt,43,low,36023.29,1,20.86,0,0.003395,0.01
0,dt,44,low,53297.27,1,20.29,0,0.003231,0.01
0,dt,45,high,11553.31,0,24.65,0,0.011386,0.03
0,dt,46,low,40338.28,1,22.18,1,0.004089,0.01
0,dt,47,low,36741.63,1,17.68,0,0.002702,0.01
0,dt,48,high,9751.81,1,18.73,0,0.009017,0.03
0,dt,49,medium,15861.2,0,20.35,0,0.007121,0.02
0,dt,50,low,58694.78,0,26.09,1,0.002676,0.01
0,dt,51,high,2189.84,0,17.08,0,0.012634,0.03
0,dt,52,high,5796.23,0,23.98,1,0.017299,0.03
0,dt,53,high,5790.62,0,21.49,0,0.012979,0.03
0,dt,54,high,2550.81,0,22.72,0,0.00963,0.03
0,dt,55,low,54380.88,1,26.82,0,0.002692,0.01
0,dt,56,low,56905.46,1,19.37,0,0.002771,0.01
0,dt,57,low,26653.02,1,21.75,0,0.003743,0.01
0,dt,58,low,51502.26,1,23.97,0,0.00329,0.01
0,dt,59,low,50413.54,1,20.66,0,0.003381,0.01
0,dt,60,low,58338.22,0,26.17,0,0.002924,0.01
0,dt,61,medium,18014.74,0,22.83,0,0.005939,0.02
0,dt,62,high,11190.59,0,18.47,0,0.011161,0.03
0,dt,63,low,56541.86,1,19.04,0,0.002988,0.01
0,dt,64,low,45734.51,0,21.09,0,0.003066,0.01
0,dt,65,high,5069.03,0,21.0,0,0.011259,0.03
0,dt,66,low,42496.32,1,17.12,0,0.003111,0.01
0,dt,67,high,5071.09,0,20.67,0,0.009578,0.03
0,dt,68,medium,14418.73,0,20.73,0,0.007276,0.02
0,dt,69,low,45740.13,0,22.09,0,0.002439,0.01
0,dt,70,medium,11186.63,1,22.81,0,0.0076,0.02
0,dt,71,low,53661.63,0,20.29,0,0.00264,0.01
0,dt,72,high,11912.49,0,23.79,0,0.01262,0.03
0,dt,73,high,3269.99,0,23.51,1,0.013058,0.03
0,dt,74,low,52939.62,1,20.85,0,0.00312,0.01
0,dt,75,medium,12624.4,0,16.77,0,0.006073,0.02
0,dt,76,medium,10819.54,1,15.54,0,0.00662,0.02
0,dt,77,high,7954.43,0,17.96,0,0.012642,0.03
0,dt,78,low,51856.67,1,21.68,0,0.003272,0.01
0,dt,79,medium,5061.7,0,24.4,0,0.005203,0.02
0,dt,80,high,9029.58,0,20.23,0,0.013712,0.03
0,dt,81,medium,19467.73,0,23.2,0,0.007735,0.02
0,dt,82,medium,16577.06,1,27.56,0,0.007408,0.02
0,dt,83,medium,16590.14,0,18.05,0,0.007037,0.02
0,dt,84,medium,20908.59,1,24.39,0,0.005715,0.02
0,dt,85,high,1471.84,0,22.21,0,0.010841,0.03
0,dt,86,medium,18742.95,0,22.85,0,0.005583,0.02
0,dt,87,low,50772.66,1,21.61,0,0.002503,0.01
0,dt,88,high,6518.79,0,18.55,0,0.013921,0.03
0,dt,89,high,6871.9,0,21.78,0,0.011435,0.03
0,dt,90,high,3628.58,0,20.98,0,0.016662,0.03
0,dt,91,low,23422.56,0,18.3,0,0.003833,0.01
0,dt,92,high,10828.66,1,21.1,0,0.00805,0.03
0,dt,93,medium,16943.84,1,21.03,0,0.00554,0.02
0,dt,94,medium,14425.36,0,17.08,0,0.007464,0.02
0,dt,95,high,4718.19,0,21.56,0,0.013893,0.03
0,dt,96,high,10112.84,0,17.22,1,0.016508,0.03
0,dt,97,high,10104.59,0,21.78,0,0.01247,0.03
0,dt,98,high,6154.63,0,23.98,0,0.016127,0.03
0,dt,99,low,42141.12,1,21.93,1,0.002629,0.01
0,dt,100,low,56538.01,1,26.27,0,0.003037,0.01
0,dt,101,medium,19465.62,1,24.27,0,0.004789,0.02
0,dt,102,low,25570.59,1,22.75,0,0.002903,0.01
0,dt,103,medium,6143.53,0,27.68,1,0.006727,0.02
0,dt,104,high,11548.37,0,21.2,0,0.01541,0.03
0,dt,105,high,8675.22,0,25.93,1,0.014767,0.03
0,dt,106,high,5789.21,0,20.72,0,0.011844,0.03
0,dt,107,medium,7224.84,1,22.79,0,0.006101,0.02
0,dt,108,high,19474.26,1,20.99,0,0.008459,0.03
0,dt,109,low,45379.46,1,21.24,1,0.002826,0.01
0,dt,110,medium,8295.24,1,23.33,0,0.005173,0.02
0,dt,111,medium,17304.96,1,23.18,0,0.006967,0.02
0,dt,112,low,36379.01,1,20.02,0,0.002876,0.01
0,dt,113,medium,14063.35,1,24.99,0,0.006596,0.02
0,dt,114,high,9034.25,0,20.42,0,0.013198,0.03
0,dt,115,high,5788.57,0,18.62,0,0.013731,0.03
0,dt,116,low,52579.26,1,20.86,0,0.002577,0.01
0,dt,117,medium,15503.36,1,16.17,0,0.007099,0.02
0,dt,118,high,2186.15,0,22.55,0,0.015796,0.03
0,dt,119,high,3269.52,0,17.05,0,0.010151,0.03
1,dt,0,high,9400.74,1,24.46,0,0.012865,0.03
1,dt,1,low,34216.96,0,23.25,0,0.002036,0.01
1,dt,2,low,44665.01,1,21.47,1,0.003486,0.01
1,dt,3,low,37460.06,1,23.32,0,0.003186,0.01
1,dt,4,medium,32781.73,1,18.86,0,0.003855,0.02
1,dt,5,medium,25586.72,0,19.21,0,0.006002,0.02
1,dt,6,high,8309.96,0,21.84,0,0.011184,0.03
1,dt,7,low,56178.57,1,18.45,0,0.002276,0.01
1,dt,8,low,31345.22,1,21.8,0,0.00388,0.01
1,dt,9,medium,9745.51,1,24.52,0,0.006897,0.02
1,dt,10,high,4706.34,0,21.28,0,0.013176,0.03
1,dt,11,medium,31336.94,0,19.48,0,0.005684,0.02
1,dt,12,medium,7946.49,1,15.13,0,0.007502,0.02
1,dt,13,medium,10109.97,1,22.11,0,0.004405,0.02
1,dt,14,low,38891.99,1,24.45,0,0.00297,0.01
1,dt,15,medium,14784.65,0,21.48,0,0.005276,0.02
1,dt,16,high,8315.84,1,26.03,1,0.010957,0.03
1,dt,17,low,45023.26,0,18.29,0,0.003149,0.01
1,dt,18,high,15511.27,1,18.02,1,0.011146,0.03
1,dt,19,low,43930.82,1,17.05,0,0.002691,0.01
1,dt,20,medium,23776.91,0,22.75,1,0.006618,0.02
1,dt,21,medium,7941.42,0,20.08,0,0.005681,0.02
1,dt,22,medium,10822.58,0,19.64,0,0.006429,0.02
1,dt,23,medium,22699.77,1,12.95,0,0.005516,0.02
1,dt,24,medium,17299.51,0,19.01,1,0.00674,0.02
1,dt,25,medium,14060.47,0,18.19,0,0.005632,0.02
1,dt,26,medium,29542.89,0,24.05,0,0.00381,0.02
1,dt,27,high,3267.99,0,18.51,0,0.012443,0.03
1,dt,28,high,2196.97,0,20.94,0,0.013042,0.03
1,dt,29,low,36018.65,1,22.51,0,0.002921,0.01
1,dt,30,low,50422.34,1,14.57,0,0.003105,0.01
1,dt,31,low,38175.19,1,18.66,0,0.003198,0.01
1,dt,32,low,40704.09,1,26.7,0,0.002614,0.01
1,dt,33,high,5794.46,0,22.41,0,0.01658,0.03
1,dt,34,high,10476.26,0,26.23,0,0.010863,0.03
1,dt,35,high,11555.21,0,19.83,0,0.015275,0.03
1,dt,36,high,9397.01,0,24.27,1,0.009973,0.03
1,dt,37,low,45737.98,1,22.46,1,0.002781,0.01
1,dt,38,high,8664.23,1,27.92,0,0.012894,0.03
1,dt,39,medium,9027.11,1,18.71,0,0.005012,0.02
1,dt,40,low,29182.09,1,21.73,0,0.003467,0.01
1,dt,41,medium,9026.81,0,24.71,0,0.006275,0.02
1,dt,42,high,6511.86,0,26.08,0,0.01012,0.03
1,dt,43,high,6150.04,1,23.87,0,0.010858,0.03
1,dt,44,high,9399.95,0,20.67,0,0.011805,0.03
1,dt,45,high,7228.29,0,23.51,0,0.013604,0.03
1,dt,46,medium,12257.64,0,16.29,0,0.006899,0.02
1,dt,47,medium,18389.22,1,20.89,0,0.00682,0.02
1,dt,48,low,45014.46,1,24.12,0,0.003232,0.01
1,dt,49,low,44661.43,0,21.25,0,0.003233,0.01
1,dt,50,low,25577.61,1,20.36,0,0.003033,0.01
1,dt,51,low,62658.49,1,20.07,1,0.002794,0.01
1,dt,52,low,47532.57,1,23.12,0,0.002742,0.01
1,dt,53,medium,14068.12,0,23.53,0,0.005077,0.02
1,dt,54,high,7232.95,0,24.34,0,0.013816,0.03
1,dt,55,low,32415.78,1,19.26,1,0.003325,0.01
1,dt,56,high,5434.85,1,18.21,0,0.010551,0.03
1,dt,57,low,52936.27,1,15.15,1,0.003158,0.01
1,dt,58,medium,14421.73,1,18.99,0,0.004141,0.02
1,dt,59,low,35656.59,0,18.68,1,0.001927,0.01
1,dt,60,medium,11184.37,1,22.11,0,0.004082,0.02
1,dt,61,low,57613.62,0,21.37,1,0.002614,0.01
1,dt,62,medium,8657.2,0,22.47,0,0.006465,0.02
1,dt,63,high,4352.77,0,23.46,1,0.00789,0.03
1,dt,64,high,10116.16,0,21.95,0,0.011952,0.03
1,dt,65,high,8315.84,1,16.67,0,0.012776,0.03
1,dt,66,medium,19824.62,1,23.71,0,0.00641,0.02
1,dt,67,high,3268.93,1,20.71,0,0.013652,0.03
1,dt,68,low,34936.93,1,22.09,1,0.002269,0.01
1,dt,69,high,5793.89,0,21.64,0,0.01075,0.03
1,dt,70,medium,11907.51,1,20.29,0,0.0057,0.02
1,dt,71,high,7592.0,0,20.64,0,0.011367,0.03
1,dt,72,medium,15853.71,0,17.58,0,0.006335,0.02
1,dt,73,high,9391.95,1,23.55,0,0.011688,0.03
1,dt,74,high,9029.08,0,19.66,0,0.008255,0.03
1,dt,75,medium,15865.58,0,26.16,0,0.006853,0.02
1,dt,76,low,45738.41,1,20.84,0,0.003169,0.01
1,dt,77,medium,22701.53,0,22.58,0,0.005691,0.02
1,dt,78,medium,16582.95,1,20.89,1,0.005882,0.02
1,dt,79,low,36743.88,1,18.68,1,0.003102,0.01
1,dt,80,high,3991.91,0,19.54,0,0.009626,0.03
1,dt,81,low,64447.63,0,18.37,1,0.00216,0.01
1,dt,82,medium,21622.53,1,19.6,1,0.005076,0.02
1,dt,83,high,9754.18,0,21.43,0,0.010875,0.03
1,dt,84,low,54372.56,0,21.72,1,0.002679,0.01
1,dt,85,low,42142.89,1,18.68,0,0.00359,0.01
1,dt,86,low,56173.32,1,20.11,0,0.002878,0.01
1,dt,87,medium,8667.7,0,21.9,0,0.006572,0.02
1,dt,88,low,37092.94,1,23.53,0,0.004031,0.01
1,dt,89,medium,21265.85,0,21.35,0,0.00521,0.02
1,dt,90,medium,19829.06,0,28.57,1,0.005552,0.02
1,dt,91,medium,19828.3,1,23.74,0,0.006114,0.02
1,dt,92,low,25934.18,1,24.07,0,0.003094,0.01
1,dt,93,medium,16943.14,0,18.04,0,0.004961,0.02
1,dt,94,medium,9389.03,1,15.49,0,0.007709,0.02
1,dt,95,low,56897.85,1,20.81,0,0.002705,0.01
1,dt,96,medium,17661.99,1,17.46,0,0.005353,0.02
1,dt,97,low,37451.31,1,24.22,0,0.00287,0.01
1,dt,98,medium,15501.78,0,18.26,0,0.007499,0.02
1,dt,99,high,2906.95,0,19.61,0,0.012941,0.03
1,dt,100,high,7949.35,0,17.47,0,0.010891,0.03
1,dt,101,high,6155.15,0,21.81,0,0.010732,0.03
1,dt,102,high,6146.91,1,15.68,0,0.010943,0.03
1,dt,103,low,39618.28,1,17.5,0,0.00353,0.01
1,dt,104,low,52938.58,0,21.74,0,0.002745,0.01
1,dt,105,high,4355.06,0,26.24,0,0.011506,0.03
1,dt,106,low,50058.78,1,23.09,0,0.002757,0.01
1,dt,107,low,37101.08,1,18.96,0,0.003537,0.01
1,dt,108,high,2907.13,0,29.15,0,0.013282,0.03
1,dt,109,low,29898.81,1,21.34,0,0.002236,0.01
1,dt,110,high,9390.63,0,20.3,1,0.01019,0.03
1,dt,111,medium,7585.31,1,19.91,0,0.005667,0.02
1,dt,112,low,49329.96,1,24.95,0,0.003061,0.01
1,dt,113,low,37460.73,1,21.9,0,0.003514,0.01
1,dt,114,high,10114.0,1,18.71,0,0.009984,0.03
1,dt,115,medium,16586.62,1,15.43,0,0.007164,0.02
1,dt,116,high,10472.68,1,21.52,0,0.008949,0.03
1,dt,117,medium,19826.35,0,18.72,0,0.00603,0.02
1,dt,118,high,4349.4,0,14.95,0,0.015022,0.03
1,dt,119,medium,21983.78,0,18.84,0,0.006288,0.02
2,dt,0,low,78498.27,1,21.97,0,0.002199,0.01
2,dt,1,low,60499.93,1,15.9,0,0.002675,0.01
2,dt,2,high,6869.77,0,22.67,0,0.015186,0.03
2,dt,3,low,60134.36,0,24.74,0,0.002395,0.01
2,dt,4,medium,20912.4,1,16.4,0,0.005118,0.02
2,dt,5,low,46097.0,1,19.82,0,0.003161,0.01
2,dt,6,high,2916.35,0,28.12,0,0.013018,0.03
2,dt,7,high,10113.07,0,21.86,1,0.00974,0.03
2,dt,8,low,56172.97,1,14.82,0,0.003067,0.01
2,dt,9,medium,12981.22,1,22.76,0,0.006888,0.02
2,dt,10,low,23414.81,1,21.93,0,0.004211,0.01
2,dt,11,high,11554.57,0,17.77,1,0.010403,0.03
2,dt,12,medium,12983.28,0,22.63,1,0.005117,0.02
2,dt,13,medium,14780.76,0,19.65,0,0.004581,0.02
2,dt,14,low,37099.63,1,17.82,0,0.003022,0.01
2,dt,15,medium,6145.66,0,19.93,0,0.007304,0.02
2,dt,16,high,4000.08,0,23.6,0,0.013613,0.03
2,dt,17,high,9035.41,1,19.29,0,0.013231,0.03
2,dt,18,high,6155.48,0,24.15,0,0.01095,0.03
2,dt,19,medium,21260.08,0,17.92,0,0.005345,0.02
2,dt,20,medium,10466.37,0,20.09,0,0.006821,0.02
2,dt,21,medium,4696.39,0,16.52,0,0.006288,0.02
2,dt,22,low,41061.67,1,22.47,0,0.002924,0.01
2,dt,23,medium,10824.14,0,31.15,0,0.007045,0.02
2,dt,24,high,3630.02,0,20.17,1,0.012384,0.03
2,dt,25,low,34213.13,1,24.47,0,0.004193,0.01
2,dt,26,low,43220.93,1,15.35,0,0.00274,0.01
2,dt,27,medium,17666.7,1,24.81,1,0.005746,0.02
2,dt,28,low,33139.97,1,17.67,0,0.004199,0.01
2,dt,29,medium,9371.93,1,18.7,0,0.005799,0.02
2,dt,30,high,5796.52,1,16.87,0,0.010516,0.03
2,dt,31,high,6160.5,0,19.55,0,0.011181,0.03
2,dt,32,low,45380.18,1,17.65,0,0.003181,0.01
2,dt,33,low,57974.19,0,15.98,0,0.002326,0.01
2,dt,34,high,4714.9,0,22.49,0,0.010688,0.03
2,dt,35,medium,13707.18,1,22.31,0,0.004932,0.02
2,dt,36,low,44655.63,1,26.04,0,0.003289,0.01
2,dt,37,high,6879.42,0,24.9,0,0.009959,0.03
2,dt,38,high,7592.35,0,18.54,0,0.010955,0.03
2,dt,39,high,7231.01,1,20.18,1,0.011879,0.03
2,dt,40,medium,24863.78,0,15.91,1,0.006648,0.02
2,dt,41,medium,10830.11,0,23.2,1,0.006699,0.02
2,dt,42,high,10470.66,0,19.34,0,0.013843,0.03
2,dt,43,low,32783.63,1,20.96,1,0.002945,0.01
2,dt,44,low,40337.52,1,17.33,0,0.003133,0.01
2,dt,45,medium,11182.07,1,26.13,1,0.008247,0.02
2,dt,46,medium,19462.3,1,20.15,0,0.00451,0.02
2,dt,47,high,3997.07,0,23.25,0,0.01019,0.03
2,dt,48,low,43217.59,1,21.04,0,0.003243,0.01
2,dt,49,high,6872.3,0,21.08,0,0.012098,0.03
2,dt,50,medium,20188.38,0,16.48,1,0.005522,0.02
2,dt,51,low,35663.48,1,18.0,0,0.002279,0.01
2,dt,52,high,6878.12,0,17.43,0,0.013814,0.03
2,dt,53,low,54017.73,1,22.5,0,0.003243,0.01
2,dt,54,high,1829.36,0,24.06,0,0.012785,0.03
2,dt,55,high,4357.17,1,19.36,0,0.013093,0.03
2,dt,56,high,5788.28,0,20.91,0,0.011894,0.03
2,dt,57,low,37457.96,1,15.64,0,0.003145,0.01
2,dt,58,low,59415.9,1,15.06,0,0.002396,0.01
2,dt,59,low,31334.06,1,25.99,0,0.003786,0.01
2,dt,60,medium,18025.45,1,23.0,0,0.005434,0.02
2,dt,61,high,5799.54,0,13.94,0,0.010168,0.03
2,dt,62,high,9028.04,0,19.83,0,0.011812,0.03
2,dt,63,low,46455.62,1,25.35,0,0.002921,0.01
2,dt,64,high,9397.5,0,18.55,0,0.011017,0.03
2,dt,65,medium,21625.57,0,18.46,0,0.005999,0.02
2,dt,66,high,2912.08,1,25.38,0,0.015652,0.03
2,dt,67,medium,7591.24,0,22.04,0,0.00656,0.02
2,dt,68,low,32430.16,1,20.46,0,0.0041,0.01
2,dt,69,low,34221.26,1,22.66,0,0.003331,0.01
2,dt,70,high,3996.25,1,19.29,0,0.013496,0.03
2,dt,71,low,54021.32,1,21.7,1,0.003066,0.01
2,dt,72,low,29177.11,0,17.48,0,0.003608,0.01
2,dt,73,medium,16578.09,1,16.69,0,0.005747,0.02
2,dt,74,high,4353.36,0,17.54,0,0.008714,0.03
2,dt,75,high,4357.25,0,22.86,0,0.010601,0.03
2,dt,76,low,49692.29,1,28.19,1,0.003288,0.01
2,dt,77,high,6147.68,1,18.74,0,0.013769,0.03
2,dt,78,low,46816.62,1,21.2,0,0.003284,0.01
2,dt,79,high,12624.46,0,20.82,0,0.009853,0.03
2,dt,80,low,25223.55,1,14.8,1,0.00323,0.01
2,dt,81,low,55096.79,1,20.51,1,0.002854,0.01
2,dt,82,high,3987.92,0,21.28,0,0.012541,0.03
2,dt,83,medium,22703.47,0,29.06,1,0.005364,0.02
2,dt,84,medium,19107.13,1,26.45,0,0.0064,0.02
2,dt,85,high,3638.44,0,22.46,0,0.009697,0.03
2,dt,86,medium,12980.67,0,22.73,0,0.00501,0.02
2,dt,87,low,15503.03,0,23.39,0,0.002674,0.01
2,dt,88,high,5436.72,0,18.55,0,0.012873,0.03
2,dt,89,medium,14060.12,1,25.43,0,0.006213,0.02
2,dt,90,medium,19823.61,0,24.87,1,0.00679,0.02
2,dt,91,medium,15868.58,1,20.62,0,0.006155,0.02
2,dt,92,medium,4707.53,0,16.34,0,0.005048,0.02
2,dt,93,low,60135.29,1,20.16,0,0.002624,0.01
2,dt,94,low,39974.79,1,16.52,0,0.003602,0.01
2,dt,95,medium,12983.05,0,22.39,0,0.006479,0.02
2,dt,96,low,39254.49,1,17.71,0,0.00258,0.01
2,dt,97,low,37094.97,1,22.66,0,0.003664,0.01
2,dt,98,medium,12261.7,0,18.31,0,0.004747,0.02
2,dt,99,medium,7587.3,1,20.07,1,0.004585,0.02
2,dt,100,medium,19463.19,0,20.46,0,0.005711,0.02
2,dt,101,high,14068.08,0,21.57,0,0.009647,0.03
2,dt,102,medium,16581.57,1,23.83,0,0.005945,0.02
2,dt,103,medium,19821.58,1,18.32,0,0.00673,0.02
2,dt,104,high,6867.28,1,21.14,0,0.010018,0.03
2,dt,105,medium,11186.96,1,20.57,1,0.005925,0.02
2,dt,106,low,40347.66,1,14.42,0,0.003279,0.01
2,dt,107,low,47176.35,1,26.04,0,0.002002,0.01
2,dt,108,high,3994.83,0,23.35,0,0.010497,0.03
2,dt,109,medium,13343.64,1,22.96,0,0.006944,0.02
2,dt,110,low,43939.48,1,20.59,0,0.003196,0.01
2,dt,111,medium,18019.54,0,21.3,0,0.007112,0.02
2,dt,112,high,5791.95,1,18.44,0,0.013673,0.03
2,dt,113,high,14069.94,0,27.47,0,0.009766,0.03
2,dt,114,medium,11540.9,1,20.81,1,0.003563,0.02
2,dt,115,medium,9023.75,1,19.06,0,0.004986,0.02
2,dt,116,low,24496.35,0,22.03,0,0.002974,0.01
2,dt,117,high,7952.11,0,21.53,1,0.014541,0.03
2,dt,118,low,39985.97,1,19.14,0,0.002782,0.01
2,dt,119,medium,16221.93,1,24.07,0,0.006534,0.02
3,dt,0,high,6513.4,1,22.25,0,0.009217,0.03
3,dt,1,high,2550.17,0,17.5,1,0.010057,0.03
3,dt,2,low,32061.64,1,25.09,0,0.003696,0.01
3,dt,3,high,4348.22,0,14.73,0,0.012609,0.03
3,dt,4,low,33498.79,1,21.32,0,0.002952,0.01
3,dt,5,high,11193.1,0,20.91,1,0.01357,0.03
3,dt,6,high,2916.37,0,20.06,0,0.010211,0.03
3,dt,7,medium,19460.77,0,17.57,0,0.006473,0.02
3,dt,8,low,41420.36,1,19.62,0,0.003076,0.01
3,dt,9,medium,11180.89,0,22.43,0,0.006168,0.02
3,dt,10,low,51852.38,1,19.78,0,0.002729,0.01
3,dt,11,high,11550.6,0,22.32,0,0.009815,0.03
3,dt,12,low,36024.38,1,22.8,0,0.003051,0.01
3,dt,13,high,10471.9,0,18.01,1,0.012959,0.03
3,dt,14,medium,15868.52,1,23.88,0,0.00823,0.02
3,dt,15,low,42148.03,1,20.09,1,0.002529,0.01
3,dt,16,high,3630.09,1,21.97,0,0.011196,0.03
3,dt,17,medium,17658.65,0,20.06,0,0.00433,0.02
3,dt,18,medium,9379.5,1,21.58,0,0.004891,0.02
3,dt,19,low,56538.45,1,21.91,0,0.002302,0.01
3,dt,20,medium,6860.92,1,25.8,1,0.006537,0.02
3,dt,21,high,16228.07,0,18.93,0,0.009648,0.03
3,dt,22,high,3269.18,0,22.85,0,0.012935,0.03
3,dt,23,low,47178.68,1,27.25,0,0.003056,0.01
3,dt,24,high,6865.94,0,21.77,0,0.01447,0.03
3,dt,25,low,37455.28,0,16.81,0,0.003202,0.01
3,dt,26,low,51851.63,1,22.48,0,0.002949,0.01
3,dt,27,medium,17301.18,1,17.69,1,0.005683,0.02
3,dt,28,high,2196.83,0,18.23,0,0.013808,0.03
3,dt,29,low,60494.01,1,21.18,0,0.002537,0.01
3,dt,30,low,23769.67,1,16.6,0,0.003343,0.01
3,dt,31,medium,15143.67,0,24.48,0,0.006431,0.02
3,dt,32,high,6512.61,0,15.3,0,0.0108,0.03
3,dt,33,low,38175.09,1,20.54,1,0.00326,0.01
3,dt,34,high,10479.47,0,21.96,1,0.012761,0.03
3,dt,35,low,51142.32,1,21.5,0,0.003437,0.01
3,dt,36,medium,16580.62,0,21.68,0,0.005099,0.02
3,dt,37,high,5072.34,0,26.1,0,0.014361,0.03
3,dt,38,low,48257.73,0,18.19,0,0.00273,0.01
3,dt,39,medium,22703.1,1,15.94,0,0.004611,0.02
3,dt,40,high,7235.72,0,17.91,0,0.01577,0.03
3,dt,41,high,3272.79,0,20.59,0,0.015228,0.03
3,dt,42,low,21977.29,1,19.06,0,0.00251,0.01
3,dt,43,high,12641.75,0,22.05,0,0.009815,0.03
3,dt,44,low,43226.44,1,23.91,1,0.002536,0.01
3,dt,45,medium,16227.02,0,23.25,0,0.004757,0.02
3,dt,46,medium,25937.58,1,24.34,1,0.006835,0.02
3,dt,47,high,7953.97,0,24.7,0,0.010863,0.03
3,dt,48,low,33132.86,1,16.33,0,0.003343,0.01
3,dt,49,medium,11908.34,0,17.39,0,0.007285,0.02
3,dt,50,high,6872.79,0,17.59,0,0.012442,0.03
3,dt,51,high,7231.57,1,22.33,0,0.010875,0.03
3,dt,52,low,33496.19,1,20.88,0,0.002852,0.01
3,dt,53,low,45733.98,1,22.65,0,0.002933,0.01
3,dt,54,high,13715.69,0,14.48,0,0.013277,0.03
3,dt,55,low,31699.51,1,19.84,0,0.003096,0.01
3,dt,56,low,48980.77,1,21.91,0,0.00308,0.01
3,dt,57,medium,5420.95,0,21.6,0,0.008922,0.02
3,dt,58,medium,16222.13,1,20.89,0,0.00582,0.02
3,dt,59,high,8675.2,0,21.27,0,0.00951,0.03
3,dt,60,high,6155.41,1,23.87,0,0.012617,0.03
3,dt,61,medium,9388.39,1,21.19,0,0.006854,0.02
3,dt,62,medium,6866.37,0,16.78,0,0.005793,0.02
3,dt,63,low,34219.69,1,19.96,0,0.003005,0.01
3,dt,64,low,35292.06,1,21.16,1,0.003337,0.01
3,dt,65,high,5789.48,1,20.06,0,0.010513,0.03
3,dt,66,medium,5787.94,0,20.89,0,0.00584,0.02
3,dt,67,high,3275.37,0,22.06,0,0.009802,0.03
3,dt,68,low,29892.63,1,21.12,0,0.003492,0.01
3,dt,69,high,5071.52,0,19.4,0,0.012091,0.03
3,dt,70,low,47901.96,1,18.48,0,0.003566,0.01
3,dt,71,low,45017.51,1,27.7,0,0.003454,0.01
3,dt,72,low,56178.35,0,18.43,0,0.002437,0.01
3,dt,73,low,57246.4,1,21.71,0,0.002954,0.01
3,dt,74,low,30257.02,1,19.1,0,0.003416,0.01
3,dt,75,high,9392.35,0,21.61,0,0.015443,0.03
3,dt,76,high,12991.84,1,26.41,1,0.013555,0.03
3,dt,77,high,8674.45,0,18.26,0,0.013601,0.03
3,dt,78,high,16591.85,1,16.2,1,0.010827,0.03
3,dt,79,high,11200.17,1,20.34,0,0.016572,0.03
3,dt,80,low,40697.07,1,18.52,1,0.003354,0.01
3,dt,81,low,33850.4,1,24.87,0,0.002995,0.01
3,dt,82,high,6156.57,0,25.69,0,0.01309,0.03
3,dt,83,high,8311.84,0,19.04,0,0.012621,0.03
3,dt,84,medium,11898.7,0,19.75,0,0.008079,0.02
3,dt,85,high,3270.33,0,27.22,0,0.014094,0.03
3,dt,86,low,32778.07,1,25.17,0,0.003464,0.01
3,dt,87,medium,12624.44,0,19.74,0,0.006305,0.02
3,dt,88,medium,13344.14,1,22.0,0,0.006203,0.02
3,dt,89,high,6508.12,0,24.17,1,0.012305,0.03
3,dt,90,low,62291.66,1,19.9,0,0.002453,0.01
3,dt,91,low,20183.35,1,25.81,0,0.003081,0.01
3,dt,92,medium,9376.04,0,20.09,0,0.005243,0.02
3,dt,93,low,41057.29,1,15.9,0,0.003013,0.01
3,dt,94,medium,24147.74,0,21.76,0,0.006957,0.02
3,dt,95,high,15150.99,0,19.37,0,0.012224,0.03
3,dt,96,medium,15504.15,1,20.95,0,0.005861,0.02
3,dt,97,medium,20191.29,1,22.12,0,0.007664,0.02
3,dt,98,high,9032.6,0,24.02,0,0.011346,0.03
3,dt,99,low,48251.4,1,15.11,0,0.003288,0.01
3,dt,100,low,46820.35,0,23.74,0,0.002853,0.01
3,dt,101,high,6146.05,1,17.93,1,0.014732,0.03
3,dt,102,low,39257.14,0,18.36,0,0.002937,0.01
3,dt,103,medium,10818.98,1,24.21,0,0.008832,0.02
3,dt,104,medium,14782.61,1,19.76,0,0.006673,0.02
3,dt,105,low,46463.83,1,19.62,0,0.002953,0.01
3,dt,106,low,47539.65,1,16.35,0,0.002917,0.01
3,dt,107,medium,21264.09,0,18.19,0,0.005551,0.02
3,dt,108,medium,7942.72,1,22.66,0,0.004761,0.02
3,dt,109,high,9753.64,1,24.13,0,0.010946,0.03
3,dt,110,high,6515.82,0,16.01,1,0.012697,0.03
3,dt,111,low,36735.23,1,21.93,0,0.003725,0.01
3,dt,112,medium,14061.54,1,21.3,0,0.005771,0.02
3,dt,113,medium,21261.54,0,19.19,0,0.006243,0.02
3,dt,114,low,54744.16,1,24.67,0,0.0022,0.01
3,dt,115,low,58696.75,1,25.24,0,0.002895,0.01
3,dt,116,high,1838.71,0,16.32,0,0.012394,0.03
3,dt,117,high,8671.97,0,24.38,1,0.011163,0.03
3,dt,118,medium,10825.81,0,19.96,0,0.005856,0.02
3,dt,119,medium,13340.62,0,24.67,0,0.006315,0.02
4,dt,0,low,39617.75,0,22.58,0,0.003446,0.01
4,dt,1,low,27733.86,1,26.5,0,0.005077,0.01
4,dt,2,medium,12625.78,1,17.44,0,0.00639,0.02
4,dt,3,medium,15144.91,1,19.2,0,0.006069,0.02
4,dt,4,low,77056.09,0,18.24,0,0.001731,0.01
4,dt,5,high,7590.79,0,18.18,0,0.015701,0.03
4,dt,6,low,38540.38,1,18.78,0,0.00314,0.01
4,dt,7,high,5074.71,0,19.47,1,0.014209,0.03
4,dt,8,low,30614.43,1,22.7,0,0.003622,0.01
4,dt,9,high,6505.33,0,20.79,0,0.014571,0.03
4,dt,10,medium,9020.66,1,21.89,0,0.004985,0.02
4,dt,11,low,44302.03,1,21.12,1,0.00381,0.01
4,dt,12,low,21977.09,1,18.99,0,0.004398,0.01
4,dt,13,medium,15138.36,1,16.0,0,0.004546,0.02
4,dt,14,high,12997.6,0,21.57,0,0.007442,0.03
4,dt,15,low,37462.88,1,20.2,0,0.003575,0.01
4,dt,16,high,3634.37,1,15.35,0,0.01369,0.03
4,dt,17,low,57245.6,1,20.23,0,0.002962,0.01
4,dt,18,medium,27024.24,0,22.8,0,0.005645,0.02
4,dt,19,medium,21258.8,0,20.23,0,0.005855,0.02
4,dt,20,low,33856.78,1,18.67,0,0.002317,0.01
4,dt,21,medium,17658.15,1,25.23,0,0.007594,0.02
4,dt,22,medium,14428.21,0,21.58,1,0.005449,0.02
4,dt,23,low,33138.32,0,25.87,0,0.002853,0.01
4,dt,24,low,43225.85,1,26.21,0,0.004115,0.01
4,dt,25,low,41058.69,0,27.66,1,0.003642,0.01
4,dt,26,low,43938.71,1,23.04,1,0.003134,0.01
4,dt,27,medium,8664.85,0,19.25,0,0.005681,0.02
4,dt,28,low,38897.81,1,24.97,0,0.003104,0.01
4,dt,29,high,1478.05,1,18.85,0,0.006689,0.03
4,dt,30,high,5430.43,0,21.38,0,0.015194,0.03
4,dt,31,high,2910.21,0,18.07,0,0.010195,0.03
4,dt,32,medium,20184.09,1,23.92,0,0.007164,0.02
4,dt,33,high,5803.14,0,25.09,1,0.01224,0.03
4,dt,34,low,43936.19,1,20.05,0,0.003228,0.01
4,dt,35,low,62658.9,1,26.72,1,0.00277,0.01
4,dt,36,high,6149.15,1,25.11,0,0.012624,0.03
4,dt,37,low,62285.59,1,26.19,0,0.002497,0.01
4,dt,38,low,36737.96,1,22.44,0,0.003643,0.01
4,dt,39,high,6514.45,0,23.07,0,0.014223,0.03
4,dt,40,high,9755.12,0,22.82,0,0.011148,0.03
4,dt,41,low,46096.77,1,20.72,0,0.003743,0.01
4,dt,42,medium,12978.28,1,22.0,0,0.007458,0.02
4,dt,43,medium,7941.84,1,24.44,0,0.005098,0.02
4,dt,44,low,43581.8,1,22.11,0,0.003223,0.01
4,dt,45,high,1835.42,1,18.28,0,0.010893,0.03
4,dt,46,low,46822.12,1,20.79,0,0.003321,0.01
4,dt,47,low,43584.6,1,24.56,0,0.00295,0.01
4,dt,48,high,3985.39,1,20.4,0,0.012226,0.03
4,dt,49,high,6505.37,0,21.14,0,0.010106,0.03
4,dt,50,low,75967.14,1,15.7,0,0.001616,0.01
4,dt,51,high,3991.67,0,16.72,0,0.012824,0.03
4,dt,52,high,10113.68,0,22.94,1,0.013119,0.03
4,dt,53,high,6871.74,1,18.95,0,0.012198,0.03
4,dt,54,high,15509.53,0,21.54,0,0.007991,0.03
4,dt,55,low,53292.89,1,19.84,1,0.00188,0.01
4,dt,56,medium,17658.31,1,20.59,0,0.00574,0.02
4,dt,57,high,1832.49,0,23.11,0,0.010128,0.03
4,dt,58,low,28816.61,1,21.92,0,0.003243,0.01
4,dt,59,high,5073.8,1,24.65,0,0.011836,0.03
4,dt,60,medium,22711.17,1,17.93,0,0.006366,0.02
4,dt,61,medium,11184.66,0,22.06,1,0.007615,0.02
4,dt,62,medium,20905.65,0,23.42,0,0.005168,0.02
4,dt,63,low,40332.54,1,19.77,0,0.003293,0.01
4,dt,64,low,55818.25,1,20.93,0,0.002211,0.01
4,dt,65,high,2191.0,0,16.99,0,0.012388,0.03
4,dt,66,low,32057.17,1,16.49,0,0.003164,0.01
4,dt,67,high,6865.12,0,23.41,1,0.012206,0.03
4,dt,68,low,47898.35,1,22.86,0,0.002661,0.01
4,dt,69,low,54375.34,1,16.88,0,0.002378,0.01
4,dt,70,medium,11182.96,1,23.32,0,0.006915,0.02
4,dt,71,high,3633.55,0,24.06,0,0.009228,0.03
4,dt,72,low,42137.95,1,22.4,0,0.003458,0.01
4,dt,73,high,4346.32,1,18.49,0,0.010538,0.03
4,dt,74,low,48259.86,0,19.18,0,0.00321,0.01
4,dt,75,high,5434.98,0,20.02,1,0.016369,0.03
4,dt,76,low,58341.18,1,20.59,0,0.003047,0.01
4,dt,77,medium,14426.86,0,22.65,0,0.006166,0.02
4,dt,78,medium,20186.47,1,20.97,0,0.005585,0.02
4,dt,79,high,6522.32,0,20.1,0,0.013384,0.03
4,dt,80,high,5065.55,0,22.44,0,0.010665,0.03
4,dt,81,medium,7223.56,1,18.56,0,0.006415,0.02
4,dt,82,high,6513.51,1,21.96,0,0.013659,0.03
4,dt,83,low,46104.52,1,27.8,0,0.003947,0.01
4,dt,84,high,11911.29,0,20.41,0,0.013738,0.03
4,dt,85,medium,19476.09,1,20.27,0,0.004376,0.02
4,dt,86,high,3998.72,0,21.74,0,0.012454,0.03
4,dt,87,low,44299.98,1,17.92,1,0.002403,0.01
4,dt,88,high,7959.02,0,23.52,0,0.011068,0.03
4,dt,89,high,12276.9,1,15.34,0,0.010151,0.03
4,dt,90,high,5798.48,0,26.97,0,0.014721,0.03
4,dt,91,medium,8665.17,0,18.23,0,0.006563,0.02
4,dt,92,low,36386.02,1,18.64,0,0.002763,0.01
4,dt,93,low,27369.74,1,23.34,0,0.003892,0.01
4,dt,94,low,29174.56,1,23.97,0,0.003292,0.01
4,dt,95,medium,25588.03,1,24.19,0,0.005179,0.02
4,dt,96,low,43933.92,1,24.7,0,0.003008,0.01
4,dt,97,low,49700.18,1,20.62,0,0.002688,0.01
4,dt,98,medium,14787.75,1,20.25,0,0.0053,0.02
4,dt,99,medium,24496.52,0,17.65,0,0.005342,0.02
4,dt,100,high,7590.61,0,16.85,1,0.010508,0.03
4,dt,101,high,10827.52,1,18.28,0,0.008106,0.03
4,dt,102,low,33498.98,1,15.98,0,0.003835,0.01
4,dt,103,medium,14063.23,0,23.39,0,0.006512,0.02
4,dt,104,high,10830.32,0,18.04,0,0.012811,0.03
4,dt,105,medium,6148.7,0,18.76,0,0.006922,0.02
4,dt,106,medium,17657.67,0,26.33,0,0.006839,0.02
4,dt,107,high,2554.69,1,22.67,0,0.013555,0.03
4,dt,108,high,5790.93,1,22.16,0,0.015403,0.03
4,dt,109,medium,9386.85,1,17.27,0,0.004643,0.02
4,dt,110,high,7591.86,0,19.27,0,0.010478,0.03
4,dt,111,medium,11910.28,1,15.39,0,0.004466,0.02
4,dt,112,medium,19822.31,1,15.72,0,0.005323,0.02
4,dt,113,low,56894.99,1,20.63,0,0.003003,0.01
4,dt,114,high,3625.98,1,22.69,0,0.013337,0.03
4,dt,115,low,60144.4,1,20.71,0,0.002868,0.01
4,dt,116,low,32057.67,1,23.34,0,0.003009,0.01
4,dt,117,high,5793.11,0,14.86,0,0.011738,0.03
4,dt,118,low,51861.54,1,19.02,0,0.003375,0.01
4,dt,119,medium,20540.9,1,19.68,0,0.006444,0.02
5,dt,0,low,30259.1,1,18.06,1,0.00314,0.01
5,dt,1,medium,4349.3,1,23.19,0,0.007068,0.02
5,dt,2,low,31335.38,1,20.26,0,0.00266,0.01
5,dt,3,low,41055.01,1,23.92,0,0.002923,0.01
5,dt,4,medium,17663.26,1,19.66,1,0.00558,0.02
5,dt,5,low,38177.73,1,17.61,0,0.003213,0.01
5,dt,6,medium,7583.06,1,21.1,1,0.005864,0.02
5,dt,7,high,3629.6,0,19.92,0,0.011891,0.03
5,dt,8,high,9037.61,1,21.31,0,0.011978,0.03
5,dt,9,low,48620.44,1,23.11,1,0.002744,0.01
5,dt,10,high,3635.76,0,18.37,0,0.009585,0.03
5,dt,11,low,38534.28,1,26.4,0,0.003621,0.01
5,dt,12,high,5436.41,0,14.81,0,0.012596,0.03
5,dt,13,medium,15859.95,0,21.17,0,0.006487,0.02
5,dt,14,high,13719.31,0,17.48,0,0.009218,0.03
5,dt,15,low,56179.98,1,22.57,0,0.002472,0.01
5,dt,16,low,37105.77,1,19.59,0,0.002286,0.01
5,dt,17,high,13710.43,0,21.21,0,0.013557,0.03
5,dt,18,high,7588.95,0,22.84,1,0.008598,0.03
5,dt,19,low,48263.51,1,16.4,0,0.002282,0.01
5,dt,20,high,6158.91,1,24.36,1,0.010741,0.03
5,dt,21,medium,19823.25,1,23.06,1,0.006384,0.02
5,dt,22,high,3994.66,0,19.0,0,0.012161,0.03
5,dt,23,low,68780.09,1,25.93,0,0.00241,0.01
5,dt,24,high,9384.81,1,19.55,0,0.011389,0.03
5,dt,25,high,6873.58,0,21.58,1,0.013451,0.03
5,dt,26,low,44289.82,1,21.33,0,0.002884,0.01
5,dt,27,low,41061.34,1,26.87,0,0.002939,0.01
5,dt,28,low,32418.95,1,21.25,0,0.003378,0.01
5,dt,29,low,36730.23,0,16.09,0,0.004683,0.01
5,dt,30,low,34936.36,1,20.46,0,0.00332,0.01
5,dt,31,high,3271.57,0,17.45,0,0.012432,0.03
5,dt,32,high,6152.58,0,20.83,0,0.010735,0.03
5,dt,33,low,60495.12,1,19.01,0,0.002736,0.01
5,dt,34,medium,14063.72,0,18.36,0,0.00753,0.02
5,dt,35,medium,10823.65,0,24.13,0,0.005054,0.02
5,dt,36,medium,27024.74,1,19.34,0,0.006612,0.02
5,dt,37,low,36380.05,1,20.94,0,0.002968,0.01
5,dt,38,medium,8652.11,0,12.34,0,0.005399,0.02
5,dt,39,high,6154.06,0,20.46,0,0.01167,0.03
5,dt,40,high,5074.59,0,19.39,0,0.012103,0.03
5,dt,41,high,8313.48,1,19.81,0,0.012728,0.03
5,dt,42,low,44297.5,1,25.23,0,0.002606,0.01
5,dt,43,medium,21976.86,1,24.88,1,0.006561,0.02
5,dt,44,high,5067.94,0,20.54,0,0.013541,0.03
5,dt,45,low,73452.96,1,18.97,0,0.002279,0.01
5,dt,46,high,14071.07,0,19.93,0,0.012443,0.03
5,dt,47,medium,14063.42,0,21.5,0,0.006629,0.02
5,dt,48,low,55824.06,1,20.91,1,0.00304,0.01
5,dt,49,medium,7224.54,0,21.01,0,0.006865,0.02
5,dt,50,medium,13701.72,1,23.79,0,0.007708,0.02
5,dt,51,medium,9746.92,1,19.29,0,0.006229,0.02
5,dt,52,medium,11181.45,0,21.93,0,0.006038,0.02
5,dt,53,medium,8298.62,0,19.44,0,0.006499,0.02
5,dt,54,high,8674.2,1,20.2,0,0.009907,0.03
5,dt,55,medium,18024.02,0,24.96,0,0.006884,0.02
5,dt,56,low,47175.24,1,16.95,0,0.00338,0.01
5,dt,57,medium,11902.19,0,23.44,0,0.005765,0.02
5,dt,58,medium,12984.8,0,24.88,0,0.004893,0.02
5,dt,59,high,3644.14,0,17.41,0,0.015296,0.03
5,dt,60,high,7596.85,0,21.41,0,0.011555,0.03
5,dt,61,high,5070.96,0,20.9,1,0.013477,0.03
5,dt,62,high,12636.56,0,25.06,0,0.013427,0.03
5,dt,63,low,45732.47,1,21.46,1,0.003671,0.01
5,dt,64,low,53659.38,1,19.77,1,0.002644,0.01
5,dt,65,low,61217.25,1,22.07,1,0.002793,0.01
5,dt,66,high,6153.01,0,25.85,0,0.012506,0.03
5,dt,67,high,7952.73,0,15.72,0,0.011602,0.03
5,dt,68,medium,20907.64,0,23.24,1,0.005821,0.02
5,dt,69,low,56541.95,1,19.1,0,0.002285,0.01
5,dt,70,high,11197.74,1,17.24,1,0.009294,0.03
5,dt,71,medium,16584.99,1,25.57,0,0.006213,0.02
5,dt,72,high,3988.39,0,22.57,1,0.013811,0.03
5,dt,73,medium,7948.35,1,19.79,0,0.00612,0.02
5,dt,74,low,43223.85,1,26.08,0,0.001774,0.01
5,dt,75,low,8651.68,0,18.18,0,0.003147,0.01
5,dt,76,high,3994.97,0,27.05,0,0.011087,0.03
5,dt,77,medium,3266.35,1,19.31,0,0.007277,0.02
5,dt,78,high,14066.7,1,24.16,1,0.012572,0.03
5,dt,79,low,31339.87,1,28.46,0,0.004346,0.01
5,dt,80,high,6157.78,0,21.79,0,0.010717,0.03
5,dt,81,medium,9741.27,1,24.74,0,0.006236,0.02
5,dt,82,high,7585.97,1,20.71,0,0.013005,0.03
5,dt,83,medium,24503.19,0,26.24,0,0.005154,0.02
5,dt,84,low,49697.82,1,20.46,0,0.003428,0.01
5,dt,85,medium,15859.9,1,21.22,0,0.006098,0.02
5,dt,86,medium,12980.71,1,24.06,1,0.005826,0.02
5,dt,87,low,43580.5,0,19.59,0,0.002674,0.01
5,dt,88,high,12622.43,0,26.11,1,0.010588,0.03
5,dt,89,high,7229.33,1,21.15,0,0.009765,0.03
5,dt,90,low,48258.66,1,19.93,0,0.003423,0.01
5,dt,91,high,7602.79,0,24.63,0,0.011456,0.03
5,dt,92,medium,10468.68,1,23.03,0,0.005938,0.02
5,dt,93,high,3989.61,0,19.18,0,0.010723,0.03
5,dt,94,medium,22704.64,1,20.12,0,0.005828,0.02
5,dt,95,high,5794.34,1,22.82,0,0.010632,0.03
5,dt,96,high,3280.09,0,14.82,0,0.013266,0.03
5,dt,97,high,8322.81,0,22.5,0,0.011291,0.03
5,dt,98,low,30619.43,1,16.08,0,0.002959,0.01
5,dt,99,low,45370.8,1,20.37,0,0.003116,0.01
5,dt,100,high,5797.05,0,17.6,0,0.012272,0.03
5,dt,101,medium,15867.55,1,27.77,0,0.004016,0.02
5,dt,102,low,51858.69,1,17.5,1,0.002849,0.01
5,dt,103,low,58339.18,1,19.07,1,0.002945,0.01
5,dt,104,low,34941.85,1,17.73,0,0.003187,0.01
5,dt,105,high,2906.82,0,15.92,0,0.011826,0.03
5,dt,106,low,31694.12,1,25.1,0,0.003229,0.01
5,dt,107,low,38537.92,1,20.39,0,0.003109,0.01
5,dt,108,high,7229.94,0,16.89,0,0.009646,0.03
5,dt,109,medium,13702.86,0,26.32,0,0.005736,0.02
5,dt,110,low,49698.95,1,24.8,1,0.003499,0.01
5,dt,111,medium,11899.27,1,19.96,0,0.006126,0.02
5,dt,112,low,41063.28,0,21.17,0,0.002603,0.01
5,dt,113,high,6877.31,0,17.72,0,0.015362,0.03
5,dt,114,medium,5414.54,0,24.39,1,0.005131,0.02
5,dt,115,high,6147.88,0,17.24,0,0.013588,0.03
5,dt,116,high,11554.77,0,20.29,0,0.010464,0.03
5,dt,117,high,10480.06,1,24.69,0,0.006018,0.03
5,dt,118,low,40699.54,1,19.21,0,0.00397,0.01
5,dt,119,high,4710.16,0,12.66,0,0.013829,0.03
6,dt,0,high,6515.08,0,22.29,0,0.009951,0.03
6,dt,1,high,7587.96,0,17.42,1,0.016133,0.03
6,dt,2,low,60497.28,1,21.6,0,0.002687,0.01
6,dt,3,high,6867.08,1,22.32,0,0.012138,0.03
6,dt,4,high,7592.72,1,14.1,0,0.011914,0.03
6,dt,5,low,14418.91,0,17.41,0,0.002266,0.01
6,dt,6,high,4709.29,0,18.97,0,0.010042,0.03
6,dt,7,low,29534.26,1,21.52,0,0.003232,0.01
6,dt,8,low,33856.74,1,23.4,0,0.003458,0.01
6,dt,9,high,7236.98,0,21.35,0,0.013145,0.03
6,dt,10,high,12992.71,1,23.57,0,0.013829,0.03
6,dt,11,low,37449.62,0,20.24,0,0.002859,0.01
6,dt,12,medium,16223.72,1,25.47,1,0.005084,0.02
6,dt,13,high,5074.82,1,23.11,0,0.014984,0.03
6,dt,14,high,5431.87,1,20.39,0,0.011126,0.03
6,dt,15,medium,16942.62,0,19.91,0,0.004191,0.02
6,dt,16,high,4351.73,0,16.08,0,0.014536,0.03
6,dt,17,low,48261.44,1,23.51,0,0.003599,0.01
6,dt,18,high,6157.24,0,17.75,0,0.012667,0.03
6,dt,19,low,56898.01,1,20.99,0,0.003079,0.01
6,dt,20,medium,23421.64,0,21.18,0,0.007584,0.02
6,dt,21,high,10469.92,0,22.87,0,0.013047,0.03
6,dt,22,medium,26312.52,0,20.27,0,0.006886,0.02
6,dt,23,high,5077.29,0,18.56,0,0.014049,0.03
6,dt,24,high,14430.48,1,19.24,0,0.012256,0.03
6,dt,25,high,13354.35,0,24.78,0,0.010325,0.03
6,dt,26,medium,19820.06,1,23.18,0,0.004816,0.02
6,dt,27,medium,21974.63,1,19.47,0,0.007324,0.02
6,dt,28,low,54015.29,1,27.59,0,0.003206,0.01
6,dt,29,medium,19823.81,1,20.7,0,0.006465,0.02
6,dt,30,medium,21259.62,0,21.83,0,0.005311,0.02
6,dt,31,high,4710.52,0,18.04,1,0.011641,0.03
6,dt,32,low,66615.78,1,25.85,1,0.002407,0.01
6,dt,33,high,1841.33,0,18.45,0,0.014885,0.03
6,dt,34,high,4351.74,0,20.39,1,0.014256,0.03
6,dt,35,high,5794.58,0,20.62,0,0.012045,0.03
6,dt,36,high,5070.82,0,22.11,0,0.010083,0.03
6,dt,37,high,6152.53,1,19.03,0,0.013477,0.03
6,dt,38,low,55099.71,1,16.61,0,0.002696,0.01
6,dt,39,high,12993.09,0,20.66,0,0.014938,0.03
6,dt,40,medium,19462.65,1,23.44,1,0.005026,0.02
6,dt,41,medium,28462.21,1,22.36,0,0.006277,0.02
6,dt,42,low,34222.95,1,20.84,0,0.002836,0.01
6,dt,43,medium,14062.41,1,19.52,0,0.004685,0.02
6,dt,44,high,7958.71,1,27.5,0,0.010077,0.03
6,dt,45,high,4002.5,0,23.31,0,0.015942,0.03
6,dt,46,low,39257.75,1,22.92,0,0.003686,0.01
6,dt,47,low,29534.6,1,22.83,0,0.003041,0.01
6,dt,48,medium,9381.8,1,20.75,0,0.006246,0.02
6,dt,49,high,7959.17,0,20.1,0,0.012099,0.03
6,dt,50,low,43212.47,0,23.18,0,0.003136,0.01
6,dt,51,medium,13703.59,1,18.78,0,0.005531,0.02
6,dt,52,medium,9021.66,1,26.69,0,0.005406,0.02
6,dt,53,medium,26295.05,0,18.09,0,0.006841,0.02
6,dt,54,medium,15500.92,0,18.33,0,0.00623,0.02
6,dt,55,low,44300.29,1,19.11,0,0.002975,0.01
6,dt,56,high,12638.76,0,21.19,0,0.011848,0.03
6,dt,57,medium,19826.67,1,19.62,0,0.005372,0.02
6,dt,58,high,5076.77,0,22.59,1,0.018768,0.03
6,dt,59,low,52937.77,1,24.65,0,0.002822,0.01
6,dt,60,high,11905.12,0,23.68,0,0.010365,0.03
6,dt,61,medium,16230.44,1,26.28,0,0.006442,0.02
6,dt,62,low,32059.39,1,16.02,0,0.004032,0.01
6,dt,63,medium,28816.54,0,14.67,0,0.004881,0.02
6,dt,64,high,7596.13,0,23.92,0,0.013171,0.03
6,dt,65,medium,11183.36,0,17.57,0,0.00726,0.02
6,dt,66,low,41779.33,1,17.78,0,0.002377,0.01
6,dt,67,medium,11898.4,0,22.54,0,0.006218,0.02
6,dt,68,medium,14781.08,1,21.37,1,0.00687,0.02
6,dt,69,low,29180.09,1,22.21,0,0.003389,0.01
6,dt,70,low,42854.31,1,22.3,0,0.003275,0.01
6,dt,71,medium,26664.21,0,19.49,0,0.00518,0.02
6,dt,72,low,39614.53,1,16.39,0,0.003327,0.01
6,dt,73,medium,12253.73,1,25.12,0,0.005066,0.02
6,dt,74,low,30253.1,1,17.79,0,0.003817,0.01
6,dt,75,medium,6492.51,0,25.02,0,0.006563,0.02
6,dt,76,high,6144.53,0,23.09,0,0.011358,0.03
6,dt,77,medium,13705.29,0,20.37,0,0.006525,0.02
6,dt,78,low,46809.45,1,19.7,0,0.003693,0.01
6,dt,79,low,37455.25,1,22.21,0,0.002789,0.01
6,dt,80,high,3265.33,0,18.95,0,0.013288,0.03
6,dt,81,high,8311.2,0,14.82,0,0.014431,0.03
6,dt,82,low,39250.74,1,20.01,0,0.003089,0.01
6,dt,83,medium,19458.59,1,18.94,0,0.005865,0.02
6,dt,84,high,5791.99,0,13.44,0,0.009088,0.03
6,dt,85,high,3634.9,0,18.04,0,0.008908,0.03
6,dt,86,medium,9742.27,1,23.54,0,0.004736,0.02
6,dt,87,medium,9740.36,0,19.46,0,0.005631,0.02
6,dt,88,medium,19463.29,0,19.07,0,0.005652,0.02
6,dt,89,medium,17659.97,0,19.87,0,0.006317,0.02
6,dt,90,high,9393.88,0,20.02,0,0.013757,0.03
6,dt,91,high,6151.38,0,26.33,0,0.015809,0.03
6,dt,92,low,37829.33,0,18.83,0,0.002716,0.01
6,dt,93,high,15513.14,0,23.0,0,0.011479,0.03
6,dt,94,medium,7948.23,0,18.08,0,0.006074,0.02
6,dt,95,low,38184.55,1,20.13,0,0.003123,0.01
6,dt,96,medium,11900.25,0,25.28,0,0.00662,0.02
6,dt,97,high,5785.59,1,19.62,1,0.012421,0.03
6,dt,98,medium,15864.0,0,18.37,0,0.007738,0.02
6,dt,99,low,65176.02,1,18.61,0,0.00251,0.01
6,dt,100,medium,18739.19,1,21.85,0,0.006399,0.02
6,dt,101,medium,15863.51,1,19.95,0,0.004442,0.02
6,dt,102,high,3276.38,0,16.74,1,0.014906,0.03
6,dt,103,low,37461.54,1,26.07,1,0.003318,0.01
6,dt,104,high,4715.0,0,19.19,1,0.011184,0.03
6,dt,105,low,45741.95,1,19.55,0,0.003682,0.01
6,dt,106,high,15154.58,1,21.61,0,0.012421,0.03
6,dt,107,high,6873.85,1,22.84,0,0.011405,0.03
6,dt,108,medium,15137.32,1,23.32,1,0.004668,0.02
6,dt,109,low,51134.77,1,21.85,1,0.002759,0.01
6,dt,110,low,55462.4,1,23.23,0,0.003151,0.01
6,dt,111,high,10467.85,0,21.77,0,0.010605,0.03
6,dt,112,low,38542.35,1,17.08,0,0.003405,0.01
6,dt,113,high,2913.64,0,13.85,0,0.010814,0.03
6,dt,114,low,39250.89,1,21.8,0,0.003253,0.01
6,dt,115,high,10474.67,1,21.88,0,0.014194,0.03
6,dt,116,high,5428.84,0,17.73,0,0.012955,0.03
6,dt,117,high,8668.69,1,23.7,0,0.013693,0.03
6,dt,118,medium,12629.15,1,14.53,0,0.005266,0.02
6,dt,119,high,3274.37,0,19.21,0,0.014241,0.03
7,dt,0,high,5791.33,0,21.55,0,0.010804,0.03
7,dt,1,low,42140.58,1,20.24,1,0.003561,0.01
7,dt,2,high,8311.16,0,22.18,0,0.013717,0.03
7,dt,3,low,55100.1,1,20.6,0,0.002249,0.01
7,dt,4,medium,16581.51,0,24.44,1,0.00773,0.02
7,dt,5,low,57259.33,1,16.21,0,0.002418,0.01
7,dt,6,low,35654.46,1,23.72,0,0.003804,0.01
7,dt,7,high,4355.27,1,20.75,0,0.014017,0.03
7,dt,8,medium,14776.77,1,21.31,0,0.005097,0.02
7,dt,9,low,46097.38,1,25.14,0,0.002877,0.01
7,dt,10,medium,11540.43,1,22.49,1,0.00569,0.02
7,dt,11,low,53290.88,1,22.49,0,0.002845,0.01
7,dt,12,high,1833.57,1,18.92,1,0.016705,0.03
7,dt,13,medium,10463.12,1,17.87,0,0.005924,0.02
7,dt,14,medium,13341.92,1,18.9,0,0.006712,0.02
7,dt,15,high,2558.26,0,27.59,0,0.01395,0.03
7,dt,16,high,7943.58,1,21.39,0,0.014127,0.03
7,dt,17,low,47894.57,1,25.97,0,0.002905,0.01
7,dt,18,medium,10822.88,0,22.66,0,0.005738,0.02
7,dt,19,medium,23421.73,0,24.56,0,0.005663,0.02
7,dt,20,high,10471.78,0,24.73,0,0.01295,0.03
7,dt,21,high,3631.6,0,22.76,0,0.011906,0.03
7,dt,22,low,62296.52,1,24.85,0,0.002765,0.01
7,dt,23,high,11198.04,0,17.47,0,0.012495,0.03
7,dt,24,high,14789.49,0,18.52,0,0.011351,0.03
7,dt,25,low,53657.35,1,19.5,0,0.002584,0.01
7,dt,26,medium,21262.61,1,21.4,0,0.005156,0.02
7,dt,27,medium,28095.02,1,20.83,0,0.005444,0.02
7,dt,28,medium,13349.59,1,16.3,0,0.006949,0.02
7,dt,29,low,29537.1,1,24.09,0,0.003441,0.01
7,dt,30,low,40698.71,1,22.7,0,0.003598,0.01
7,dt,31,high,6160.13,0,25.42,0,0.009127,0.03
7,dt,32,medium,6500.87,1,23.57,0,0.003676,0.02
7,dt,33,low,55815.57,1,18.53,0,0.002519,0.01
7,dt,34,low,40340.13,0,17.89,0,0.002716,0.01
7,dt,35,high,3273.48,0,28.15,0,0.00849,0.03
7,dt,36,low,47538.74,1,20.31,0,0.003056,0.01
7,dt,37,high,5428.15,0,22.13,0,0.01077,0.03
7,dt,38,low,52217.12,1,22.69,0,0.003245,0.01
7,dt,39,medium,27388.88,0,16.7,0,0.006321,0.02
7,dt,40,high,5436.38,0,19.19,0,0.014463,0.03
7,dt,41,medium,20907.24,0,16.48,0,0.006259,0.02
7,dt,42,high,4715.31,0,18.04,1,0.012368,0.03
7,dt,43,low,51855.75,0,21.52,0,0.002689,0.01
7,dt,44,low,53657.2,1,26.91,0,0.002846,0.01
7,dt,45,low,34582.01,1,19.42,0,0.003337,0.01
7,dt,46,medium,15863.21,1,23.26,0,0.008083,0.02
7,dt,47,medium,10101.54,0,22.37,0,0.006108,0.02
7,dt,48,high,6514.22,1,24.33,0,0.012105,0.03
7,dt,49,medium,11545.9,0,20.23,0,0.00611,0.02
7,dt,50,high,8671.04,0,25.19,0,0.009393,0.03
7,dt,51,medium,8663.85,1,14.7,0,0.005562,0.02
7,dt,52,high,8668.09,1,20.3,0,0.011299,0.03
7,dt,53,high,9755.53,1,24.92,0,0.013157,0.03
7,dt,54,medium,10465.22,1,23.43,0,0.005363,0.02
7,dt,55,low,62294.14,1,25.05,1,0.002691,0.01
7,dt,56,low,48620.91,1,22.2,0,0.002879,0.01
7,dt,57,medium,20549.57,0,19.65,0,0.00632,0.02
7,dt,58,medium,18022.31,1,22.29,1,0.007227,0.02
7,dt,59,high,8312.19,0,23.43,0,0.015448,0.03
7,dt,60,low,50060.62,1,18.71,0,0.003532,0.01
7,dt,61,high,7231.43,0,23.44,0,0.008591,0.03
7,dt,62,high,12277.4,1,20.35,0,0.008699,0.03
7,dt,63,low,43226.02,0,15.92,0,0.003768,0.01
7,dt,64,low,28106.21,1,19.93,0,0.003885,0.01
7,dt,65,high,2555.01,1,17.59,0,0.015003,0.03
7,dt,66,medium,29179.96,0,17.18,0,0.005938,0.02
7,dt,67,medium,11544.7,1,20.97,1,0.005449,0.02
7,dt,68,low,44657.18,1,21.04,0,0.003716,0.01
7,dt,69,low,48252.33,1,19.42,1,0.00367,0.01
7,dt,70,high,5793.96,1,22.11,0,0.012848,0.03
7,dt,71,medium,17293.92,1,21.33,0,0.005696,0.02
7,dt,72,medium,16225.75,1,21.98,0,0.005158,0.02
7,dt,73,low,53290.02,1,20.97,0,0.002708,0.01
7,dt,74,medium,12622.26,0,18.55,0,0.006305,0.02
7,dt,75,high,4713.17,0,15.73,0,0.012069,0.03
7,dt,76,high,1830.66,1,21.84,0,0.00956,0.03
7,dt,77,medium,13702.07,1,21.18,0,0.005398,0.02
7,dt,78,low,47534.63,1,28.57,1,0.002399,0.01
7,dt,79,medium,9740.86,1,19.18,0,0.007038,0.02
7,dt,80,low,37817.98,1,22.31,0,0.002795,0.01
7,dt,81,medium,24858.99,1,22.36,0,0.006986,0.02
7,dt,82,low,53665.96,1,18.43,0,0.001733,0.01
7,dt,83,medium,15513.01,0,24.78,1,0.007719,0.02
7,dt,84,high,11914.26,0,22.12,1,0.006699,0.03
7,dt,85,high,15869.32,0,23.7,1,0.011316,0.03
7,dt,86,low,38897.11,1,22.77,0,0.003328,0.01
7,dt,87,high,7586.88,0,24.01,0,0.013269,0.03
7,dt,88,low,30969.71,1,21.08,0,0.003184,0.01
7,dt,89,medium,11546.01,1,21.55,0,0.00709,0.02
7,dt,90,medium,12262.84,1,25.98,1,0.006257,0.02
7,dt,91,low,29535.81,1,19.65,0,0.004043,0.01
7,dt,92,medium,8304.65,1,17.09,0,0.006234,0.02
7,dt,93,medium,5781.14,1,20.66,0,0.005899,0.02
7,dt,94,medium,14066.56,0,25.0,0,0.00445,0.02
7,dt,95,low,50419.55,0,24.48,1,0.002267,0.01
7,dt,96,low,37817.81,1,15.67,0,0.003581,0.01
7,dt,97,high,12637.12,0,17.21,0,0.010541,0.03
7,dt,98,medium,5418.13,1,22.38,0,0.006979,0.02
7,dt,99,low,39615.68,0,22.44,0,0.003499,0.01
7,dt,100,low,43219.66,1,13.86,0,0.003917,0.01
7,dt,101,high,3988.32,0,24.15,0,0.010338,0.03
7,dt,102,high,7590.74,0,21.27,0,0.01264,0.03
7,dt,103,medium,19466.04,1,19.89,0,0.00569,0.02
7,dt,104,low,48257.15,0,17.19,0,0.002359,0.01
7,dt,105,high,15509.73,1,27.1,1,0.01179,0.03
7,dt,106,high,9749.52,0,25.82,1,0.013239,0.03
7,dt,107,low,34574.78,1,20.29,0,0.003826,0.01
7,dt,108,low,29901.26,1,23.31,0,0.002877,0.01
7,dt,109,high,6147.12,0,16.11,0,0.012756,0.03
7,dt,110,low,26664.76,1,20.3,0,0.002978,0.01
7,dt,111,medium,18744.64,1,25.65,0,0.006802,0.02
7,dt,112,low,48970.36,1,18.37,0,0.001823,0.01
7,dt,113,medium,12270.26,1,20.06,0,0.005725,0.02
7,dt,114,high,8668.3,0,17.18,1,0.01214,0.03
7,dt,115,low,45738.21,0,16.27,0,0.002171,0.01
7,dt,116,high,11552.78,0,19.41,1,0.013057,0.03
7,dt,117,medium,9386.89,1,19.68,0,0.007256,0.02
7,dt,118,low,46093.32,1,24.46,0,0.003598,0.01
7,dt,119,low,43578.4,1,19.41,0,0.003178,0.01
8,dt,0,medium,18733.48,1,20.51,0,0.00621,0.02
8,dt,1,medium,33498.62,1,13.8,0,0.004913,0.02
8,dt,2,medium,16582.29,1,18.04,0,0.005528,0.02
8,dt,3,low,47899.73,0,24.92,0,0.002651,0.01
8,dt,4,high,6155.42,1,22.22,0,0.010075,0.03
8,dt,5,high,7235.33,0,20.55,0,0.010793,0.03
8,dt,6,medium,14064.13,0,26.46,0,0.006908,0.02
8,dt,7,medium,10463.71,0,24.64,1,0.00719,0.02
8,dt,8,high,8309.56,0,20.33,1,0.011766,0.03
8,dt,9,high,6514.45,0,17.88,0,0.010508,0.03
8,dt,10,medium,20541.42,1,17.22,0,0.006516,0.02
8,dt,11,high,2914.33,0,18.82,0,0.009069,0.03
8,dt,12,high,9750.8,1,22.44,1,0.0106,0.03
8,dt,13,high,2196.83,0,23.61,0,0.009597,0.03
8,dt,14,low,40331.44,0,21.6,0,0.001418,0.01
8,dt,15,low,36743.33,1,13.43,0,0.003619,0.01
8,dt,16,low,54739.99,1,17.76,0,0.002985,0.01
8,dt,17,medium,28460.05,1,17.46,1,0.004187,0.02
8,dt,18,low,45013.82,1,18.02,0,0.002896,0.01
8,dt,19,low,35661.62,1,18.69,0,0.003811,0.01
8,dt,20,low,37455.88,1,23.47,0,0.003928,0.01
8,dt,21,low,45733.01,1,24.23,0,0.001968,0.01
8,dt,22,medium,13700.23,1,20.07,1,0.007992,0.02
8,dt,23,low,30615.87,1,19.99,0,0.003345,0.01
8,dt,24,medium,19822.39,0,19.78,0,0.005794,0.02
8,dt,25,low,24136.83,1,19.95,0,0.003193,0.01
8,dt,26,medium,5420.89,0,12.37,0,0.006001,0.02
8,dt,27,high,7228.02,0,22.7,0,0.008051,0.03
8,dt,28,medium,15146.71,1,18.68,0,0.003331,0.02
8,dt,29,medium,15864.38,1,21.26,0,0.006018,0.02
8,dt,30,medium,17661.98,1,20.79,0,0.005763,0.02
8,dt,31,medium,20183.06,0,19.9,0,0.006886,0.02
8,dt,32,high,9750.69,0,13.71,0,0.009096,0.03
8,dt,33,medium,19467.16,0,22.85,0,0.007691,0.02
8,dt,34,medium,10103.7,0,23.34,0,0.007229,0.02
8,dt,35,medium,21262.85,1,22.14,0,0.004563,0.02
8,dt,36,high,10832.47,0,27.22,0,0.011656,0.03
8,dt,37,high,5797.25,1,20.79,0,0.014056,0.03
8,dt,38,low,31698.48,1,15.84,0,0.002716,0.01
8,dt,39,medium,9387.66,1,21.97,0,0.007124,0.02
8,dt,40,medium,36384.85,0,24.48,1,0.004681,0.02
8,dt,41,medium,8663.17,1,19.72,0,0.004454,0.02
8,dt,42,medium,15138.63,1,19.04,0,0.005044,0.02
8,dt,43,low,59066.89,0,26.19,0,0.002323,0.01
8,dt,44,high,5790.41,0,22.54,0,0.010869,0.03
8,dt,45,medium,12985.38,0,16.57,0,0.005781,0.02
8,dt,46,medium,10466.61,0,25.32,0,0.005335,0.02
8,dt,47,medium,14782.93,0,15.08,0,0.006652,0.02
8,dt,48,low,47551.34,1,17.64,1,0.003619,0.01
8,dt,49,low,70939.19,1,19.52,0,0.002205,0.01
8,dt,50,high,6508.98,0,16.84,0,0.012975,0.03
8,dt,51,medium,28092.71,1,20.25,0,0.006118,0.02
8,dt,52,low,47535.04,1,17.38,0,0.003699,0.01
8,dt,53,medium,7587.64,1,13.82,0,0.005566,0.02
8,dt,54,medium,6863.24,0,25.44,0,0.005838,0.02
8,dt,55,low,45016.67,1,25.96,0,0.003319,0.01
8,dt,56,medium,16218.3,0,18.56,0,0.006697,0.02
8,dt,57,low,43932.86,1,19.14,0,0.003322,0.01
8,dt,58,medium,11904.81,1,15.7,0,0.004742,0.02
8,dt,59,medium,18738.83,1,28.02,0,0.005497,0.02
8,dt,60,medium,13336.79,0,15.68,0,0.004972,0.02
8,dt,61,high,3988.52,0,14.54,0,0.008934,0.03
8,dt,62,low,42865.06,1,21.11,0,0.003879,0.01
8,dt,63,high,2559.14,1,19.74,0,0.00976,0.03
8,dt,64,medium,18016.93,1,20.74,0,0.005858,0.02
8,dt,65,high,11916.73,0,21.06,0,0.011924,0.03
8,dt,66,high,7235.4,0,19.55,1,0.012081,0.03
8,dt,67,high,9035.33,0,20.38,0,0.012485,0.03
8,dt,68,high,7594.63,0,19.99,0,0.012225,0.03
8,dt,69,low,42140.41,1,19.86,0,0.002852,0.01
8,dt,70,medium,16946.11,0,22.43,0,0.006659,0.02
8,dt,71,medium,18744.35,0,16.14,1,0.00678,0.02
8,dt,72,medium,9735.47,1,20.69,0,0.00614,0.02
8,dt,73,medium,23422.73,0,22.95,0,0.007488,0.02
8,dt,74,medium,25577.75,0,23.06,0,0.005134,0.02
8,dt,75,medium,13699.26,0,23.18,1,0.006591,0.02
8,dt,76,low,30979.95,1,25.9,0,0.003092,0.01
8,dt,77,medium,12257.93,0,23.54,1,0.006767,0.02
8,dt,78,low,36016.92,1,17.78,0,0.004124,0.01
8,dt,79,high,6153.57,1,27.71,0,0.012031,0.03
8,dt,80,low,51138.92,1,19.98,0,0.003033,0.01
8,dt,81,high,3273.82,0,21.07,0,0.009942,0.03
8,dt,82,low,44300.42,0,19.4,0,0.003593,0.01
8,dt,83,medium,16586.59,1,25.1,0,0.006006,0.02
8,dt,84,medium,22338.18,0,21.69,0,0.007154,0.02
8,dt,85,high,7235.73,1,20.3,0,0.012366,0.03
8,dt,86,medium,16213.25,1,15.29,0,0.00424,0.02
8,dt,87,low,47891.03,1,20.8,0,0.002634,0.01
8,dt,88,medium,19100.61,0,15.9,0,0.007028,0.02
8,dt,89,medium,23429.06,0,18.1,0,0.007426,0.02
8,dt,90,low,44297.75,1,19.95,1,0.002607,0.01
8,dt,91,medium,7216.71,0,24.29,0,0.005422,0.02
8,dt,92,high,4352.87,1,24.27,0,0.010458,0.03
8,dt,93,low,37099.32,1,19.54,1,0.003227,0.01
8,dt,94,low,40703.06,1,26.3,0,0.003292,0.01
8,dt,95,high,9398.28,0,17.94,0,0.010594,0.03
8,dt,96,low,39256.05,1,22.78,0,0.00293,0.01
8,dt,97,low,47534.7,1,21.05,0,0.003201,0.01
8,dt,98,high,9391.02,0,26.1,0,0.013123,0.03
8,dt,99,low,40705.02,1,21.21,1,0.00334,0.01
8,dt,100,medium,6503.13,1,27.77,0,0.007644,0.02
8,dt,101,high,13713.59,0,21.78,0,0.013654,0.03
8,dt,102,high,7588.45,0,19.81,0,0.009137,0.03
8,dt,103,medium,12269.76,0,20.36,0,0.0068,0.02
8,dt,104,low,37462.69,1,22.53,0,0.003673,0.01
8,dt,105,medium,19105.17,1,22.04,0,0.006597,0.02
8,dt,106,medium,25938.82,1,22.52,0,0.006821,0.02
8,dt,107,medium,20906.45,1,22.99,0,0.006464,0.02
8,dt,108,low,45735.43,1,21.74,0,0.00292,0.01
8,dt,109,high,3637.27,0,16.24,0,0.011681,0.03
8,dt,110,medium,12266.88,0,17.89,0,0.005997,0.02
8,dt,111,low,66972.31,1,13.02,1,0.002507,0.01
8,dt,112,medium,9017.02,1,20.55,0,0.007191,0.02
8,dt,113,medium,18024.87,1,18.96,0,0.005054,0.02
8,dt,114,high,9757.51,0,16.62,1,0.010203,0.03
8,dt,115,low,40693.03,1,20.02,0,0.002685,0.01
8,dt,116,high,5071.28,0,13.54,0,0.011458,0.03
8,dt,117,medium,28459.25,1,21.73,0,0.004049,0.02
8,dt,118,high,2549.52,0,20.71,0,0.011357,0.03
8,dt,119,medium,18740.78,0,20.13,0,0.006385,0.02
9,dt,0,low,30979.31,1,18.89,0,0.004018,0.01
9,dt,1,high,6514.12,0,18.91,0,0.013387,0.03
9,dt,2,low,51143.74,1,18.18,1,0.003332,0.01
9,dt,3,medium,13338.6,1,23.53,0,0.005961,0.02
9,dt,4,medium,27382.93,0,24.39,0,0.004115,0.02
9,dt,5,medium,15143.25,0,19.25,0,0.006108,0.02
9,dt,6,medium,5790.95,0,18.62,1,0.006004,0.02
9,dt,7,low,47539.0,1,22.13,0,0.003158,0.01
9,dt,8,medium,6862.11,0,19.97,0,0.007638,0.02
9,dt,9,low,48981.9,1,21.06,0,0.002573,0.01
9,dt,10,low,42860.9,1,21.1,0,0.003037,0.01
9,dt,11,medium,20545.58,0,19.57,0,0.006104,0.02
9,dt,12,high,5434.77,0,19.69,0,0.011101,0.03
9,dt,13,medium,9390.54,1,27.86,0,0.005469,0.02
9,dt,14,medium,9024.95,1,19.37,1,0.007547,0.02
9,dt,15,low,66616.97,1,20.33,1,0.002364,0.01
9,dt,16,low,39618.32,1,19.25,0,0.003402,0.01
9,dt,17,medium,10827.6,0,22.15,0,0.006539,0.02
9,dt,18,low,51852.34,1,17.45,0,0.003307,0.01
9,dt,19,low,43940.07,1,16.32,0,0.003425,0.01
9,dt,20,low,48258.77,1,21.51,1,0.003611,0.01
9,dt,21,high,5791.48,1,18.16,0,0.012447,0.03
9,dt,22,high,6876.15,0,17.26,0,0.010984,0.03
9,dt,23,high,8675.61,0,21.9,0,0.008634,0.03
9,dt,24,medium,20901.48,1,20.08,0,0.006089,0.02
9,dt,25,medium,18385.7,1,21.97,0,0.006752,0.02
9,dt,26,high,5794.02,1,18.94,1,0.01391,0.03
9,dt,27,medium,28818.88,1,16.67,0,0.00425,0.02
9,dt,28,high,5794.01,0,19.48,0,0.00872,0.03
9,dt,29,high,8311.57,0,23.87,0,0.011375,0.03
9,dt,30,medium,23075.39,0,19.83,0,0.00475,0.02
9,dt,31,low,30260.36,1,26.65,0,0.003324,0.01
9,dt,32,low,23415.36,0,29.56,0,0.002597,0.01
9,dt,33,high,2551.31,0,26.88,0,0.013055,0.03
9,dt,34,high,1833.73,0,24.96,1,0.012083,0.03
9,dt,35,low,43573.83,1,20.97,0,0.003241,0.01
9,dt,36,medium,14780.5,1,24.14,0,0.007419,0.02
9,dt,37,medium,10467.98,1,22.31,0,0.008244,0.02
9,dt,38,low,55814.59,1,23.8,0,0.003075,0.01
9,dt,39,medium,14422.02,1,18.81,0,0.006615,0.02
9,dt,40,low,33857.33,1,19.53,0,0.003387,0.01
9,dt,41,medium,18025.56,1,20.97,1,0.004932,0.02
9,dt,42,medium,9021.5,0,19.71,0,0.004716,0.02
9,dt,43,low,52582.01,1,20.3,0,0.002647,0.01
9,dt,44,low,32420.51,1,17.04,0,0.003371,0.01
9,dt,45,low,48259.01,0,22.8,0,0.003452,0.01
9,dt,46,low,41055.88,0,23.12,0,0.002436,0.01
9,dt,47,low,54020.56,1,18.26,1,0.003125,0.01
9,dt,48,low,49340.55,1,21.46,0,0.002453,0.01
9,dt,49,high,6865.55,1,16.95,0,0.014257,0.03
9,dt,50,low,25932.58,1,19.81,1,0.003232,0.01
9,dt,51,medium,21983.02,1,21.71,0,0.006267,0.02
9,dt,52,low,45735.09,0,18.65,1,0.002148,0.01
9,dt,53,medium,7590.39,0,23.04,0,0.006783,0.02
9,dt,54,medium,6497.16,1,23.42,0,0.004664,0.02
9,dt,55,high,3992.08,1,20.24,0,0.014332,0.03
9,dt,56,high,8316.29,0,20.47,0,0.011443,0.03
9,dt,57,medium,20902.33,1,18.14,1,0.005727,0.02
9,dt,58,high,9387.62,0,23.54,0,0.011177,0.03
9,dt,59,low,48613.44,1,24.3,0,0.00338,0.01
9,dt,60,low,28101.56,0,26.99,1,0.003367,0.01
9,dt,61,high,2909.08,0,22.75,0,0.013598,0.03
9,dt,62,low,46100.63,0,24.37,0,0.003644,0.01
9,dt,63,medium,15495.79,1,25.45,0,0.004097,0.02
9,dt,64,high,12271.95,0,20.34,0,0.014395,0.03
9,dt,65,low,50778.34,1,23.52,0,0.002693,0.01
9,dt,66,low,34583.01,1,20.55,0,0.002565,0.01
9,dt,67,low,38544.4,1,16.03,0,0.003377,0.01
9,dt,68,medium,16936.2,0,24.42,0,0.006422,0.02
9,dt,69,high,11548.3,0,22.42,1,0.0092,0.03
9,dt,70,high,10114.63,1,17.42,0,0.007037,0.03
9,dt,71,high,10838.59,0,16.79,1,0.016926,0.03
9,dt,72,medium,33861.51,1,25.13,0,0.004395,0.02
9,dt,73,medium,21978.5,0,20.35,1,0.006305,0.02
9,dt,74,low,46100.36,1,16.36,0,0.002425,0.01
9,dt,75,high,3638.58,0,21.14,0,0.015177,0.03
9,dt,76,medium,10821.75,0,22.53,0,0.006839,0.02
9,dt,77,medium,30621.52,0,18.04,0,0.005706,0.02
9,dt,78,low,46820.32,1,24.51,0,0.003362,0.01
9,dt,79,medium,12633.38,1,20.3,0,0.007776,0.02
9,dt,80,high,4344.81,0,16.0,1,0.012159,0.03
9,dt,81,low,52939.92,1,19.6,1,0.003086,0.01
9,dt,82,low,32414.43,1,16.86,0,0.003503,0.01
9,dt,83,low,37456.43,1,23.49,1,0.003252,0.01
9,dt,84,high,13355.05,0,19.54,0,0.011954,0.03
9,dt,85,medium,17306.99,1,21.34,0,0.006786,0.02
9,dt,86,high,6866.53,1,21.03,0,0.009564,0.03
9,dt,87,high,14077.94,0,18.66,0,0.007467,0.03
9,dt,88,high,7233.38,0,22.26,0,0.0143,0.03
9,dt,89,medium,12622.04,1,24.78,0,0.007436,0.02
9,dt,90,high,3269.75,0,19.92,0,0.00972,0.03
9,dt,91,medium,24144.89,1,24.62,0,0.007175,0.02
9,dt,92,low,37098.62,1,23.27,0,0.003625,0.01
9,dt,93,low,57623.68,1,24.28,0,0.00235,0.01
9,dt,94,low,48619.27,1,18.35,1,0.002674,0.01
9,dt,95,high,12628.95,0,20.68,0,0.01305,0.03
9,dt,96,high,12274.3,0,20.97,0,0.013045,0.03
9,dt,97,low,54384.56,1,19.73,0,0.003231,0.01
9,dt,98,high,9394.63,0,17.9,0,0.013479,0.03
9,dt,99,medium,28818.81,1,21.49,0,0.005392,0.02
9,dt,100,medium,16945.07,1,19.56,0,0.006654,0.02
9,dt,101,high,7596.92,0,24.25,0,0.014552,0.03
9,dt,102,low,70939.17,1,22.59,0,0.00211,0.01
9,dt,103,medium,16228.36,0,21.49,0,0.006853,0.02
9,dt,104,medium,11544.0,1,20.65,0,0.007227,0.02
9,dt,105,medium,15497.71,0,16.95,0,0.006991,0.02
9,dt,106,high,11548.46,1,21.43,0,0.01363,0.03
9,dt,107,low,30625.1,1,19.01,0,0.003472,0.01
9,dt,108,high,12990.36,0,20.64,0,0.014242,0.03
9,dt,109,medium,23779.2,1,21.24,0,0.005867,0.02
9,dt,110,high,4000.74,0,20.5,0,0.011762,0.03
9,dt,111,medium,14415.38,0,22.09,0,0.005156,0.02
9,dt,112,medium,24860.01,1,19.18,0,0.002955,0.02
9,dt,113,high,8671.67,0,30.97,0,0.011339,0.03
9,dt,114,low,55821.56,1,21.32,0,0.002523,0.01
9,dt,115,low,92180.84,0,21.1,0,0.001556,0.01
9,dt,116,high,7593.37,1,25.16,0,0.010601,0.03
9,dt,117,medium,21258.85,0,22.23,1,0.005812,0.02
9,dt,118,low,34583.2,1,22.39,0,0.002977,0.01
9,dt,119,medium,16575.87,1,25.39,0,0.005601,0.02
10,dt,0,medium,12974.28,1,18.6,0,0.005501,0.02
10,dt,1,low,52212.52,0,22.22,0,0.003136,0.01
10,dt,2,low,31701.5,1,20.15,0,0.003047,0.01
10,dt,3,medium,6490.47,1,21.06,1,0.007115,0.02
10,dt,4,low,35302.1,1,18.05,0,0.003049,0.01
10,dt,5,medium,14785.18,1,15.24,0,0.006999,0.02
10,dt,6,high,13354.97,1,16.02,0,0.011105,0.03
10,dt,7,low,39980.65,0,18.62,0,0.003514,0.01
10,dt,8,medium,16584.64,1,24.98,1,0.004593,0.02
10,dt,9,medium,20539.81,1,19.61,0,0.005795,0.02
10,dt,10,low,30263.3,1,22.77,0,0.003019,0.01
10,dt,11,medium,17665.61,1,23.87,0,0.00713,0.02
10,dt,12,high,4723.26,0,15.53,1,0.01008,0.03
10,dt,13,medium,27021.09,1,16.59,0,0.004078,0.02
10,dt,14,low,54744.17,1,24.06,1,0.002915,0.01
10,dt,15,low,50421.94,1,21.96,0,0.003464,0.01
10,dt,16,high,5793.36,0,24.51,1,0.011494,0.03
10,dt,17,high,6143.97,0,18.67,1,0.011749,0.03
10,dt,18,medium,13711.29,1,18.89,0,0.005693,0.02
10,dt,19,low,42494.79,1,21.64,1,0.003432,0.01
10,dt,20,high,7231.54,0,20.09,0,0.012329,0.03
10,dt,21,low,14419.58,1,18.7,1,0.003894,0.01
10,dt,22,high,2191.76,0,22.41,1,0.013979,0.03
10,dt,23,high,12996.32,1,16.1,0,0.007961,0.03
10,dt,24,low,50058.33,0,21.06,0,0.002768,0.01
10,dt,25,low,49339.75,1,20.89,1,0.003413,0.01
10,dt,26,medium,20539.83,1,25.61,0,0.005402,0.02
10,dt,27,high,2555.99,0,28.86,0,0.012994,0.03
10,dt,28,high,7595.78,0,19.47,0,0.010684,0.03
10,dt,29,medium,9387.82,0,21.62,0,0.006518,0.02
10,dt,30,medium,11545.86,0,23.72,0,0.004324,0.02
10,dt,31,low,49340.05,1,21.12,0,0.00276,0.01
10,dt,32,medium,20540.49,1,21.9,0,0.00485,0.02
10,dt,33,high,6515.84,0,22.6,0,0.013395,0.03
10,dt,34,low,66975.72,1,18.42,0,0.002573,0.01
10,dt,35,low,41416.4,1,24.23,0,0.003045,0.01
10,dt,36,medium,9013.19,1,20.37,0,0.006478,0.02
10,dt,37,high,13354.02,1,17.07,0,0.013002,0.03
10,dt,38,high,10113.14,0,19.12,0,0.012576,0.03
10,dt,39,medium,16223.47,0,18.8,0,0.007363,0.02
10,dt,40,low,43943.04,1,23.28,0,0.003007,0.01
10,dt,41,high,6506.01,1,26.48,0,0.012375,0.03
10,dt,42,high,2914.52,0,20.0,0,0.015632,0.03
10,dt,43,low,36016.65,1,23.33,1,0.003093,0.01
10,dt,44,low,44294.86,1,21.0,0,0.003013,0.01
10,dt,45,medium,18739.74,0,21.8,0,0.005265,0.02
10,dt,46,low,50776.69,1,20.91,0,0.003302,0.01
10,dt,47,low,43216.25,1,20.86,0,0.002722,0.01
10,dt,48,high,4709.51,0,16.59,1,0.013522,0.03
10,dt,49,medium,14070.3,0,20.99,0,0.006352,0.02
10,dt,50,low,53287.88,1,21.22,1,0.002707,0.01
10,dt,51,low,37819.51,1,24.21,0,0.00247,0.01
10,dt,52,low,39622.33,1,26.83,0,0.002446,0.01
10,dt,53,high,5429.84,0,24.53,0,0.011662,0.03
10,dt,54,medium,18021.49,0,20.31,0,0.008704,0.02
10,dt,55,low,41063.88,1,19.83,0,0.003303,0.01
10,dt,56,medium,17666.22,1,16.6,0,0.005165,0.02
10,dt,57,high,3271.09,0,28.1,0,0.011053,0.03
10,dt,58,medium,17670.54,1,18.9,0,0.005648,0.02
10,dt,59,high,5070.58,0,21.46,0,0.01324,0.03
10,dt,60,medium,20900.26,0,24.18,1,0.008129,0.02
10,dt,61,high,6511.5,0,20.95,0,0.013976,0.03
10,dt,62,low,48978.79,0,16.45,0,0.002544,0.01
10,dt,63,low,50419.87,1,17.79,1,0.002811,0.01
10,dt,64,high,3634.7,0,20.89,0,0.010212,0.03
10,dt,65,high,7957.19,1,21.6,0,0.011831,0.03
10,dt,66,low,51492.31,1,19.47,0,0.003361,0.01
10,dt,67,high,7591.6,0,23.53,0,0.013475,0.03
10,dt,68,low,39973.35,1,16.88,1,0.003094,0.01
10,dt,69,medium,27022.99,0,21.36,0,0.005225,0.02
10,dt,70,medium,13345.42,1,20.12,0,0.005279,0.02
10,dt,71,high,11194.88,0,18.03,0,0.006181,0.03
10,dt,72,high,5079.87,0,23.49,0,0.008275,0.03
10,dt,73,high,3283.67,0,21.94,0,0.010675,0.03
10,dt,74,medium,13339.3,1,23.12,0,0.005182,0.02
10,dt,75,low,61566.84,1,17.24,0,0.002231,0.01
10,dt,76,medium,12619.42,1,23.36,0,0.006657,0.02
10,dt,77,low,42139.1,1,20.24,1,0.002647,0.01
10,dt,78,low,43940.83,1,19.94,0,0.003224,0.01
10,dt,79,medium,16221.27,1,21.04,1,0.005993,0.02
10,dt,80,medium,12984.59,1,16.64,0,0.004496,0.02
10,dt,81,low,54017.86,1,23.98,0,0.003125,0.01
10,dt,82,low,45738.8,1,26.9,1,0.003245,0.01
10,dt,83,high,8674.3,1,20.71,0,0.015257,0.03
10,dt,84,high,5070.14,0,22.03,0,0.014595,0.03
10,dt,85,low,53652.66,1,19.21,0,0.002946,0.01
10,dt,86,medium,20900.86,1,21.46,0,0.005211,0.02
10,dt,87,high,2912.48,0,16.56,0,0.00969,0.03
10,dt,88,medium,10098.4,0,16.27,1,0.007221,0.02
10,dt,89,medium,15507.86,0,19.76,0,0.006096,0.02
10,dt,90,medium,6137.93,0,25.17,0,0.00768,0.02
10,dt,91,high,14432.97,0,28.49,0,0.010144,0.03
10,dt,92,high,13357.37,1,20.41,0,0.013748,0.03
10,dt,93,medium,16220.86,0,23.33,1,0.007489,0.02
10,dt,94,medium,19824.47,1,23.91,0,0.005161,0.02
10,dt,95,high,2914.5,0,22.56,0,0.011634,0.03
10,dt,96,medium,18380.68,1,21.25,1,0.005712,0.02
10,dt,97,low,46817.44,1,26.19,0,0.003041,0.01
10,dt,98,medium,11186.23,1,14.6,0,0.005869,0.02
10,dt,99,medium,23781.42,1,16.31,0,0.005991,0.02
10,dt,100,high,6148.47,1,24.71,0,0.012489,0.03
10,dt,101,low,63374.66,1,21.69,0,0.002761,0.01
10,dt,102,low,39620.45,1,20.63,0,0.002796,0.01
10,dt,103,high,2555.24,0,19.78,0,0.01246,0.03
10,dt,104,low,52219.36,1,20.38,0,0.002766,0.01
10,dt,105,low,42142.68,1,19.01,0,0.002706,0.01
10,dt,106,high,2919.0,1,16.88,0,0.014022,0.03
10,dt,107,medium,12621.91,1,15.31,0,0.007626,0.02
10,dt,108,medium,19827.9,1,21.31,0,0.005085,0.02
10,dt,109,medium,23059.32,1,21.18,0,0.006277,0.02
10,dt,110,low,48259.96,1,18.04,0,0.002212,0.01
10,dt,111,low,48619.58,1,24.47,0,0.003396,0.01
10,dt,112,medium,18032.29,1,17.01,0,0.006756,0.02
10,dt,113,high,11558.0,1,21.69,0,0.011247,0.03
10,dt,114,high,5793.49,0,18.53,1,0.011888,0.03
10,dt,115,low,37097.33,1,16.27,0,0.003022,0.01
10,dt,116,low,36737.56,1,22.58,0,0.003596,0.01
10,dt,117,high,7959.22,1,26.03,0,0.011653,0.03
10,dt,118,high,6154.3,0,21.87,0,0.014963,0.03
10,dt,119,low,39983.97,1,25.44,0,0.003447,0.01
11,dt,0,low,42861.12,1,15.18,1,0.003489,0.01
11,dt,1,high,7236.26,0,17.65,0,0.012952,0.03
11,dt,2,medium,30975.65,0,15.07,0,0.005579,0.02
11,dt,3,medium,10819.57,0,20.65,0,0.006121,0.02
11,dt,4,medium,13700.22,1,21.41,1,0.004287,0.02
11,dt,5,high,4712.08,0,20.47,0,0.010051,0.03
11,dt,6,medium,11907.88,1,21.4,0,0.005551,0.02
11,dt,7,medium,3262.56,0,16.45,0,0.005806,0.02
11,dt,8,low,59779.26,1,22.9,0,0.002578,0.01
11,dt,9,low,43935.96,1,19.19,0,0.002953,0.01
11,dt,10,high,9030.02,0,19.04,0,0.015267,0.03
11,dt,11,high,3631.23,1,22.78,0,0.008674,0.03
11,dt,12,low,44295.84,1,21.7,0,0.003066,0.01
11,dt,13,low,51139.31,1,19.99,0,0.003455,0.01
11,dt,14,high,14432.04,0,20.9,0,0.010395,0.03
11,dt,15,low,26297.56,1,17.97,1,0.00307,0.01
11,dt,16,medium,17664.39,0,25.43,0,0.007504,0.02
11,dt,17,medium,19461.7,0,21.87,1,0.005869,0.02
11,dt,18,high,8671.74,0,20.1,0,0.011741,0.03
11,dt,19,high,8670.64,0,25.28,0,0.011746,0.03
11,dt,20,low,50414.91,1,23.87,0,0.002645,0.01
11,dt,21,high,14069.37,0,19.82,0,0.013077,0.03
11,dt,22,low,48620.16,1,24.01,0,0.002713,0.01
11,dt,23,high,13347.97,0,24.19,0,0.012666,0.03
11,dt,24,medium,15507.21,1,19.94,0,0.005314,0.02
11,dt,25,high,4704.18,0,16.9,0,0.014036,0.03
11,dt,26,high,9755.39,1,22.8,0,0.011753,0.03
11,dt,27,high,11915.61,0,22.12,0,0.012707,0.03
11,dt,28,low,45016.4,0,22.27,0,0.002534,0.01
11,dt,29,medium,8669.54,1,19.7,0,0.005372,0.02
11,dt,30,low,39255.01,1,24.8,0,0.003852,0.01
11,dt,31,low,38179.62,1,19.74,0,0.003466,0.01
11,dt,32,low,38900.19,1,20.69,1,0.003454,0.01
11,dt,33,high,4721.31,0,18.94,1,0.011706,0.03
11,dt,34,low,39249.49,1,22.94,0,0.002989,0.01
11,dt,35,medium,15147.24,0,21.45,0,0.00713,0.02
11,dt,36,medium,21267.07,1,21.25,1,0.00559,0.02
11,dt,37,medium,22701.92,1,22.81,1,0.006026,0.02
11,dt,38,medium,21983.3,0,16.1,1,0.005258,0.02
11,dt,39,high,7595.84,0,22.03,0,0.015176,0.03
11,dt,40,medium,22709.45,1,23.24,0,0.004599,0.02
11,dt,41,low,39979.47,1,20.13,0,0.003451,0.01
11,dt,42,high,10119.1,0,22.86,0,0.008889,0.03
11,dt,43,low,44661.12,1,17.0,0,0.003268,0.01
11,dt,44,low,41769.9,1,17.12,0,0.003209,0.01
11,dt,45,high,5787.58,0,22.34,0,0.012154,0.03
11,dt,46,high,6510.24,0,22.79,0,0.009156,0.03
11,dt,47,medium,10103.75,0,22.11,0,0.008681,0.02
11,dt,48,high,16601.96,1,17.35,1,0.008126,0.03
11,dt,49,high,12273.11,1,18.02,0,0.014416,0.03
11,dt,50,high,11914.19,0,26.24,0,0.014131,0.03
11,dt,51,medium,29898.4,0,20.28,0,0.005305,0.02
11,dt,52,low,56180.5,1,16.2,0,0.002326,0.01
11,dt,53,medium,18382.37,1,24.07,0,0.006175,0.02
11,dt,54,medium,22696.89,1,20.99,0,0.005166,0.02
11,dt,55,low,54381.64,1,23.11,0,0.002656,0.01
11,dt,56,high,5788.11,1,21.05,0,0.011004,0.03
11,dt,57,medium,20548.77,1,24.3,0,0.006118,0.02
11,dt,58,medium,15137.43,0,21.61,0,0.003799,0.02
11,dt,59,high,9759.65,1,21.18,0,0.013708,0.03
11,dt,60,medium,21985.92,1,21.8,1,0.005817,0.02
11,dt,61,high,4712.76,1,19.94,0,0.012412,0.03
11,dt,62,low,33137.27,1,25.58,0,0.003021,0.01
11,dt,63,low,38896.28,1,22.76,0,0.003736,0.01
11,dt,64,medium,10098.51,0,19.94,0,0.008017,0.02
11,dt,65,high,4350.33,0,22.94,0,0.012484,0.03
11,dt,66,low,53298.11,1,22.14,1,0.002136,0.01
11,dt,67,low,42139.46,1,21.56,0,0.003199,0.01
11,dt,68,medium,16221.12,0,21.09,0,0.006723,0.02
11,dt,69,high,4350.19,1,20.77,0,0.012889,0.03
11,dt,70,high,6872.32,0,17.17,0,0.014646,0.03
11,dt,71,high,7588.34,0,13.84,0,0.014585,0.03
11,dt,72,medium,11537.8,1,21.24,0,0.006552,0.02
11,dt,73,high,9394.76,0,16.53,0,0.013833,0.03
11,dt,74,high,5073.11,1,17.15,0,0.013166,0.03
11,dt,75,low,56541.11,1,21.46,0,0.002476,0.01
11,dt,76,medium,9023.21,0,19.0,0,0.005324,0.02
11,dt,77,low,41062.82,1,24.1,0,0.003299,0.01
11,dt,78,high,10475.2,1,24.03,0,0.01281,0.03
11,dt,79,medium,13701.81,1,18.88,0,0.005871,0.02
11,dt,80,high,11551.23,0,19.53,0,0.009885,0.03
11,dt,81,high,6150.33,0,27.37,0,0.00915,0.03
11,dt,82,medium,10099.93,1,20.51,0,0.006626,0.02
11,dt,83,low,44661.94,0,19.35,0,0.003021,0.01
11,dt,84,high,2915.7,0,21.91,0,0.010743,0.03
11,dt,85,low,28460.92,1,23.74,1,0.002062,0.01
11,dt,86,low,42139.84,1,17.24,0,0.003209,0.01
11,dt,87,low,27740.5,1,23.01,0,0.003996,0.01
11,dt,88,low,49699.03,1,20.91,0,0.002803,0.01
11,dt,89,low,52943.72,1,16.05,1,0.002943,0.01
11,dt,90,high,2197.35,0,23.97,0,0.015784,0.03
11,dt,91,high,4714.27,0,23.48,0,0.012315,0.03
11,dt,92,low,64097.38,1,20.27,0,0.002032,0.01
11,dt,93,medium,26301.34,1,20.34,0,0.003797,0.02
11,dt,94,medium,19823.7,0,20.11,0,0.005062,0.02
11,dt,95,low,43217.05,1,21.61,0,0.002618,0.01
11,dt,96,medium,7582.89,0,17.68,0,0.004717,0.02
11,dt,97,high,3630.86,0,17.56,0,0.013448,0.03
11,dt,98,high,6878.71,0,17.22,0,0.014863,0.03
11,dt,99,high,3634.47,0,20.72,0,0.01685,0.03
11,dt,100,high,1834.97,0,20.78,0,0.011693,0.03
11,dt,101,medium,30979.31,1,18.81,0,0.004864,0.02
11,dt,102,low,23414.08,1,19.21,0,0.004173,0.01
11,dt,103,medium,28469.75,1,20.36,0,0.00592,0.02
11,dt,104,high,7953.65,0,19.31,0,0.012428,0.03
11,dt,105,medium,27028.49,0,19.73,0,0.00658,0.02
11,dt,106,low,39980.85,1,17.98,0,0.002339,0.01
11,dt,107,medium,20180.1,1,21.31,0,0.005307,0.02
11,dt,108,high,15515.3,1,22.67,0,0.008266,0.03
11,dt,109,low,37454.26,1,15.65,1,0.003128,0.01
11,dt,110,high,5794.51,0,20.78,1,0.013516,0.03
11,dt,111,medium,26305.64,1,22.32,0,0.00588,0.02
11,dt,112,low,45018.81,1,22.08,0,0.003433,0.01
11,dt,113,high,7594.13,0,16.94,0,0.011269,0.03
11,dt,114,medium,24867.94,1,24.24,0,0.005653,0.02
11,dt,115,medium,10466.89,1,21.9,0,0.006146,0.02
11,dt,116,low,52574.84,0,22.05,0,0.003331,0.01
11,dt,117,high,10830.48,0,19.33,0,0.011902,0.03
11,dt,118,high,10113.19,0,22.36,0,0.011463,0.03
11,dt,119,medium,25586.1,0,20.82,0,0.006002,0.02
12,dt,0,low,43942.31,1,21.1,0,0.002596,0.01
12,dt,1,low,48253.77,1,14.06,0,0.002528,0.01
12,dt,2,high,8676.78,0,21.45,0,0.010481,0.03
12,dt,3,medium,4341.8,0,23.57,1,0.006746,0.02
12,dt,4,medium,13341.84,1,20.85,0,0.006371,0.02
12,dt,5,high,4703.59,0,22.85,0,0.009527,0.03
12,dt,6,high,7948.98,0,20.5,0,0.014688,0.03
12,dt,7,low,38169.7,1,16.87,0,0.00334,0.01
12,dt,8,low,32057.98,1,19.72,0,0.003842,0.01
12,dt,9,medium,17662.19,1,18.66,0,0.005316,0.02
12,dt,10,low,46818.69,0,20.67,0,0.002536,0.01
12,dt,11,medium,12624.63,1,24.53,0,0.00648,0.02
12,dt,12,medium,18385.88,1,17.97,0,0.005514,0.02
12,dt,13,low,33498.86,1,24.95,0,0.004022,0.01
12,dt,14,medium,26669.47,0,17.46,0,0.005786,0.02
12,dt,15,medium,19102.34,1,26.56,1,0.005977,0.02
12,dt,16,low,45378.66,1,20.1,1,0.002835,0.01
12,dt,17,medium,28100.11,1,17.4,0,0.003863,0.02
12,dt,18,low,42140.22,1,21.51,0,0.004022,0.01
12,dt,19,high,2554.22,0,18.81,0,0.013229,0.03
12,dt,20,high,5423.09,0,17.45,0,0.01327,0.03
12,dt,21,low,40697.42,1,15.96,0,0.002654,0.01
12,dt,22,high,2188.26,0,21.96,0,0.009331,0.03
12,dt,23,high,9760.81,0,17.2,0,0.011437,0.03
12,dt,24,high,5789.69,0,22.49,0,0.014458,0.03
12,dt,25,medium,16946.04,1,18.92,0,0.007018,0.02
12,dt,26,medium,7936.27,0,19.66,0,0.006947,0.02
12,dt,27,low,56532.12,1,19.25,1,0.002867,0.01
12,dt,28,high,5800.48,1,22.64,1,0.012267,0.03
12,dt,29,high,9043.13,0,21.69,1,0.00996,0.03
12,dt,30,low,47179.93,1,17.35,0,0.003253,0.01
12,dt,31,low,39617.7,1,22.1,0,0.003562,0.01
12,dt,32,medium,10460.98,1,19.54,0,0.005332,0.02
12,dt,33,medium,19824.03,0,20.8,0,0.005967,0.02
12,dt,34,high,10105.84,0,17.68,0,0.010025,0.03
12,dt,35,medium,12263.45,0,22.79,0,0.00656,0.02
12,dt,36,low,36736.24,1,24.63,0,0.003054,0.01
12,dt,37,low,49333.85,1,23.19,0,0.002508,0.01
12,dt,38,high,3634.19,0,13.89,0,0.013551,0.03
12,dt,39,medium,26663.64,1,16.28,1,0.005283,0.02
12,dt,40,medium,20548.46,1,19.24,0,0.006362,0.02
12,dt,41,high,3992.34,1,18.17,0,0.011579,0.03
12,dt,42,low,27740.49,1,20.7,0,0.003629,0.01
12,dt,43,high,6152.31,1,20.97,0,0.014835,0.03
12,dt,44,high,9384.92,1,18.93,0,0.01222,0.03
12,dt,45,medium,17667.36,0,21.02,0,0.007338,0.02
12,dt,46,high,16592.41,0,15.53,0,0.00909,0.03
12,dt,47,low,36018.39,1,19.44,0,0.003922,0.01
12,dt,48,low,47894.0,1,24.32,0,0.002838,0.01
12,dt,49,high,7590.63,1,16.74,0,0.011331,0.03
12,dt,50,high,6509.48,1,20.25,0,0.011585,0.03
12,dt,51,high,5796.7,0,24.8,0,0.013818,0.03
12,dt,52,medium,19106.37,1,25.49,0,0.006487,0.02
12,dt,53,low,26657.8,1,22.0,0,0.002926,0.01
12,dt,54,low,51491.63,1,23.67,0,0.002809,0.01
12,dt,55,low,49694.65,1,17.36,0,0.003219,0.01
12,dt,56,low,59059.9,1,15.05,0,0.002778,0.01
12,dt,57,medium,16940.87,0,26.73,0,0.005789,0.02
12,dt,58,high,7226.71,0,24.52,0,0.012144,0.03
12,dt,59,medium,8308.17,0,21.0,0,0.005241,0.02
12,dt,60,medium,15498.77,1,18.92,0,0.006438,0.02
12,dt,61,medium,21985.84,0,27.92,0,0.004336,0.02
12,dt,62,high,12637.8,1,21.02,0,0.009814,0.03
12,dt,63,low,45018.16,1,22.57,1,0.003318,0.01
12,dt,64,high,2914.73,0,18.64,0,0.014437,0.03
12,dt,65,medium,18018.7,1,20.28,0,0.006171,0.02
12,dt,66,low,54743.09,1,20.23,0,0.002782,0.01
12,dt,67,low,45014.18,0,26.48,0,0.002655,0.01
12,dt,68,medium,16583.31,0,16.84,0,0.007288,0.02
12,dt,69,low,40697.1,1,17.03,0,0.002031,0.01
12,dt,70,low,35311.65,1,16.2,0,0.003725,0.01
12,dt,71,medium,28098.02,0,22.23,0,0.005127,0.02
12,dt,72,medium,15504.24,1,22.33,0,0.005814,0.02
12,dt,73,medium,22705.19,1,19.58,0,0.00574,0.02
12,dt,74,high,6148.18,1,23.31,1,0.00984,0.03
12,dt,75,medium,15501.55,0,23.93,0,0.006107,0.02
12,dt,76,high,5438.05,0,22.56,0,0.012783,0.03
12,dt,77,high,11554.46,0,19.59,0,0.00862,0.03
12,dt,78,medium,22350.2,0,23.64,0,0.005584,0.02
12,dt,79,medium,5781.41,0,18.77,0,0.007699,0.02
12,dt,80,high,3270.99,0,18.66,0,0.011879,0.03
12,dt,81,medium,8309.79,1,17.09,1,0.006453,0.02
12,dt,82,medium,8667.08,0,17.54,0,0.005824,0.02
12,dt,83,high,7958.86,1,21.48,0,0.011222,0.03
12,dt,84,medium,21263.39,0,26.19,0,0.005557,0.02
12,dt,85,low,37459.39,1,21.91,0,0.002726,0.01
12,dt,86,high,4349.88,0,20.61,0,0.012262,0.03
12,dt,87,medium,14430.6,1,23.77,0,0.006527,0.02
12,dt,88,high,2555.28,1,18.6,1,0.011977,0.03
12,dt,89,high,7232.15,1,21.02,1,0.009879,0.03
12,dt,90,medium,18744.83,1,16.46,0,0.005984,0.02
12,dt,91,low,46458.21,1,23.92,0,0.003556,0.01
12,dt,92,medium,12623.48,0,20.7,0,0.006902,0.02
12,dt,93,medium,16946.11,1,17.53,0,0.006195,0.02
12,dt,94,low,26289.51,0,26.78,0,0.002375,0.01
12,dt,95,medium,15873.35,1,18.42,0,0.006204,0.02
12,dt,96,high,9396.36,0,22.34,0,0.013577,0.03
12,dt,97,medium,24147.02,0,24.19,0,0.005286,0.02
12,dt,98,high,7590.87,1,20.19,0,0.009906,0.03
12,dt,99,medium,19102.65,1,22.86,0,0.005985,0.02
12,dt,100,high,14068.74,0,21.62,1,0.010403,0.03
12,dt,101,low,56177.71,0,17.27,0,0.002546,0.01
12,dt,102,high,5433.89,0,17.6,0,0.012523,0.03
12,dt,103,medium,10821.74,1,21.82,0,0.005174,0.02
12,dt,104,low,41062.68,1,17.82,0,0.00306,0.01
12,dt,105,low,42498.53,1,24.1,0,0.003069,0.01
12,dt,106,high,14428.38,0,13.59,1,0.011591,0.03
12,dt,107,high,7954.99,0,24.36,0,0.010904,0.03
12,dt,108,low,32782.01,1,23.05,0,0.002917,0.01
12,dt,109,medium,7592.02,1,18.38,0,0.006329,0.02
12,dt,110,high,12640.21,0,22.31,0,0.012578,0.03
12,dt,111,low,33854.03,1,17.42,0,0.003546,0.01
12,dt,112,low,41777.61,1,24.96,0,0.003034,0.01
12,dt,113,low,39624.4,1,17.78,0,0.002668,0.01
12,dt,114,medium,22347.72,1,18.08,1,0.00564,0.02
12,dt,115,low,43221.67,1,21.13,0,0.003947,0.01
12,dt,116,low,30984.43,1,15.28,0,0.002595,0.01
12,dt,117,medium,18741.31,1,17.3,0,0.00511,0.02
12,dt,118,low,65536.81,1,13.82,0,0.002569,0.01
12,dt,119,high,14077.14,1,20.88,0,0.011554,0.03
13,dt,0,medium,21988.57,1,21.67,0,0.004985,0.02
13,dt,1,high,11203.85,0,20.97,0,0.01289,0.03
13,dt,2,medium,21618.44,0,15.05,1,0.00594,0.02
13,dt,3,high,5798.37,1,22.8,0,0.011646,0.03
13,dt,4,high,11196.28,1,26.14,0,0.015158,0.03
13,dt,5,high,7233.52,1,23.93,0,0.012337,0.03
13,dt,6,low,34577.47,1,18.69,0,0.003082,0.01
13,dt,7,low,44660.37,1,22.57,1,0.002844,0.01
13,dt,8,low,41063.31,1,24.28,0,0.002674,0.01
13,dt,9,low,29900.55,1,19.66,0,0.003645,0.01
13,dt,10,high,6865.99,0,21.04,1,0.014864,0.03
13,dt,11,low,54010.51,1,21.2,0,0.00296,0.01
13,dt,12,high,1476.42,0,19.19,0,0.011492,0.03
13,dt,13,high,11193.59,0,16.76,0,0.011088,0.03
13,dt,14,medium,15506.72,1,13.79,0,0.005341,0.02
13,dt,15,low,49335.82,1,26.43,0,0.002959,0.01
13,dt,16,low,29179.82,1,26.57,0,0.003414,0.01
13,dt,17,high,11194.68,0,21.02,0,0.00903,0.03
13,dt,18,medium,17306.15,0,20.76,0,0.006308,0.02
13,dt,19,medium,15140.93,1,22.39,0,0.0047,0.02
13,dt,20,high,11550.94,0,23.31,0,0.011578,0.03
13,dt,21,high,7594.55,0,23.44,0,0.013229,0.03
13,dt,22,medium,16945.55,0,22.4,0,0.008088,0.02
13,dt,23,high,14068.06,1,24.51,1,0.008575,0.03
13,dt,24,medium,7940.14,0,22.5,0,0.00678,0.02
13,dt,25,medium,9381.93,1,18.76,0,0.007482,0.02
13,dt,26,low,65545.66,1,23.23,0,0.002597,0.01
13,dt,27,high,7593.47,1,21.66,1,0.015573,0.03
13,dt,28,high,7595.55,0,18.3,0,0.011172,0.03
13,dt,29,low,42854.04,1,23.06,0,0.003723,0.01
13,dt,30,medium,14425.84,1,21.33,0,0.006119,0.02
13,dt,31,medium,17668.67,1,18.73,0,0.006888,0.02
13,dt,32,medium,14779.17,0,16.8,0,0.006412,0.02
13,dt,33,low,50776.49,1,24.98,0,0.002942,0.01
13,dt,34,low,57607.25,1,25.77,1,0.00296,0.01
13,dt,35,low,36374.1,0,19.15,0,0.002935,0.01
13,dt,36,medium,14417.22,0,21.76,0,0.006939,0.02
13,dt,37,low,45377.53,1,19.49,0,0.003052,0.01
13,dt,38,high,5081.41,0,24.01,0,0.011088,0.03
13,dt,39,medium,20180.0,1,18.41,0,0.004604,0.02
13,dt,40,medium,20897.1,1,18.25,0,0.004383,0.02
13,dt,41,low,84977.78,0,21.51,0,0.002034,0.01
13,dt,42,medium,23416.65,0,20.24,0,0.007434,0.02
13,dt,43,medium,22338.36,1,20.27,1,0.0052,0.02
13,dt,44,low,39978.96,1,23.0,0,0.002908,0.01
13,dt,45,medium,22347.09,0,15.48,0,0.007641,0.02
13,dt,46,low,42493.08,1,22.53,1,0.003393,0.01
13,dt,47,high,7958.21,0,22.69,0,0.011147,0.03
13,dt,48,high,16586.34,0,21.77,0,0.010723,0.03
13,dt,49,low,57249.34,1,21.1,0,0.002274,0.01
13,dt,50,medium,14782.69,0,19.18,0,0.005623,0.02
13,dt,51,medium,14426.45,1,21.86,0,0.00494,0.02
13,dt,52,high,4353.1,0,21.31,0,0.011651,0.03
13,dt,53,low,42849.5,1,22.93,0,0.003103,0.01
13,dt,54,high,3634.96,0,20.41,0,0.012112,0.03
13,dt,55,medium,27742.43,0,22.84,0,0.004054,0.02
13,dt,56,medium,16947.44,1,22.08,0,0.006746,0.02
13,dt,57,medium,10465.92,1,18.88,0,0.006578,0.02
13,dt,58,medium,17664.66,1,22.35,0,0.007008,0.02
13,dt,59,medium,8296.39,0,23.89,0,0.008078,0.02
13,dt,60,low,48611.71,1,17.3,0,0.002546,0.01
13,dt,61,medium,14064.12,1,21.62,0,0.00475,0.02
13,dt,62,low,41412.18,1,23.25,0,0.002533,0.01
13,dt,63,medium,27741.5,1,23.05,0,0.004917,0.02
13,dt,64,medium,19104.98,0,20.65,0,0.004932,0.02
13,dt,65,high,6513.24,0,19.21,0,0.008614,0.03
13,dt,66,medium,14423.82,1,25.64,0,0.005388,0.02
13,dt,67,medium,16225.77,1,21.26,0,0.006545,0.02
13,dt,68,medium,20543.15,0,24.83,1,0.006168,0.02
13,dt,69,medium,18740.11,1,18.38,0,0.00527,0.02
13,dt,70,low,44665.79,0,14.5,0,0.003302,0.01
13,dt,71,low,53653.12,1,26.48,0,0.003235,0.01
13,dt,72,medium,28820.67,1,20.05,0,0.006042,0.02
13,dt,73,medium,11897.69,1,20.14,0,0.008489,0.02
13,dt,74,low,51863.08,1,25.01,1,0.003125,0.01
13,dt,75,low,36015.07,1,20.14,0,0.003637,0.01
13,dt,76,high,9038.88,0,15.4,0,0.010306,0.03
13,dt,77,low,54021.7,1,17.79,0,0.002538,0.01
13,dt,78,medium,16219.2,0,23.34,0,0.005898,0.02
13,dt,79,high,8676.27,0,21.22,0,0.010546,0.03
13,dt,80,medium,33864.24,0,25.41,0,0.004124,0.02
13,dt,81,medium,15149.19,1,25.65,0,0.005606,0.02
13,dt,82,high,4356.07,0,25.51,0,0.012028,0.03
13,dt,83,low,44660.74,1,18.91,0,0.00301,0.01
13,dt,84,low,50774.78,0,26.61,0,0.002963,0.01
13,dt,85,medium,10104.52,0,18.73,0,0.004288,0.02
13,dt,86,medium,13703.45,1,23.23,0,0.005785,0.02
13,dt,87,medium,12979.59,1,19.44,0,0.004994,0.02
13,dt,88,high,7233.14,0,18.35,0,0.012041,0.03
13,dt,89,medium,22703.15,0,18.43,0,0.007477,0.02
13,dt,90,medium,9742.65,0,21.44,0,0.006265,0.02
13,dt,91,high,5794.51,0,26.85,1,0.013947,0.03
13,dt,92,high,1470.62,0,21.89,0,0.010255,0.03
13,dt,93,high,2191.44,0,19.96,1,0.015182,0.03
13,dt,94,high,1462.44,0,21.68,0,0.006854,0.03
13,dt,95,medium,9025.34,0,19.1,0,0.006543,0.02
13,dt,96,high,5084.25,0,22.21,0,0.011071,0.03
13,dt,97,low,23410.2,1,18.61,0,0.003926,0.01
13,dt,98,high,5436.81,1,20.25,0,0.010239,0.03
13,dt,99,high,9032.68,0,27.44,0,0.009158,0.03
13,dt,100,medium,6501.41,1,19.9,0,0.004822,0.02
13,dt,101,medium,11188.34,0,15.43,0,0.005691,0.02
13,dt,102,high,5428.17,0,21.78,1,0.009124,0.03
13,dt,103,medium,22340.7,1,18.3,0,0.004953,0.02
13,dt,104,high,4714.42,1,23.99,0,0.014996,0.03
13,dt,105,medium,16223.49,1,20.9,0,0.004758,0.02
13,dt,106,low,32422.15,1,22.03,0,0.002895,0.01
13,dt,107,low,43220.73,1,17.39,0,0.003828,0.01
13,dt,108,low,45380.56,1,21.91,0,0.003121,0.01
13,dt,109,high,9037.22,1,20.94,0,0.012526,0.03
13,dt,110,low,53659.97,1,24.52,1,0.002691,0.01
13,dt,111,low,55820.71,1,21.28,0,0.002611,0.01
13,dt,112,medium,5419.1,0,21.28,0,0.005154,0.02
13,dt,113,high,7595.96,0,19.9,0,0.012333,0.03
13,dt,114,high,8679.09,1,20.74,1,0.011203,0.03
13,dt,115,high,3639.76,0,23.26,1,0.013121,0.03
13,dt,116,medium,12263.82,1,21.2,0,0.00483,0.02
13,dt,117,high,7588.77,1,20.1,0,0.016194,0.03
13,dt,118,low,38900.44,1,18.58,1,0.003119,0.01
13,dt,119,low,45733.91,1,18.11,0,0.002949,0.01
14,dt,0,high,4714.62,0,19.64,0,0.016362,0.03
14,dt,1,high,7589.82,0,15.16,0,0.010641,0.03
14,dt,2,low,42136.38,1,20.82,1,0.002448,0.01
14,dt,3,high,2189.21,0,19.05,0,0.013982,0.03
14,dt,4,medium,27385.46,0,22.67,0,0.006283,0.02
14,dt,5,medium,16939.16,1,20.82,0,0.00655,0.02
14,dt,6,high,7956.59,0,27.03,0,0.01012,0.03
14,dt,7,high,3994.69,0,17.06,1,0.012972,0.03
14,dt,8,low,40333.44,1,21.82,0,0.002647,0.01
14,dt,9,low,51857.04,1,14.49,0,0.002852,0.01
14,dt,10,medium,11902.3,0,16.33,0,0.006559,0.02
14,dt,11,high,10113.35,1,19.16,0,0.013561,0.03
14,dt,12,medium,11902.59,0,21.97,1,0.006912,0.02
14,dt,13,high,8311.6,0,23.06,0,0.012302,0.03
14,dt,14,high,5424.86,0,26.77,0,0.013696,0.03
14,dt,15,high,7592.6,1,18.2,0,0.012572,0.03
14,dt,16,medium,30985.66,1,16.43,0,0.003027,0.02
14,dt,17,medium,17300.72,1,25.75,0,0.005771,0.02
14,dt,18,high,6508.28,0,22.47,0,0.009856,0.03
14,dt,19,medium,11543.84,0,20.66,0,0.007112,0.02
14,dt,20,medium,18745.66,1,20.67,0,0.005679,0.02
14,dt,21,low,50414.79,1,21.49,0,0.002672,0.01
14,dt,22,low,41776.11,1,25.1,0,0.003059,0.01
14,dt,23,high,6154.87,1,23.15,0,0.014651,0.03
14,dt,24,medium,14423.28,1,15.72,0,0.00427,0.02
14,dt,25,low,56538.58,1,22.0,0,0.002412,0.01
14,dt,26,low,47174.14,0,19.15,0,0.002612,0.01
14,dt,27,low,59780.5,1,21.31,0,0.00232,0.01
14,dt,28,medium,7218.73,0,16.78,0,0.007219,0.02
14,dt,29,medium,6864.12,0,20.33,0,0.006901,0.02
14,dt,30,low,38541.28,1,23.42,0,0.002366,0.01
14,dt,31,high,5070.7,1,19.29,0,0.011071,0.03
14,dt,32,high,7240.2,1,18.01,0,0.009266,0.03
14,dt,33,low,49703.45,1,18.59,0,0.002595,0.01
14,dt,34,high,9041.07,0,18.88,0,0.015931,0.03
14,dt,35,high,6873.41,0,17.28,0,0.012177,0.03
14,dt,36,low,50056.69,1,20.56,0,0.002925,0.01
14,dt,37,medium,9384.39,1,18.31,1,0.005702,0.02
14,dt,38,medium,20898.54,1,22.49,0,0.005398,0.02
14,dt,39,medium,17305.69,1,19.17,0,0.006795,0.02
14,dt,40,medium,24143.67,1,17.9,0,0.004358,0.02
14,dt,41,high,5076.01,0,22.51,0,0.016164,0.03
14,dt,42,low,43580.58,1,21.79,0,0.00323,0.01
14,dt,43,low,38894.34,1,21.64,0,0.00372,0.01
14,dt,44,low,34934.52,1,14.97,0,0.003152,0.01
14,dt,45,high,10117.76,0,25.5,0,0.016739,0.03
14,dt,46,high,7592.87,0,20.79,0,0.014412,0.03
14,dt,47,medium,18731.05,1,23.8,1,0.005952,0.02
14,dt,48,high,3633.59,1,14.96,0,0.013349,0.03
14,dt,49,high,9398.55,0,24.05,0,0.011447,0.03
14,dt,50,high,1476.88,0,22.21,0,0.013371,0.03
14,dt,51,high,5791.13,0,19.04,0,0.011419,0.03
14,dt,52,high,9759.3,0,18.57,0,0.011399,0.03
14,dt,53,low,50058.19,1,21.3,0,0.002855,0.01
14,dt,54,medium,19820.38,0,21.94,0,0.006066,0.02
14,dt,55,low,27375.48,1,20.0,0,0.003403,0.01
14,dt,56,low,74171.72,1,22.39,0,0.002003,0.01
14,dt,57,medium,27741.43,1,18.27,0,0.00514,0.02
14,dt,58,high,16598.87,0,17.62,0,0.010757,0.03
14,dt,59,low,41417.85,1,23.37,0,0.003324,0.01
14,dt,60,high,7592.44,0,22.51,1,0.01244,0.03
14,dt,61,medium,10104.28,1,22.12,0,0.007098,0.02
14,dt,62,high,5068.55,0,25.16,0,0.014049,0.03
14,dt,63,high,3634.02,0,17.34,0,0.011605,0.03
14,dt,64,medium,16584.46,0,17.92,0,0.006478,0.02
14,dt,65,medium,18027.54,1,22.51,0,0.006051,0.02
14,dt,66,medium,16584.02,1,22.44,0,0.005846,0.02
14,dt,67,low,50773.06,0,19.62,0,0.002983,0.01
14,dt,68,medium,19822.04,1,27.95,0,0.007199,0.02
14,dt,69,high,4713.6,1,22.99,0,0.015872,0.03
14,dt,70,high,5078.92,1,14.17,1,0.013713,0.03
14,dt,71,medium,13699.74,1,21.68,0,0.006259,0.02
14,dt,72,medium,25584.36,1,23.84,0,0.006126,0.02
14,dt,73,medium,4698.51,1,19.9,1,0.004542,0.02
14,dt,74,low,26656.98,1,27.22,0,0.003241,0.01
14,dt,75,high,6509.87,0,19.67,0,0.013457,0.03
14,dt,76,low,46107.01,0,19.82,0,0.003706,0.01
14,dt,77,low,29537.11,1,19.26,0,0.002805,0.01
14,dt,78,medium,10093.42,1,19.85,0,0.005295,0.02
14,dt,79,medium,8666.08,1,21.53,0,0.005917,0.02
14,dt,80,high,7948.96,0,17.84,0,0.008474,0.03
14,dt,81,low,20900.06,1,15.81,0,0.002918,0.01
14,dt,82,medium,4705.67,0,14.73,0,0.007075,0.02
14,dt,83,low,59773.33,1,18.07,0,0.002857,0.01
14,dt,84,high,3273.01,1,18.34,0,0.010734,0.03
14,dt,85,medium,26301.24,0,21.98,0,0.004628,0.02
14,dt,86,low,38902.01,1,22.21,0,0.003174,0.01
14,dt,87,low,30983.63,1,21.38,1,0.003859,0.01
14,dt,88,medium,21265.64,1,20.18,0,0.005243,0.02
14,dt,89,high,12628.45,0,22.67,1,0.014352,0.03
14,dt,90,high,14790.41,0,21.34,1,0.011411,0.03
14,dt,91,low,52211.69,0,24.37,1,0.002705,0.01
14,dt,92,low,32776.21,1,22.57,0,0.004235,0.01
14,dt,93,high,8674.0,0,17.31,0,0.011964,0.03
14,dt,94,medium,17661.44,1,23.82,0,0.00445,0.02
14,dt,95,medium,14776.76,1,22.09,0,0.00725,0.02
14,dt,96,low,29540.04,1,26.42,0,0.002301,0.01
14,dt,97,low,48618.71,1,26.21,0,0.002629,0.01
14,dt,98,low,44299.91,1,21.3,0,0.003083,0.01
14,dt,99,low,33863.97,1,19.63,0,0.002726,0.01
14,dt,100,low,68061.2,0,23.47,0,0.001699,0.01
14,dt,101,high,6872.36,1,23.95,0,0.010206,0.03
14,dt,102,low,14063.1,1,24.41,0,0.002393,0.01
14,dt,103,medium,10100.83,1,19.85,0,0.007027,0.02
14,dt,104,medium,20542.63,0,17.68,0,0.005974,0.02
14,dt,105,low,24852.46,1,20.63,1,0.003209,0.01
14,dt,106,low,34582.31,1,22.55,0,0.002937,0.01
14,dt,107,medium,22695.5,1,16.25,0,0.005682,0.02
14,dt,108,medium,11905.9,1,26.44,0,0.005075,0.02
14,dt,109,high,7596.52,1,22.4,0,0.016897,0.03
14,dt,110,medium,10102.24,0,20.4,0,0.005595,0.02
14,dt,111,medium,18012.08,1,20.9,0,0.004964,0.02
14,dt,112,medium,25588.68,0,21.72,0,0.003349,0.02
14,dt,113,low,73811.92,0,23.5,0,0.001266,0.01
14,dt,114,high,5077.62,0,15.91,1,0.012999,0.03
14,dt,115,low,30617.92,1,22.38,1,0.002837,0.01
14,dt,116,low,30255.37,1,24.7,1,0.003229,0.01
14,dt,117,low,49337.53,1,22.92,0,0.003422,0.01
14,dt,118,medium,11185.05,1,28.1,0,0.006525,0.02
14,dt,119,medium,17660.33,0,19.13,0,0.006436,0.02
15,dt,0,high,4352.78,0,18.39,0,0.008237,0.03
15,dt,1,medium,18023.02,0,22.68,0,0.007222,0.02
15,dt,2,low,42500.55,1,22.12,0,0.002774,0.01
15,dt,3,low,37452.56,1,18.35,1,0.003355,0.01
15,dt,4,high,2188.65,0,21.78,1,0.012243,0.03
15,dt,5,high,8675.41,0,23.68,0,0.012992,0.03
15,dt,6,high,4708.75,1,23.5,0,0.009942,0.03
15,dt,7,medium,13335.76,1,17.52,0,0.006919,0.02
15,dt,8,medium,19107.1,0,18.56,0,0.004642,0.02
15,dt,9,medium,12978.94,0,20.75,0,0.005219,0.02
15,dt,10,low,28103.05,1,22.89,0,0.003412,0.01
15,dt,11,high,7951.03,0,22.23,0,0.014292,0.03
15,dt,12,low,25941.57,1,21.96,0,0.003567,0.01
15,dt,13,low,64818.25,1,18.98,0,0.002623,0.01
15,dt,14,high,7953.84,0,28.78,0,0.01087,0.03
15,dt,15,medium,19108.24,0,20.26,0,0.005722,0.02
15,dt,16,medium,12627.92,0,19.51,0,0.00595,0.02
15,dt,17,medium,11543.65,0,18.7,0,0.005528,0.02
15,dt,18,low,50781.62,0,22.29,1,0.001888,0.01
15,dt,19,low,31337.05,1,20.44,0,0.004035,0.01
15,dt,20,high,3279.44,0,26.96,0,0.008113,0.03
15,dt,21,high,8311.46,1,23.62,0,0.010322,0.03
15,dt,22,high,6873.24,0,17.58,0,0.013426,0.03
15,dt,23,high,9393.2,0,24.52,1,0.011321,0.03
15,dt,24,high,11557.67,0,19.5,0,0.009843,0.03
15,dt,25,low,46823.75,1,16.41,0,0.003072,0.01
15,dt,26,high,11550.63,0,24.1,0,0.01164,0.03
15,dt,27,low,34220.82,0,20.3,0,0.002493,0.01
15,dt,28,low,23411.08,1,18.97,0,0.003088,0.01
15,dt,29,high,9749.39,0,20.92,0,0.010198,0.03
15,dt,30,medium,23784.29,0,16.43,0,0.005903,0.02
15,dt,31,high,5789.75,1,21.33,0,0.014553,0.03
15,dt,32,low,36021.99,1,20.51,0,0.003219,0.01
15,dt,33,medium,14779.6,1,21.87,0,0.008204,0.02
15,dt,34,low,44298.63,1,15.87,0,0.002972,0.01
15,dt,35,medium,19103.35,0,20.07,0,0.004728,0.02
15,dt,36,medium,19101.22,1,18.25,0,0.004394,0.02
15,dt,37,low,61577.13,1,21.21,0,0.002441,0.01
15,dt,38,medium,12618.5,1,24.15,0,0.006087,0.02
15,dt,39,medium,23064.64,0,19.52,0,0.007296,0.02
15,dt,40,high,9389.86,1,20.38,0,0.012162,0.03
15,dt,41,low,43579.61,1,18.94,0,0.002357,0.01
15,dt,42,medium,18017.52,0,23.16,0,0.006221,0.02
15,dt,43,low,38539.19,1,17.68,0,0.003426,0.01
15,dt,44,low,30612.89,1,17.08,0,0.003168,0.01
15,dt,45,medium,26300.91,0,28.78,1,0.006346,0.02
15,dt,46,medium,24141.27,1,19.22,0,0.005414,0.02
15,dt,47,medium,19100.6,0,25.19,0,0.006282,0.02
15,dt,48,medium,15496.48,1,27.38,0,0.007193,0.02
15,dt,49,medium,21983.7,0,20.32,0,0.005544,0.02
15,dt,50,medium,23066.98,1,24.87,0,0.006456,0.02
15,dt,51,low,53658.98,1,18.22,0,0.003063,0.01
15,dt,52,low,40697.7,1,18.61,1,0.003479,0.01
15,dt,53,low,65901.4,0,18.98,0,0.002052,0.01
15,dt,54,medium,20542.15,1,23.8,0,0.005338,0.02
15,dt,55,medium,20188.57,0,23.39,1,0.006534,0.02
15,dt,56,medium,19094.73,0,22.1,1,0.006385,0.02
15,dt,57,low,33851.79,1,20.07,0,0.002977,0.01
15,dt,58,high,7948.57,1,21.6,0,0.011525,0.03
15,dt,59,high,10472.27,1,21.07,0,0.011385,0.03
15,dt,60,low,50777.36,1,19.98,0,0.002844,0.01
15,dt,61,medium,18383.2,0,21.59,0,0.005873,0.02
15,dt,62,high,7227.53,0,18.37,0,0.009752,0.03
15,dt,63,medium,14786.57,0,25.35,1,0.005137,0.02
15,dt,64,medium,10825.06,1,16.92,0,0.005375,0.02
15,dt,65,high,7230.67,0,22.24,1,0.01303,0.03
15,dt,66,medium,15147.6,1,21.37,0,0.005476,0.02
15,dt,67,high,9029.12,0,23.11,1,0.013346,0.03
15,dt,68,low,46816.83,1,19.87,0,0.002737,0.01
15,dt,69,high,3989.39,0,22.3,0,0.011563,0.03
15,dt,70,high,4712.67,1,25.01,0,0.014006,0.03
15,dt,71,medium,28099.73,0,20.12,0,0.003953,0.02
15,dt,72,high,5435.5,1,21.14,1,0.012516,0.03
15,dt,73,low,43579.37,1,24.5,0,0.00259,0.01
15,dt,74,medium,22706.34,1,20.93,1,0.005869,0.02
15,dt,75,medium,18746.76,0,22.48,0,0.006309,0.02
15,dt,76,high,7588.53,0,18.25,0,0.014361,0.03
15,dt,77,low,51493.79,1,19.87,0,0.002643,0.01
15,dt,78,high,9761.93,1,18.12,0,0.013333,0.03
15,dt,79,medium,6860.9,1,17.4,1,0.005603,0.02
15,dt,80,high,3269.73,0,22.84,0,0.006375,0.03
15,dt,81,medium,18024.83,1,21.33,0,0.005038,0.02
15,dt,82,high,3987.71,0,22.19,0,0.013081,0.03
15,dt,83,medium,14416.02,1,19.09,1,0.004584,0.02
15,dt,84,low,37819.47,1,19.37,0,0.002861,0.01
15,dt,85,medium,26299.15,1,23.82,0,0.00623,0.02
15,dt,86,medium,9742.08,1,18.89,0,0.006496,0.02
15,dt,87,high,2916.23,0,25.11,0,0.014606,0.03
15,dt,88,high,5791.27,0,21.38,0,0.012913,0.03
15,dt,89,medium,14427.95,1,22.5,0,0.006996,0.02
15,dt,90,low,25936.52,1,28.03,0,0.003188,0.01
15,dt,91,low,41056.91,1,16.58,0,0.00361,0.01
15,dt,92,low,52572.52,0,19.34,0,0.002307,0.01
15,dt,93,high,7947.65,1,20.07,0,0.012512,0.03
15,dt,94,medium,19101.19,1,19.03,0,0.005241,0.02
15,dt,95,medium,21983.12,1,20.69,0,0.005209,0.02
15,dt,96,high,6154.95,0,24.23,1,0.01115,0.03
15,dt,97,low,39978.6,0,22.57,0,0.002622,0.01
15,dt,98,low,35655.33,1,22.9,0,0.003054,0.01
15,dt,99,high,3270.71,0,19.34,0,0.011431,0.03
15,dt,100,low,44655.78,1,15.21,0,0.002627,0.01
15,dt,101,low,47905.72,1,20.05,0,0.002776,0.01
15,dt,102,high,3272.26,1,17.02,0,0.013426,0.03
15,dt,103,high,7233.85,0,21.07,1,0.011093,0.03
15,dt,104,medium,14420.32,1,20.89,0,0.006363,0.02
15,dt,105,medium,19105.49,0,19.46,0,0.00654,0.02
15,dt,106,high,3274.2,0,14.08,0,0.014869,0.03
15,dt,107,medium,16586.29,0,14.04,0,0.007093,0.02
15,dt,108,high,3989.88,1,24.4,0,0.012929,0.03
15,dt,109,high,9756.56,1,21.95,0,0.006973,0.03
15,dt,110,low,33141.61,1,18.56,0,0.002935,0.01
15,dt,111,high,6147.85,1,19.76,0,0.015007,0.03
15,dt,112,low,48981.6,1,18.68,0,0.002691,0.01
15,dt,113,low,37101.59,1,18.44,0,0.003625,0.01
15,dt,114,low,46814.31,1,25.82,0,0.003211,0.01
15,dt,115,medium,11897.01,1,19.9,0,0.005614,0.02
15,dt,116,medium,20536.08,0,17.81,0,0.005487,0.02
15,dt,117,medium,26654.21,1,20.86,0,0.006346,0.02
15,dt,118,low,44296.06,0,21.14,0,0.001735,0.01
15,dt,119,medium,12983.52,1,18.05,0,0.007955,0.02
16,dt,0,high,5076.72,1,19.96,0,0.013112,0.03
16,dt,1,low,54732.29,1,23.28,0,0.002944,0.01
16,dt,2,high,3630.31,1,22.76,1,0.013919,0.03
16,dt,3,high,5787.36,0,19.6,0,0.012389,0.03
16,dt,4,low,61579.91,1,21.07,0,0.002697,0.01
16,dt,5,medium,10099.19,1,17.96,0,0.008157,0.02
16,dt,6,high,10472.76,1,20.45,1,0.01111,0.03
16,dt,7,high,13713.11,0,24.56,0,0.011883,0.03
16,dt,8,low,37460.82,1,22.7,0,0.002407,0.01
16,dt,9,medium,13704.57,0,19.12,0,0.005945,0.02
16,dt,10,high,6875.59,0,21.9,0,0.009267,0.03
16,dt,11,medium,10824.32,1,25.3,0,0.005578,0.02
16,dt,12,high,7954.54,0,24.06,0,0.015777,0.03
16,dt,13,high,3638.34,0,17.79,0,0.013262,0.03
16,dt,14,high,11190.96,1,20.42,0,0.013183,0.03
16,dt,15,high,4720.98,1,22.41,0,0.011652,0.03
16,dt,16,low,34943.78,0,19.2,0,0.00214,0.01
16,dt,17,medium,14794.13,0,18.43,1,0.00646,0.02
16,dt,18,high,12278.23,1,19.88,0,0.008261,0.03
16,dt,19,high,9395.69,0,20.53,0,0.010962,0.03
16,dt,20,low,43225.11,1,18.46,0,0.00321,0.01
16,dt,21,medium,12622.22,1,21.43,1,0.007249,0.02
16,dt,22,high,13714.48,0,23.96,0,0.013324,0.03
16,dt,23,medium,15867.51,1,17.47,1,0.006557,0.02
16,dt,24,high,4710.13,1,16.6,0,0.011539,0.03
16,dt,25,low,42497.8,1,21.91,0,0.003363,0.01
16,dt,26,medium,23057.26,1,21.01,0,0.006309,0.02
16,dt,27,medium,17657.39,1,21.14,1,0.006041,0.02
16,dt,28,medium,29544.1,1,22.61,0,0.004483,0.02
16,dt,29,low,54017.04,1,20.6,1,0.003281,0.01
16,dt,30,medium,11900.23,1,22.34,1,0.006605,0.02
16,dt,31,low,38538.17,1,21.89,0,0.002571,0.01
16,dt,32,high,4355.59,0,22.18,0,0.011359,0.03
16,dt,33,medium,6501.71,0,22.39,0,0.006371,0.02
16,dt,34,medium,15136.99,1,20.88,0,0.005338,0.02
16,dt,35,high,9031.78,1,24.56,1,0.014495,0.03
16,dt,36,low,35300.41,1,19.58,0,0.003454,0.01
16,dt,37,low,54736.84,1,16.85,0,0.002602,0.01
16,dt,38,medium,10463.15,0,23.68,0,0.006534,0.02
16,dt,39,low,44658.33,1,22.42,0,0.002689,0.01
16,dt,40,medium,24504.35,0,23.44,0,0.006814,0.02
16,dt,41,high,5795.76,1,20.41,1,0.008844,0.03
16,dt,42,low,41057.25,1,15.31,0,0.003513,0.01
16,dt,43,low,50053.71,1,16.74,0,0.002993,0.01
16,dt,44,low,37457.38,1,20.88,0,0.00327,0.01
16,dt,45,medium,16942.9,1,21.8,0,0.006862,0.02
16,dt,46,low,38535.28,1,24.63,1,0.00346,0.01
16,dt,47,low,42495.29,1,21.76,0,0.002218,0.01
16,dt,48,high,6161.15,1,20.33,0,0.013943,0.03
16,dt,49,low,47901.22,1,20.24,0,0.003092,0.01
16,dt,50,medium,16951.29,1,20.49,0,0.006493,0.02
16,dt,51,medium,16228.1,1,19.17,0,0.006051,0.02
16,dt,52,medium,4348.08,0,19.31,0,0.008289,0.02
16,dt,53,high,6507.05,0,17.22,0,0.015311,0.03
16,dt,54,medium,12262.99,1,20.68,0,0.006438,0.02
16,dt,55,high,7242.13,0,23.21,0,0.013382,0.03
16,dt,56,high,2193.18,1,19.6,1,0.013438,0.03
16,dt,57,medium,9380.74,0,23.08,0,0.006089,0.02
16,dt,58,low,38179.4,1,22.73,0,0.00225,0.01
16,dt,59,low,30616.15,1,24.72,0,0.003013,0.01
16,dt,60,medium,27021.19,0,23.03,0,0.004292,0.02
16,dt,61,medium,27733.54,1,20.31,0,0.004455,0.02
16,dt,62,low,42860.06,1,23.41,1,0.00298,0.01
16,dt,63,high,7593.76,0,17.15,0,0.009869,0.03
16,dt,64,low,44297.43,1,19.24,0,0.003282,0.01
16,dt,65,high,11199.91,1,18.61,0,0.008267,0.03
16,dt,66,medium,11181.83,1,27.44,0,0.00541,0.02
16,dt,67,medium,15865.49,1,17.71,0,0.004813,0.02
16,dt,68,high,4714.17,0,25.93,0,0.011849,0.03
16,dt,69,low,36736.36,1,26.27,0,0.002696,0.01
16,dt,70,low,32411.26,1,19.91,0,0.003617,0.01
16,dt,71,high,5426.38,0,17.28,0,0.01219,0.03
16,dt,72,high,3266.98,0,20.04,0,0.013231,0.03
16,dt,73,low,45733.47,1,21.15,0,0.003312,0.01
16,dt,74,high,7225.42,0,20.74,0,0.010376,0.03
16,dt,75,medium,21981.6,1,17.45,0,0.005634,0.02
16,dt,76,low,39978.13,1,22.16,0,0.002437,0.01
16,dt,77,medium,10815.12,0,18.0,0,0.006615,0.02
16,dt,78,low,45377.82,1,22.54,0,0.003221,0.01
16,dt,79,medium,9747.57,0,18.83,0,0.006506,0.02
16,dt,80,high,4344.03,1,21.88,0,0.011732,0.03
16,dt,81,low,50061.69,1,20.53,1,0.002605,0.01
16,dt,82,high,9027.59,0,19.65,0,0.012346,0.03
16,dt,83,high,4359.18,1,18.38,0,0.013945,0.03
16,dt,84,medium,24871.52,1,17.95,0,0.005725,0.02
16,dt,85,high,4355.4,0,23.79,0,0.012028,0.03
16,dt,86,medium,9382.37,1,25.36,0,0.006767,0.02
16,dt,87,medium,14423.04,0,23.1,0,0.005882,0.02
16,dt,88,medium,16214.04,1,21.46,0,0.005278,0.02
16,dt,89,high,5793.43,0,26.39,0,0.011686,0.03
16,dt,90,high,9397.86,1,21.13,1,0.011666,0.03
16,dt,91,high,10834.81,1,29.75,0,0.011285,0.03
16,dt,92,high,1838.77,0,21.36,0,0.014293,0.03
16,dt,93,high,7587.89,0,18.33,0,0.010998,0.03
16,dt,94,low,60494.38,1,21.23,1,0.001882,0.01
16,dt,95,low,43581.59,1,20.62,0,0.00272,0.01
16,dt,96,high,4353.74,1,15.72,0,0.014842,0.03
16,dt,97,medium,14059.19,1,23.62,0,0.00657,0.02
16,dt,98,medium,16936.45,0,14.93,0,0.00669,0.02
16,dt,99,high,4356.19,1,18.46,0,0.009542,0.03
16,dt,100,medium,5774.97,0,15.63,0,0.0053,0.02
16,dt,101,medium,15141.69,1,21.17,0,0.005907,0.02
16,dt,102,low,35295.34,1,15.58,1,0.003831,0.01
16,dt,103,high,13707.86,1,25.67,0,0.010423,0.03
16,dt,104,low,40694.51,0,24.37,0,0.003458,0.01
16,dt,105,low,50058.96,1,22.93,0,0.00337,0.01
16,dt,106,medium,16214.77,1,20.38,0,0.006483,0.02
16,dt,107,high,3629.62,0,19.59,0,0.010558,0.03
16,dt,108,medium,23063.03,1,27.72,0,0.00636,0.02
16,dt,109,high,6155.19,0,20.95,0,0.0087,0.03
16,dt,110,high,6148.41,0,16.6,0,0.014948,0.03
16,dt,111,high,10115.96,0,20.08,0,0.014506,0.03
16,dt,112,high,9029.56,0,22.54,0,0.013155,0.03
16,dt,113,medium,11906.09,0,23.52,0,0.006642,0.02
16,dt,114,high,5438.35,0,21.92,0,0.008203,0.03
16,dt,115,high,6152.67,1,19.28,0,0.010712,0.03
16,dt,116,low,45736.52,1,17.29,0,0.003752,0.01
16,dt,117,low,49699.4,1,22.69,0,0.002298,0.01
16,dt,118,medium,18735.94,0,19.99,0,0.004367,0.02
16,dt,119,low,52223.07,1,21.27,0,0.003148,0.01
17,dt,0,medium,8654.68,0,18.45,0,0.007035,0.02
17,dt,1,medium,12625.24,0,23.17,0,0.005117,0.02
17,dt,2,low,28817.54,1,25.76,0,0.003445,0.01
17,dt,3,medium,15505.13,1,18.52,0,0.007405,0.02
17,dt,4,medium,13334.59,0,10.29,0,0.004999,0.02
17,dt,5,high,11906.83,1,17.71,0,0.014438,0.03
17,dt,6,low,39622.39,1,17.8,1,0.002858,0.01
17,dt,7,high,9386.83,0,24.41,0,0.012473,0.03
17,dt,8,low,42141.85,1,16.76,0,0.002404,0.01
17,dt,9,medium,24148.5,1,21.0,0,0.005227,0.02
17,dt,10,low,35657.78,1,23.27,0,0.003366,0.01
17,dt,11,high,6156.95,1,16.52,0,0.010221,0.03
17,dt,12,low,61581.15,1,23.15,0,0.002724,0.01
17,dt,13,low,49340.43,1,16.25,0,0.003143,0.01
17,dt,14,medium,15869.69,1,15.38,0,0.007818,0.02
17,dt,15,medium,6499.89,1,18.46,0,0.005958,0.02
17,dt,16,medium,31707.56,1,26.44,0,0.005285,0.02
17,dt,17,medium,13344.6,0,17.19,0,0.0046,0.02
17,dt,18,high,14796.49,0,22.98,0,0.012857,0.03
17,dt,19,high,5431.52,0,21.54,0,0.011468,0.03
17,dt,20,medium,4341.15,0,19.34,0,0.006405,0.02
17,dt,21,high,7956.09,1,18.46,0,0.011668,0.03
17,dt,22,high,6156.64,1,21.52,1,0.013411,0.03
17,dt,23,low,41068.81,1,20.86,0,0.002639,0.01
17,dt,24,high,11555.3,0,26.56,0,0.009604,0.03
17,dt,25,high,3626.87,0,23.93,1,0.012545,0.03
17,dt,26,medium,19106.36,1,19.23,0,0.005318,0.02
17,dt,27,high,10471.19,0,18.73,0,0.013604,0.03
17,dt,28,low,51139.37,1,23.73,0,0.002706,0.01
17,dt,29,medium,9733.49,0,12.03,0,0.004504,0.02
17,dt,30,high,5795.95,0,21.91,0,0.010024,0.03
17,dt,31,low,32422.0,1,21.42,1,0.002722,0.01
17,dt,32,high,6153.74,0,19.63,0,0.013202,0.03
17,dt,33,low,45382.82,1,22.39,1,0.003543,0.01
17,dt,34,medium,11176.61,1,22.65,0,0.006997,0.02
17,dt,35,medium,10461.05,1,20.61,0,0.006972,0.02
17,dt,36,high,7949.78,0,27.36,0,0.008987,0.03
17,dt,37,medium,8305.78,0,26.26,0,0.007745,0.02
17,dt,38,high,5429.65,1,24.78,0,0.01401,0.03
17,dt,39,low,27751.33,1,23.54,0,0.003032,0.01
17,dt,40,low,61932.01,1,24.76,0,0.00243,0.01
17,dt,41,medium,11901.7,1,21.66,0,0.00672,0.02
17,dt,42,high,12278.24,0,20.09,0,0.014685,0.03
17,dt,43,medium,32783.98,0,18.96,0,0.005354,0.02
17,dt,44,medium,16943.23,1,18.89,0,0.006548,0.02
17,dt,45,medium,18023.44,0,25.96,0,0.004634,0.02
17,dt,46,low,48611.59,1,22.65,0,0.00315,0.01
17,dt,47,high,5439.41,0,17.9,0,0.013741,0.03
17,dt,48,high,11546.75,0,28.87,0,0.014948,0.03
17,dt,49,high,4711.07,1,22.68,0,0.010129,0.03
17,dt,50,low,41778.09,1,22.37,0,0.003076,0.01
17,dt,51,medium,12619.09,0,21.25,0,0.006648,0.02
17,dt,52,medium,27020.21,1,15.85,1,0.005612,0.02
17,dt,53,medium,6867.17,0,18.18,0,0.005768,0.02
17,dt,54,low,39622.57,1,16.86,0,0.002978,0.01
17,dt,55,medium,9738.47,1,25.06,1,0.007276,0.02
17,dt,56,high,11913.06,0,16.61,0,0.01229,0.03
17,dt,57,high,2195.16,0,22.86,0,0.008594,0.03
17,dt,58,high,6147.09,0,19.45,0,0.013278,0.03
17,dt,59,low,32415.36,1,20.73,0,0.0023,0.01
17,dt,60,medium,23061.13,1,16.42,0,0.004851,0.02
17,dt,61,high,5427.14,1,22.37,0,0.011957,0.03
17,dt,62,medium,9021.08,0,16.59,0,0.003845,0.02
17,dt,63,medium,13336.47,1,20.7,0,0.005161,0.02
17,dt,64,low,36377.25,1,25.64,0,0.003363,0.01
17,dt,65,low,44294.61,1,15.98,0,0.002578,0.01
17,dt,66,low,30984.04,1,28.2,1,0.003795,0.01
17,dt,67,medium,14427.66,0,16.61,1,0.005763,0.02
17,dt,68,high,10110.44,0,22.2,0,0.013671,0.03
17,dt,69,medium,23425.44,1,26.4,0,0.007601,0.02
17,dt,70,low,32415.25,0,21.83,0,0.003297,0.01
17,dt,71,medium,15508.25,0,20.25,0,0.005843,0.02
17,dt,72,high,5064.66,0,18.31,1,0.011638,0.03
17,dt,73,low,46092.6,1,23.71,0,0.003219,0.01
17,dt,74,low,42853.18,1,16.3,0,0.00316,0.01
17,dt,75,high,5792.9,0,17.56,1,0.014242,0.03
17,dt,76,high,5791.45,0,19.32,0,0.014265,0.03
17,dt,77,low,48256.45,1,20.47,0,0.002656,0.01
17,dt,78,high,3989.65,0,21.26,0,0.012145,0.03
17,dt,79,high,6873.62,0,17.29,0,0.009807,0.03
17,dt,80,medium,22705.21,1,22.89,0,0.003753,0.02
17,dt,81,low,44653.46,1,21.04,0,0.00318,0.01
17,dt,82,low,30256.09,1,22.57,0,0.003682,0.01
17,dt,83,low,42498.51,1,22.01,0,0.003184,0.01
17,dt,84,high,14070.87,0,23.64,0,0.008446,0.03
17,dt,85,medium,20183.5,0,18.59,0,0.006123,0.02
17,dt,86,high,4704.01,0,23.4,0,0.012031,0.03
17,dt,87,high,9756.33,0,16.98,1,0.013527,0.03
17,dt,88,high,5798.53,0,19.08,0,0.008657,0.03
17,dt,89,medium,21983.71,0,20.28,1,0.005582,0.02
17,dt,90,medium,19103.42,1,23.41,0,0.005221,0.02
17,dt,91,medium,20901.35,1,19.94,0,0.006998,0.02
17,dt,92,high,9027.08,0,20.43,0,0.011245,0.03
17,dt,93,high,8307.6,1,19.7,0,0.010586,0.03
17,dt,94,medium,28105.58,0,21.22,0,0.006447,0.02
17,dt,95,high,5791.8,0,18.24,0,0.013399,0.03
17,dt,96,low,8302.64,0,18.55,0,0.002667,0.01
17,dt,97,high,7587.77,0,21.24,0,0.008924,0.03
17,dt,98,medium,16225.49,1,20.33,0,0.006931,0.02
17,dt,99,high,3635.31,0,24.59,0,0.012048,0.03
17,dt,100,medium,3619.01,0,26.56,0,0.005464,0.02
17,dt,101,medium,12987.46,0,19.71,1,0.006425,0.02
17,dt,102,low,37819.08,0,18.46,0,0.00369,0.01
17,dt,103,medium,18024.41,0,19.85,0,0.004937,0.02
17,dt,104,low,36377.66,1,21.24,0,0.002614,0.01
17,dt,105,high,5794.04,0,18.31,0,0.011398,0.03
17,dt,106,high,6157.88,0,19.85,0,0.012629,0.03
17,dt,107,medium,12980.38,0,18.98,0,0.007059,0.02
17,dt,108,low,34573.94,1,28.12,0,0.00254,0.01
17,dt,109,high,11188.85,0,18.02,0,0.013998,0.03
17,dt,110,low,30974.86,1,22.54,0,0.003551,0.01
17,dt,111,high,9037.84,0,19.14,1,0.011279,0.03
17,dt,112,medium,25586.9,0,17.81,0,0.005935,0.02
17,dt,113,medium,3985.94,0,20.67,0,0.007209,0.02
17,dt,114,high,10105.96,1,16.99,0,0.010341,0.03
17,dt,115,high,5424.61,0,21.44,0,0.011903,0.03
17,dt,116,medium,12983.8,0,24.17,0,0.007299,0.02
17,dt,117,low,63379.96,1,13.22,0,0.002624,0.01
17,dt,118,low,48256.21,1,19.21,0,0.002997,0.01
17,dt,119,low,21254.05,1,20.51,0,0.00361,0.01
18,dt,0,low,53652.08,1,21.36,0,0.002652,0.01
18,dt,1,high,15518.17,0,18.24,0,0.01041,0.03
18,dt,2,high,11557.13,0,16.92,0,0.011313,0.03
18,dt,3,medium,14777.57,0,24.44,0,0.004328,0.02
18,dt,4,low,46465.2,1,20.0,1,0.003185,0.01
18,dt,5,medium,9020.79,1,25.1,0,0.006272,0.02
18,dt,6,high,8312.42,0,24.29,0,0.013929,0.03
18,dt,7,medium,20177.19,1,22.86,0,0.005799,0.02
18,dt,8,high,8670.26,0,19.49,0,0.011412,0.03
18,dt,9,low,54381.74,1,15.9,0,0.002979,0.01
18,dt,10,medium,19817.26,0,25.56,0,0.005984,0.02
18,dt,11,medium,10105.89,1,21.77,1,0.003402,0.02
18,dt,12,medium,9382.27,1,23.34,1,0.00498,0.02
18,dt,13,low,55815.95,1,16.52,1,0.002646,0.01
18,dt,14,low,51857.31,0,19.81,0,0.002479,0.01
18,dt,15,medium,11184.09,0,22.95,0,0.007394,0.02
18,dt,16,low,49340.33,1,21.33,0,0.002852,0.01
18,dt,17,low,45736.69,1,26.45,0,0.003089,0.01
18,dt,18,medium,18377.87,0,22.86,0,0.005269,0.02
18,dt,19,medium,16944.63,0,23.55,1,0.007836,0.02
18,dt,20,high,5429.75,0,16.49,0,0.012455,0.03
18,dt,21,low,51141.1,1,18.02,0,0.003278,0.01
18,dt,22,low,57261.16,1,17.4,0,0.002781,0.01
18,dt,23,low,38537.92,1,21.61,0,0.002783,0.01
18,dt,24,high,3988.9,0,18.51,0,0.013166,0.03
18,dt,25,high,4715.34,1,16.68,0,0.007736,0.03
18,dt,26,medium,27745.76,0,22.6,0,0.006157,0.02
18,dt,27,high,2553.63,0,23.59,0,0.010718,0.03
18,dt,28,medium,4707.95,1,16.53,0,0.006219,0.02
18,dt,29,high,16592.01,0,22.97,0,0.008191,0.03
18,dt,30,low,72731.82,0,18.99,0,0.002164,0.01
18,dt,31,low,58698.3,1,16.14,0,0.002679,0.01
18,dt,32,medium,14065.6,0,20.75,0,0.006414,0.02
18,dt,33,low,27374.22,1,16.38,0,0.002723,0.01
18,dt,34,low,26653.51,0,20.43,0,0.003266,0.01
18,dt,35,high,9032.6,1,20.0,0,0.014804,0.03
18,dt,36,low,47541.1,1,24.53,0,0.002551,0.01
18,dt,37,low,43581.16,1,21.4,0,0.002689,0.01
18,dt,38,low,36373.25,1,24.1,0,0.003506,0.01
18,dt,39,low,46454.8,1,26.09,0,0.002933,0.01
18,dt,40,low,41051.87,1,19.05,0,0.003702,0.01
18,dt,41,high,5795.87,1,24.68,0,0.013587,0.03
18,dt,42,medium,19467.72,0,19.07,0,0.005494,0.02
18,dt,43,high,11914.16,0,18.08,0,0.013932,0.03
18,dt,44,medium,16948.44,1,26.12,0,0.006525,0.02
18,dt,45,medium,16576.24,0,22.64,0,0.006186,0.02
18,dt,46,medium,10095.77,0,24.77,0,0.00631,0.02
18,dt,47,medium,28109.39,1,19.64,0,0.00621,0.02
18,dt,48,medium,7224.39,1,23.57,1,0.004516,0.02
18,dt,49,medium,15869.85,0,17.78,0,0.004868,0.02
18,dt,50,medium,24136.39,1,26.53,0,0.005689,0.02
18,dt,51,low,38177.67,1,23.66,0,0.002737,0.01
18,dt,52,high,6874.79,0,21.09,0,0.01305,0.03
18,dt,53,low,35655.16,1,23.69,0,0.003535,0.01
18,dt,54,high,2193.84,0,15.45,0,0.011565,0.03
18,dt,55,low,28460.15,0,19.63,0,0.002314,0.01
18,dt,56,high,8670.53,0,19.14,0,0.010032,0.03
18,dt,57,low,8304.29,0,20.27,0,0.002393,0.01
18,dt,58,low,24854.42,0,17.02,1,0.002295,0.01
18,dt,59,low,50777.82,1,20.78,0,0.002018,0.01
18,dt,60,low,38540.88,1,18.9,0,0.003798,0.01
18,dt,61,high,9033.52,1,13.78,0,0.012216,0.03
18,dt,62,medium,15500.55,1,21.2,0,0.00651,0.02
18,dt,63,high,7952.24,0,24.56,0,0.012978,0.03
18,dt,64,low,53662.43,0,18.68,0,0.002782,0.01
18,dt,65,medium,10818.09,0,23.39,0,0.007439,0.02
18,dt,66,high,8311.74,0,18.62,0,0.012496,0.03
18,dt,67,low,34580.41,1,22.59,1,0.004274,0.01
18,dt,68,high,9035.64,0,18.06,1,0.01492,0.03
18,dt,69,low,60860.11,1,22.49,0,0.002747,0.01
18,dt,70,high,5438.83,0,20.07,1,0.012101,0.03
18,dt,71,medium,14417.99,1,18.78,0,0.005297,0.02
18,dt,72,high,11194.41,1,21.94,0,0.014631,0.03
18,dt,73,low,47536.12,0,19.82,0,0.002661,0.01
18,dt,74,high,3987.96,0,19.69,0,0.01536,0.03
18,dt,75,low,34936.78,1,18.55,0,0.003941,0.01
18,dt,76,medium,15139.67,1,27.1,0,0.007003,0.02
18,dt,77,medium,19461.83,1,19.37,0,0.005523,0.02
18,dt,78,low,54734.11,1,16.36,0,0.002389,0.01
18,dt,79,low,58335.88,1,16.98,0,0.003001,0.01
18,dt,80,high,3996.82,1,22.82,0,0.012444,0.03
18,dt,81,low,31336.82,1,25.72,0,0.0042,0.01
18,dt,82,low,34573.72,1,20.26,0,0.002973,0.01
18,dt,83,medium,25589.37,1,22.7,0,0.006141,0.02
18,dt,84,high,10840.66,0,19.13,1,0.012034,0.03
18,dt,85,medium,24504.0,1,22.75,0,0.005503,0.02
18,dt,86,high,2555.09,0,22.64,0,0.012958,0.03
18,dt,87,low,54019.79,1,22.18,0,0.002665,0.01
18,dt,88,high,9036.62,1,20.97,1,0.008846,0.03
18,dt,89,low,62294.98,0,20.61,0,0.00218,0.01
18,dt,90,high,7234.67,0,19.54,0,0.008389,0.03
18,dt,91,high,2913.99,0,17.72,0,0.009643,0.03
18,dt,92,low,51497.16,1,26.49,0,0.002568,0.01
18,dt,93,low,51494.04,1,21.66,0,0.002343,0.01
18,dt,94,medium,12976.59,0,15.29,0,0.008033,0.02
18,dt,95,high,3274.65,1,20.35,0,0.012272,0.03
18,dt,96,high,3993.93,1,24.96,0,0.009982,0.03
18,dt,97,low,27746.4,1,23.3,0,0.003894,0.01
18,dt,98,low,35298.72,0,18.12,0,0.002178,0.01
18,dt,99,medium,13700.01,1,16.55,0,0.005239,0.02
18,dt,100,high,4351.01,1,16.11,1,0.014301,0.03
18,dt,101,high,5432.49,1,20.72,0,0.012855,0.03
18,dt,102,medium,13339.57,0,19.17,0,0.004622,0.02
18,dt,103,medium,15866.09,1,20.41,0,0.005606,0.02
18,dt,104,medium,24863.02,1,22.97,0,0.005987,0.02
18,dt,105,medium,14780.66,1,20.78,0,0.004623,0.02
18,dt,106,high,15869.72,1,23.81,0,0.011649,0.03
18,dt,107,medium,16946.3,0,15.66,0,0.006199,0.02
18,dt,108,high,2192.39,0,21.51,0,0.011477,0.03
18,dt,109,high,8670.13,0,25.23,0,0.009697,0.03
18,dt,110,high,6161.14,0,26.27,0,0.011944,0.03
18,dt,111,high,13718.17,0,19.73,0,0.013027,0.03
18,dt,112,low,60856.35,1,21.23,0,0.002295,0.01
18,dt,113,low,29176.88,1,24.99,1,0.002829,0.01
18,dt,114,medium,19458.16,1,23.58,0,0.006676,0.02
18,dt,115,medium,11548.7,0,18.38,0,0.005797,0.02
18,dt,116,high,2910.28,0,16.62,0,0.010412,0.03
18,dt,117,high,6511.22,0,22.78,0,0.012076,0.03
18,dt,118,low,41416.42,0,24.19,0,0.003058,0.01
18,dt,119,high,12269.09,0,23.43,0,0.010383,0.03
19,dt,0,high,7594.77,0,23.62,0,0.011314,0.03
19,dt,1,medium,28463.55,0,19.54,0,0.006416,0.02
19,dt,2,medium,20906.56,1,25.0,1,0.005772,0.02
19,dt,3,medium,12621.83,0,15.52,0,0.007055,0.02
19,dt,4,low,41057.55,1,22.36,0,0.003765,0.01
19,dt,5,high,6508.72,0,23.83,0,0.008796,0.03
19,dt,6,low,5063.55,0,16.45,1,0.002591,0.01
19,dt,7,low,47171.06,1,18.27,0,0.003043,0.01
19,dt,8,high,5085.23,0,23.61,0,0.013999,0.03
19,dt,9,high,8306.21,0,23.08,0,0.015126,0.03
19,dt,10,high,5070.98,0,20.59,0,0.013353,0.03
19,dt,11,low,35660.73,1,17.65,0,0.003267,0.01
19,dt,12,medium,26300.46,1,24.33,0,0.006625,0.02
19,dt,13,low,47539.42,1,22.18,0,0.002773,0.01
19,dt,14,high,6871.91,0,21.39,0,0.012353,0.03
19,dt,15,low,51137.21,1,21.87,0,0.003271,0.01
19,dt,16,medium,13703.36,0,20.16,0,0.006472,0.02
19,dt,17,low,46826.03,1,25.24,0,0.003169,0.01
19,dt,18,low,56540.85,1,17.94,0,0.002998,0.01
19,dt,19,high,3987.75,1,18.24,0,0.011497,0.03
19,dt,20,medium,8660.83,1,20.28,0,0.007607,0.02
19,dt,21,medium,10815.44,1,23.81,0,0.006793,0.02
19,dt,22,high,15870.12,1,17.66,0,0.007966,0.03
19,dt,23,high,7955.44,0,19.39,1,0.010006,0.03
19,dt,24,low,49339.28,1,18.72,0,0.003015,0.01
19,dt,25,low,43211.24,1,21.48,0,0.002992,0.01
19,dt,26,medium,15858.83,1,22.93,0,0.006149,0.02
19,dt,27,medium,17666.34,1,20.13,0,0.005599,0.02
19,dt,28,low,42854.53,1,22.28,0,0.002551,0.01
19,dt,29,medium,27390.66,0,20.49,0,0.006521,0.02
19,dt,30,high,8672.3,0,20.24,1,0.011112,0.03
19,dt,31,high,3631.67,0,17.8,0,0.011345,0.03
19,dt,32,low,49334.87,1,16.01,0,0.002538,0.01
19,dt,33,medium,12626.79,1,18.6,0,0.004055,0.02
19,dt,34,low,47187.28,1,21.64,0,0.002944,0.01
19,dt,35,low,23060.61,0,19.41,0,0.0031,0.01
19,dt,36,medium,22347.4,0,21.94,0,0.006751,0.02
19,dt,37,high,2557.34,0,17.94,0,0.011281,0.03
19,dt,38,high,6152.66,1,21.32,0,0.013207,0.03
19,dt,39,medium,14065.86,1,14.45,1,0.006623,0.02
19,dt,40,medium,12271.29,0,27.52,0,0.005692,0.02
19,dt,41,high,15870.35,1,23.78,0,0.010904,0.03
19,dt,42,low,38890.66,0,18.31,0,0.003752,0.01
19,dt,43,high,9034.07,0,22.58,0,0.012791,0.03
19,dt,44,high,9392.14,0,26.29,0,0.013175,0.03
19,dt,45,high,6506.06,1,28.13,0,0.012419,0.03
19,dt,46,medium,11550.95,0,18.24,1,0.008359,0.02
19,dt,47,medium,28825.36,0,22.81,0,0.005979,0.02
19,dt,48,high,6147.92,0,18.35,0,0.011703,0.03
19,dt,49,low,26297.49,0,23.8,0,0.003144,0.01
19,dt,50,medium,10825.02,0,20.9,0,0.006159,0.02
19,dt,51,low,34224.16,1,19.87,0,0.003575,0.01
19,dt,52,low,38535.99,1,19.63,0,0.002993,0.01
19,dt,53,medium,8302.56,0,17.81,1,0.006623,0.02
19,dt,54,high,3631.06,0,23.38,0,0.012634,0.03
19,dt,55,medium,25225.36,1,25.56,0,0.004273,0.02
19,dt,56,high,7953.35,0,22.15,0,0.01244,0.03
19,dt,57,high,11544.7,0,19.35,0,0.010063,0.03
19,dt,58,low,45373.95,1,24.86,0,0.003054,0.01
19,dt,59,medium,10102.95,0,25.21,0,0.007676,0.02
19,dt,60,medium,26664.86,1,20.03,1,0.006016,0.02
19,dt,61,medium,14426.81,0,21.86,0,0.005916,0.02
19,dt,62,high,2546.98,0,24.24,0,0.011265,0.03
19,dt,63,medium,11907.42,0,23.6,0,0.006947,0.02
19,dt,64,medium,13700.75,1,25.25,0,0.006031,0.02
19,dt,65,low,41424.69,1,17.97,0,0.001986,0.01
19,dt,66,medium,10461.35,0,21.3,0,0.006135,0.02
19,dt,67,low,39980.25,1,19.69,0,0.002849,0.01
19,dt,68,low,48252.96,0,21.84,0,0.002228,0.01
19,dt,69,high,3271.05,0,23.92,0,0.012468,0.03
19,dt,70,low,32772.69,1,19.22,1,0.003511,0.01
19,dt,71,low,61576.9,1,21.68,0,0.002462,0.01
19,dt,72,low,27011.92,1,18.17,0,0.004038,0.01
19,dt,73,medium,21260.13,0,19.61,0,0.005268,0.02
19,dt,74,high,8671.9,0,18.61,0,0.010507,0.03
19,dt,75,high,2557.85,0,28.36,0,0.012679,0.03
19,dt,76,high,8301.38,1,21.75,0,0.009708,0.03
19,dt,77,low,45017.01,1,14.51,1,0.003008,0.01
19,dt,78,medium,9746.31,1,27.64,0,0.005339,0.02
19,dt,79,low,43213.77,1,18.52,1,0.002854,0.01
19,dt,80,high,5425.58,0,26.31,1,0.013361,0.03
19,dt,81,low,47177.34,1,21.77,0,0.003025,0.01
19,dt,82,medium,22341.66,0,23.1,0,0.004792,0.02
19,dt,83,low,42489.7,1,18.1,0,0.002705,0.01
19,dt,84,medium,19460.96,0,16.43,0,0.007491,0.02
19,dt,85,low,34943.8,1,19.04,0,0.003979,0.01
19,dt,86,medium,16218.27,0,24.07,0,0.004296,0.02
19,dt,87,medium,18381.42,1,17.36,0,0.005691,0.02
19,dt,88,low,48613.53,1,20.53,1,0.002722,0.01
19,dt,89,medium,24855.98,1,12.8,0,0.005517,0.02
19,dt,90,medium,18383.07,1,22.66,0,0.006225,0.02
19,dt,91,high,3629.48,1,17.24,0,0.010543,0.03
19,dt,92,low,45381.28,0,24.95,0,0.003207,0.01
19,dt,93,low,57619.99,1,19.33,0,0.002633,0.01
19,dt,94,low,32420.18,1,19.8,0,0.003307,0.01
19,dt,95,medium,16223.85,0,19.83,0,0.00644,0.02
19,dt,96,low,31337.07,1,20.76,0,0.002411,0.01
19,dt,97,high,8676.88,0,17.95,0,0.011076,0.03
19,dt,98,low,44659.86,1,19.12,0,0.002885,0.01
19,dt,99,medium,16223.49,1,19.4,0,0.006549,0.02
19,dt,100,high,6868.65,0,20.36,1,0.011255,0.03
19,dt,101,low,49333.39,1,18.4,1,0.002949,0.01
19,dt,102,medium,21615.06,1,23.11,0,0.00463,0.02
19,dt,103,low,38172.1,1,25.53,0,0.002978,0.01
19,dt,104,medium,12985.15,1,22.18,1,0.005799,0.02
19,dt,105,high,2913.68,0,22.85,0,0.011352,0.03
19,dt,106,low,37819.71,1,22.79,0,0.00327,0.01
19,dt,107,low,43577.23,1,26.25,0,0.003104,0.01
19,dt,108,high,6511.63,0,27.02,0,0.010043,0.03
19,dt,109,medium,28102.88,0,20.36,1,0.005191,0.02
19,dt,110,low,50775.86,0,21.45,0,0.00252,0.01
19,dt,111,medium,11182.05,1,21.68,0,0.006134,0.02
19,dt,112,high,15150.83,0,20.85,0,0.012191,0.03
19,dt,113,low,47900.14,1,18.51,0,0.00357,0.01
19,dt,114,medium,10462.44,0,21.24,1,0.005466,0.02
19,dt,115,low,52936.22,1,22.93,0,0.00329,0.01
19,dt,116,high,5070.19,1,20.37,0,0.014006,0.03
19,dt,117,low,39261.89,1,20.54,0,0.00313,0.01
19,dt,118,medium,17661.03,0,20.42,0,0.00683,0.02
19,dt,119,high,7593.49,1,15.26,1,0.013288,0.03
20,dt,0,high,2188.67,0,17.43,0,0.013684,0.03
20,dt,1,medium,26304.52,1,19.17,0,0.005769,0.02
20,dt,2,high,8314.1,1,24.08,0,0.009967,0.03
20,dt,3,medium,9385.85,1,24.52,0,0.005773,0.02
20,dt,4,low,59418.74,1,23.12,0,0.00232,0.01
20,dt,5,low,44661.27,1,17.51,1,0.00372,0.01
20,dt,6,high,5068.09,1,19.36,0,0.015195,0.03
20,dt,7,high,6505.03,1,21.36,0,0.012394,0.03
20,dt,8,low,33137.92,1,18.24,0,0.003022,0.01
20,dt,9,high,3638.1,0,20.87,0,0.014235,0.03
20,dt,10,low,45022.49,1,20.03,0,0.00348,0.01
20,dt,11,low,36383.3,1,20.64,0,0.002886,0.01
20,dt,12,medium,14057.37,1,27.39,0,0.006403,0.02
20,dt,13,medium,7219.97,1,15.35,0,0.003855,0.02
20,dt,14,medium,13704.71,1,22.36,0,0.005419,0.02
20,dt,15,medium,13341.36,0,17.84,0,0.0084,0.02
20,dt,16,high,12985.73,0,16.75,0,0.011189,0.03
20,dt,17,high,9752.14,1,22.33,0,0.009347,0.03
20,dt,18,medium,5064.38,1,27.14,0,0.005509,0.02
20,dt,19,medium,21979.45,1,21.48,0,0.004841,0.02
20,dt,20,medium,16214.01,0,20.03,0,0.004427,0.02
20,dt,21,medium,15492.53,0,22.65,0,0.007616,0.02
20,dt,22,high,2192.01,0,26.39,0,0.01063,0.03
20,dt,23,medium,9377.86,0,21.27,0,0.006238,0.02
20,dt,24,high,7948.62,1,20.21,0,0.012532,0.03
20,dt,25,low,41421.76,1,21.05,0,0.002705,0.01
20,dt,26,low,35298.51,1,22.55,0,0.003345,0.01
20,dt,27,low,30620.91,0,18.71,1,0.003603,0.01
20,dt,28,high,3271.27,1,21.51,0,0.010139,0.03
20,dt,29,low,29537.84,1,19.0,0,0.004035,0.01
20,dt,30,high,2550.46,0,23.05,0,0.007593,0.03
20,dt,31,high,9025.2,0,22.09,1,0.009631,0.03
20,dt,32,high,2187.68,1,20.84,1,0.014511,0.03
20,dt,33,low,41420.36,1,16.78,1,0.003514,0.01
20,dt,34,medium,9741.87,0,18.85,1,0.005696,0.02
20,dt,35,medium,32065.78,1,20.94,0,0.005241,0.02
20,dt,36,high,6871.31,0,24.03,0,0.011913,0.03
20,dt,37,high,3991.58,0,21.29,0,0.013456,0.03
20,dt,38,low,41776.99,1,17.58,0,0.003601,0.01
20,dt,39,low,52217.03,1,23.55,0,0.003294,0.01
20,dt,40,medium,20542.22,0,14.74,0,0.006288,0.02
20,dt,41,medium,19108.78,1,24.63,1,0.004956,0.02
20,dt,42,medium,8298.95,1,15.39,0,0.004049,0.02
20,dt,43,low,33132.84,1,23.58,0,0.003034,0.01
20,dt,44,medium,12984.02,0,20.43,0,0.006361,0.02
20,dt,45,low,53301.02,1,15.65,0,0.002889,0.01
20,dt,46,low,30616.8,1,19.28,0,0.003385,0.01
20,dt,47,high,2911.82,0,17.65,0,0.011762,0.03
20,dt,48,medium,13342.85,1,17.98,0,0.004555,0.02
20,dt,49,low,35654.1,1,19.98,0,0.0033,0.01
20,dt,50,low,34574.93,1,18.94,0,0.003577,0.01
20,dt,51,low,39258.35,1,19.47,0,0.003059,0.01
20,dt,52,low,44291.7,1,19.08,0,0.003424,0.01
20,dt,53,medium,18022.21,1,22.31,0,0.005457,0.02
20,dt,54,medium,23061.93,1,21.95,1,0.006318,0.02
20,dt,55,high,7591.71,0,22.22,1,0.015124,0.03
20,dt,56,low,55096.23,1,16.92,0,0.002801,0.01
20,dt,57,high,4352.83,0,24.47,0,0.008287,0.03
20,dt,58,medium,12979.39,1,22.83,0,0.00327,0.02
20,dt,59,high,5792.14,1,27.08,0,0.009647,0.03
20,dt,60,medium,15501.14,1,21.11,0,0.007727,0.02
20,dt,61,medium,12265.46,1,22.96,0,0.006802,0.02
20,dt,62,medium,10099.66,1,16.14,0,0.004945,0.02
20,dt,63,medium,19816.94,1,21.33,0,0.005569,0.02
20,dt,64,low,46459.13,1,22.75,1,0.003617,0.01
20,dt,65,low,53657.79,1,20.07,0,0.002152,0.01
20,dt,66,low,36025.44,1,17.23,0,0.003344,0.01
20,dt,67,high,16953.6,0,18.59,0,0.010402,0.03
20,dt,68,high,5077.06,0,22.79,1,0.009484,0.03
20,dt,69,high,5436.07,0,17.51,0,0.014016,0.03
20,dt,70,high,7237.21,0,19.98,0,0.011848,0.03
20,dt,71,medium,27022.33,1,20.59,0,0.004515,0.02
20,dt,72,low,51491.15,1,12.84,0,0.00319,0.01
20,dt,73,high,9034.17,1,23.33,0,0.012936,0.03
20,dt,74,low,45016.3,0,16.03,0,0.003034,0.01
20,dt,75,low,45373.27,1,21.81,0,0.003735,0.01
20,dt,76,high,6518.22,0,21.12,0,0.009992,0.03
20,dt,77,medium,19458.67,0,27.43,0,0.006562,0.02
20,dt,78,low,37810.71,1,16.03,0,0.003609,0.01
20,dt,79,low,53661.48,1,18.48,0,0.002723,0.01
20,dt,80,high,7583.09,0,19.44,0,0.012958,0.03
20,dt,81,high,14431.87,0,18.76,0,0.012469,0.03
20,dt,82,low,49701.98,1,21.89,0,0.003012,0.01
20,dt,83,medium,16580.49,1,21.59,0,0.005014,0.02
20,dt,84,low,45737.99,1,24.63,0,0.003324,0.01
20,dt,85,high,4001.11,0,17.99,0,0.009446,0.03
20,dt,86,high,5437.44,0,20.38,1,0.013627,0.03
20,dt,87,low,56178.43,1,16.82,0,0.00265,0.01
20,dt,88,low,36377.84,1,17.65,0,0.003103,0.01
20,dt,89,medium,26302.31,1,23.14,0,0.00572,0.02
20,dt,90,high,6513.02,0,25.26,0,0.012636,0.03
20,dt,91,medium,18742.07,1,19.56,0,0.004043,0.02
20,dt,92,low,40336.1,1,19.75,0,0.004246,0.01
20,dt,93,high,3995.59,0,18.31,0,0.011939,0.03
20,dt,94,low,72736.25,1,20.4,0,0.002269,0.01
20,dt,95,low,48258.86,1,23.57,0,0.003626,0.01
20,dt,96,low,48618.21,1,24.59,0,0.003147,0.01
20,dt,97,low,28458.41,1,18.42,0,0.002834,0.01
20,dt,98,low,32062.92,1,17.99,0,0.003517,0.01
20,dt,99,low,49700.87,1,18.95,0,0.003253,0.01
20,dt,100,medium,15142.16,1,23.41,0,0.007052,0.02
20,dt,101,high,5427.38,0,20.62,1,0.012961,0.03
20,dt,102,high,5781.35,1,21.25,0,0.013616,0.03
20,dt,103,low,46823.36,1,18.59,0,0.00239,0.01
20,dt,104,low,36015.71,0,25.5,1,0.002535,0.01
20,dt,105,low,47897.54,1,24.5,0,0.002889,0.01
20,dt,106,high,11196.76,0,20.53,0,0.011004,0.03
20,dt,107,medium,21983.1,1,23.4,0,0.004684,0.02
20,dt,108,medium,16581.95,1,25.44,1,0.006735,0.02
20,dt,109,low,46096.7,1,19.12,0,0.003768,0.01
20,dt,110,low,38540.33,1,17.4,0,0.002293,0.01
20,dt,111,high,9747.36,0,16.88,0,0.017629,0.03
20,dt,112,medium,12977.81,1,26.03,0,0.006091,0.02
20,dt,113,high,6514.76,0,22.44,0,0.013554,0.03
20,dt,114,low,74547.34,1,18.6,0,0.001599,0.01
20,dt,115,medium,10469.28,0,27.88,0,0.005396,0.02
20,dt,116,medium,10462.78,1,20.48,0,0.006157,0.02
20,dt,117,medium,9388.62,0,17.24,0,0.005621,0.02
20,dt,118,high,5076.98,0,23.11,0,0.013362,0.03
20,dt,119,low,52220.71,1,24.82,0,0.002781,0.01
21,dt,0,medium,8663.12,0,20.36,0,0.005304,0.02
21,dt,1,high,9759.42,0,20.04,0,0.011984,0.03
21,dt,2,low,59061.22,1,18.32,0,0.002949,0.01
21,dt,3,high,5074.25,0,22.55,0,0.012082,0.03
21,dt,4,medium,21620.74,1,19.97,1,0.004886,0.02
21,dt,5,medium,21974.4,0,21.2,0,0.005969,0.02
21,dt,6,medium,9737.69,1,17.54,0,0.007333,0.02
21,dt,7,medium,12978.31,0,20.37,0,0.006942,0.02
21,dt,8,high,9391.79,1,15.31,0,0.01182,0.03
21,dt,9,low,38900.2,1,25.41,1,0.003695,0.01
21,dt,10,low,66612.62,1,22.89,0,0.002563,0.01
21,dt,11,low,56899.17,1,19.69,0,0.003089,0.01
21,dt,12,medium,20180.21,0,15.16,0,0.005179,0.02
21,dt,13,high,4348.02,0,21.24,0,0.014657,0.03
21,dt,14,low,38179.57,1,20.19,0,0.003397,0.01
21,dt,15,high,5429.72,0,28.67,0,0.012217,0.03
21,dt,16,low,40342.78,0,21.16,0,0.00192,0.01
21,dt,17,high,3992.56,0,24.78,0,0.012446,0.03
21,dt,18,medium,9383.97,0,18.22,0,0.006534,0.02
21,dt,19,low,45020.07,0,19.81,0,0.002761,0.01
21,dt,20,high,2192.37,1,19.88,0,0.010061,0.03
21,dt,21,low,46457.65,1,15.3,0,0.003765,0.01
21,dt,22,high,7952.08,0,19.72,1,0.01107,0.03
21,dt,23,medium,15866.82,1,25.01,0,0.005235,0.02
21,dt,24,medium,16587.32,1,20.26,0,0.005933,0.02
21,dt,25,medium,10461.13,1,28.03,0,0.005007,0.02
21,dt,26,high,6150.34,1,23.43,0,0.012718,0.03
21,dt,27,medium,16580.53,1,18.35,1,0.005058,0.02
21,dt,28,medium,15502.56,1,20.86,0,0.005735,0.02
21,dt,29,high,1831.14,0,23.18,0,0.009836,0.03
21,dt,30,high,2551.15,0,23.24,0,0.008731,0.03
21,dt,31,high,6150.78,0,22.25,0,0.010314,0.03
21,dt,32,low,50416.56,1,20.76,0,0.002686,0.01
21,dt,33,low,37466.47,1,24.4,0,0.003523,0.01
21,dt,34,medium,10467.94,0,21.43,0,0.006328,0.02
21,dt,35,high,6157.12,0,20.87,0,0.011018,0.03
21,dt,36,high,6870.33,1,19.34,0,0.011753,0.03
21,dt,37,low,32772.21,0,23.16,0,0.002614,0.01
21,dt,38,medium,20900.66,0,17.48,0,0.006009,0.02
21,dt,39,medium,3626.26,0,25.04,0,0.007531,0.02
21,dt,40,low,40704.67,1,19.43,0,0.003564,0.01
21,dt,41,high,7233.65,0,17.41,0,0.01332,0.03
21,dt,42,high,4715.09,0,31.14,0,0.009868,0.03
21,dt,43,medium,22337.04,1,13.83,0,0.006116,0.02
21,dt,44,medium,27380.62,1,18.83,0,0.005097,0.02
21,dt,45,high,3994.28,0,18.49,0,0.010539,0.03
21,dt,46,medium,12262.09,1,18.94,1,0.006557,0.02
21,dt,47,medium,17659.31,1,25.6,1,0.005087,0.02
21,dt,48,high,10837.05,0,22.08,0,0.011592,0.03
21,dt,49,low,38178.13,1,26.11,0,0.003076,0.01
21,dt,50,high,5428.47,0,20.49,0,0.015029,0.03
21,dt,51,high,3260.96,0,26.08,0,0.010031,0.03
21,dt,52,medium,24504.16,1,18.81,0,0.005094,0.02
21,dt,53,medium,17658.76,1,20.03,0,0.005855,0.02
21,dt,54,medium,19824.22,1,15.22,0,0.006545,0.02
21,dt,55,medium,6864.54,0,20.23,0,0.009191,0.02
21,dt,56,medium,7220.34,0,22.89,0,0.005791,0.02
21,dt,57,low,51494.99,1,20.32,0,0.002565,0.01
21,dt,58,medium,24862.77,1,19.93,0,0.005876,0.02
21,dt,59,high,3635.59,0,20.7,0,0.01758,0.03
21,dt,60,medium,9379.37,0,23.11,0,0.0055,0.02
21,dt,61,medium,16578.29,0,18.93,0,0.006486,0.02
21,dt,62,high,6152.59,0,23.98,0,0.012674,0.03
21,dt,63,low,37824.06,1,22.63,0,0.003005,0.01
21,dt,64,high,12991.18,0,15.79,0,0.015027,0.03
21,dt,65,low,54740.14,1,19.51,0,0.003092,0.01
21,dt,66,medium,19824.69,1,20.1,1,0.005187,0.02
21,dt,67,high,2911.5,0,26.27,0,0.012201,0.03
21,dt,68,medium,6855.05,1,23.73,0,0.007504,0.02
21,dt,69,low,25220.28,1,16.73,0,0.003479,0.01
21,dt,70,medium,10818.85,1,20.36,0,0.006752,0.02
21,dt,71,low,42140.35,0,18.18,0,0.003091,0.01
21,dt,72,high,11554.99,1,21.95,0,0.007159,0.03
21,dt,73,low,46806.25,1,19.73,0,0.00286,0.01
21,dt,74,low,53293.88,1,24.01,0,0.002787,0.01
21,dt,75,low,44304.56,1,24.68,0,0.003393,0.01
21,dt,76,medium,27020.82,1,18.68,0,0.003874,0.02
21,dt,77,medium,19824.59,0,17.09,0,0.006923,0.02
21,dt,78,low,23780.88,0,19.18,0,0.003111,0.01
21,dt,79,low,70221.53,0,17.55,0,0.001908,0.01
21,dt,80,high,1833.25,1,24.37,0,0.011757,0.03
21,dt,81,medium,15503.99,1,22.35,0,0.008016,0.02
21,dt,82,high,11914.26,0,22.74,1,0.013051,0.03
21,dt,83,high,5080.6,0,23.83,0,0.012388,0.03
21,dt,84,high,3997.03,0,19.68,0,0.011684,0.03
21,dt,85,high,1473.54,0,19.55,1,0.012635,0.03
21,dt,86,high,6143.08,0,23.42,0,0.01391,0.03
21,dt,87,low,46823.76,1,19.16,0,0.00301,0.01
21,dt,88,medium,6505.9,1,20.9,0,0.007053,0.02
21,dt,89,low,41775.57,1,24.38,1,0.003795,0.01
21,dt,90,low,47541.06,1,25.87,0,0.003156,0.01
21,dt,91,low,31699.3,1,26.07,0,0.002703,0.01
21,dt,92,high,10482.28,0,20.63,0,0.01341,0.03
21,dt,93,low,47536.65,1,24.79,1,0.002984,0.01
21,dt,94,medium,24506.46,1,21.62,0,0.005805,0.02
21,dt,95,high,5067.18,0,20.42,0,0.010233,0.03
21,dt,96,high,5430.22,0,19.17,1,0.013576,0.03
21,dt,97,high,3280.43,0,21.01,0,0.012109,0.03
21,dt,98,high,5791.71,0,25.94,0,0.012816,0.03
21,dt,99,low,55824.83,1,20.88,0,0.002558,0.01
21,dt,100,low,55100.04,1,26.3,0,0.00266,0.01
21,dt,101,low,34217.05,1,18.14,0,0.003704,0.01
21,dt,102,high,12636.7,0,22.63,0,0.013995,0.03
21,dt,103,low,56898.3,1,22.06,0,0.002676,0.01
21,dt,104,low,42855.65,1,20.49,0,0.002581,0.01
21,dt,105,medium,9022.07,0,16.14,0,0.006533,0.02
21,dt,106,high,5072.85,1,24.39,0,0.01167,0.03
21,dt,107,low,29902.93,1,19.8,0,0.00469,0.01
21,dt,108,high,8676.76,0,22.65,1,0.0134,0.03
21,dt,109,low,32421.75,1,20.53,0,0.003329,0.01
21,dt,110,high,2545.91,0,23.13,0,0.0116,0.03
21,dt,111,high,6150.81,0,16.65,1,0.011844,0.03
21,dt,112,high,5073.75,0,14.69,0,0.015719,0.03
21,dt,113,low,34579.6,1,18.29,1,0.003607,0.01
21,dt,114,medium,21982.02,1,17.02,0,0.005536,0.02
21,dt,115,medium,10107.86,0,19.41,0,0.006074,0.02
21,dt,116,medium,18742.59,1,20.95,0,0.006112,0.02
21,dt,117,high,4001.78,0,21.54,0,0.011084,0.03
21,dt,118,medium,22701.39,1,24.42,0,0.005622,0.02
21,dt,119,medium,10818.42,1,22.89,0,0.005601,0.02
22,dt,0,high,7229.02,0,18.83,0,0.013996,0.03
22,dt,1,low,40347.26,0,17.15,1,0.002702,0.01
22,dt,2,medium,16223.0,1,27.07,0,0.007275,0.02
22,dt,3,medium,15144.75,0,15.75,0,0.007123,0.02
22,dt,4,high,6873.13,1,16.6,0,0.012858,0.03
22,dt,5,high,5788.4,0,17.66,0,0.011642,0.03
22,dt,6,low,33490.6,1,22.55,0,0.002952,0.01
22,dt,7,high,7599.15,1,20.91,1,0.009346,0.03
22,dt,8,low,36742.17,1,23.93,0,0.002911,0.01
22,dt,9,medium,6859.66,1,22.6,0,0.005581,0.02
22,dt,10,low,40338.46,1,20.97,0,0.004174,0.01
22,dt,11,high,7949.49,0,19.31,1,0.011092,0.03
22,dt,12,medium,14785.32,1,23.63,0,0.006325,0.02
22,dt,13,high,2192.07,1,18.35,1,0.012488,0.03
22,dt,14,low,47890.96,1,20.48,0,0.002866,0.01
22,dt,15,medium,10830.53,1,19.08,0,0.006542,0.02
22,dt,16,low,36738.33,1,17.22,0,0.002446,0.01
22,dt,17,low,46454.19,0,22.18,0,0.002513,0.01
22,dt,18,high,8664.77,1,22.81,0,0.012177,0.03
22,dt,19,low,40700.19,0,22.53,0,0.003211,0.01
22,dt,20,high,11188.02,0,21.21,0,0.012299,0.03
22,dt,21,high,12993.26,0,24.25,0,0.013985,0.03
22,dt,22,medium,23419.64,1,19.62,0,0.005968,0.02
22,dt,23,medium,19097.38,0,26.88,0,0.006188,0.02
22,dt,24,low,41057.67,1,24.43,0,0.003366,0.01
22,dt,25,medium,13698.51,1,23.46,0,0.006432,0.02
22,dt,26,high,7592.55,0,20.42,1,0.012117,0.03
22,dt,27,high,7592.14,0,16.06,0,0.012126,0.03
22,dt,28,low,47901.38,1,16.29,0,0.002978,0.01
22,dt,29,medium,10826.11,0,26.4,0,0.005347,0.02
22,dt,30,medium,29185.91,1,22.14,0,0.005138,0.02
22,dt,31,medium,16221.25,1,17.44,0,0.007038,0.02
22,dt,32,low,53296.93,1,17.78,0,0.002665,0.01
22,dt,33,high,8672.4,0,25.96,0,0.00872,0.03
22,dt,34,medium,14061.99,1,26.89,0,0.006298,0.02
22,dt,35,medium,5775.68,0,24.17,0,0.00664,0.02
22,dt,36,high,3274.07,0,25.08,0,0.011388,0.03
22,dt,37,medium,7944.25,0,17.92,0,0.007727,0.02
22,dt,38,medium,16581.48,1,18.53,0,0.006936,0.02
22,dt,39,high,3631.57,0,24.26,0,0.011775,0.03
22,dt,40,low,42497.29,1,19.1,1,0.002877,0.01
22,dt,41,low,28820.25,1,19.16,0,0.003122,0.01
22,dt,42,medium,17305.94,0,19.97,0,0.004819,0.02
22,dt,43,low,48620.57,1,25.07,0,0.002583,0.01
22,dt,44,low,51139.6,1,22.13,0,0.003161,0.01
22,dt,45,low,35653.17,1,20.22,0,0.002796,0.01
22,dt,46,medium,25578.32,1,25.78,0,0.005362,0.02
22,dt,47,medium,6143.05,0,17.71,0,0.007082,0.02
22,dt,48,low,25225.93,1,20.31,0,0.003433,0.01
22,dt,49,low,60503.41,0,16.28,0,0.002436,0.01
22,dt,50,low,42138.82,1,19.48,0,0.003298,0.01
22,dt,51,low,25221.64,1,16.46,0,0.003087,0.01
22,dt,52,medium,11182.57,1,16.26,1,0.007054,0.02
22,dt,53,medium,24501.49,1,16.79,0,0.005229,0.02
22,dt,54,medium,9740.54,1,16.96,0,0.006391,0.02
22,dt,55,high,1469.15,0,20.71,0,0.011275,0.03
22,dt,56,low,30979.81,1,22.82,0,0.002271,0.01
22,dt,57,high,7593.22,0,25.57,0,0.010727,0.03
22,dt,58,low,46462.59,1,21.08,0,0.003281,0.01
22,dt,59,low,65180.16,0,17.4,0,0.0024,0.01
22,dt,60,medium,7947.53,0,21.73,0,0.007102,0.02
22,dt,61,medium,13701.87,1,20.7,0,0.006578,0.02
22,dt,62,high,10113.96,0,19.65,0,0.009146,0.03
22,dt,63,low,30257.49,1,21.49,0,0.003719,0.01
22,dt,64,low,50048.92,1,23.32,0,0.002848,0.01
22,dt,65,medium,13701.16,0,23.73,0,0.00592,0.02
22,dt,66,low,40699.6,1,22.42,0,0.00325,0.01
22,dt,67,low,72372.5,1,22.38,0,0.002304,0.01
22,dt,68,low,50777.4,1,19.12,0,0.003372,0.01
22,dt,69,low,25210.68,0,16.94,1,0.002119,0.01
22,dt,70,high,7238.07,0,20.16,0,0.012606,0.03
22,dt,71,high,9393.28,0,21.63,0,0.011734,0.03
22,dt,72,medium,19101.16,0,21.89,0,0.00705,0.02
22,dt,73,low,35662.63,1,21.49,0,0.003377,0.01
22,dt,74,medium,8300.05,0,22.23,1,0.00638,0.02
22,dt,75,medium,13346.63,1,22.9,1,0.003686,0.02
22,dt,76,high,11915.15,0,17.01,0,0.011476,0.03
22,dt,77,medium,20905.21,1,17.7,1,0.005244,0.02
22,dt,78,high,9756.94,0,19.57,1,0.011637,0.03
22,dt,79,high,8311.12,0,24.22,0,0.010947,0.03
22,dt,80,high,17672.56,1,22.81,0,0.010454,0.03
22,dt,81,medium,6145.45,1,26.72,0,0.0055,0.02
22,dt,82,low,27377.38,1,16.51,0,0.002806,0.01
22,dt,83,high,9757.18,1,23.64,0,0.009696,0.03
22,dt,84,low,42133.53,1,22.89,0,0.003329,0.01
22,dt,85,high,2914.08,0,21.91,0,0.010078,0.03
22,dt,86,high,7952.83,0,19.97,1,0.008497,0.03
22,dt,87,medium,15507.99,1,24.14,1,0.00749,0.02
22,dt,88,medium,32776.45,1,23.3,0,0.005024,0.02
22,dt,89,medium,10817.87,1,21.37,0,0.004733,0.02
22,dt,90,medium,5061.54,0,23.69,0,0.006157,0.02
22,dt,91,high,12996.05,0,24.15,0,0.014088,0.03
22,dt,92,high,10473.57,0,22.24,0,0.011641,0.03
22,dt,93,low,28812.37,1,25.32,0,0.003919,0.01
22,dt,94,medium,20185.19,1,22.96,0,0.006534,0.02
22,dt,95,high,4715.97,0,23.14,0,0.010269,0.03
22,dt,96,medium,10108.36,0,23.49,0,0.005743,0.02
22,dt,97,high,5429.51,0,15.96,0,0.012675,0.03
22,dt,98,low,54735.42,1,19.13,0,0.00308,0.01
22,dt,99,high,8306.04,0,20.17,0,0.00858,0.03
22,dt,100,high,9754.14,0,15.82,1,0.00824,0.03
22,dt,101,high,1469.21,0,23.15,0,0.011228,0.03
22,dt,102,high,12273.26,0,22.21,1,0.008963,0.03
22,dt,103,medium,15865.23,1,20.53,0,0.005171,0.02
22,dt,104,high,6513.67,0,22.42,0,0.013969,0.03
22,dt,105,low,65181.87,1,18.35,0,0.00185,0.01
22,dt,106,high,3992.6,0,18.42,0,0.009812,0.03
22,dt,107,low,27374.75,1,21.69,0,0.002232,0.01
22,dt,108,low,71297.09,1,26.19,0,0.001982,0.01
22,dt,109,medium,15504.67,1,21.61,0,0.00532,0.02
22,dt,110,low,48619.61,1,26.37,0,0.003066,0.01
22,dt,111,high,7591.56,0,19.67,0,0.013374,0.03
22,dt,112,low,46822.34,0,21.45,0,0.002894,0.01
22,dt,113,low,34939.11,1,16.02,0,0.002458,0.01
22,dt,114,low,33492.1,1,25.09,1,0.003616,0.01
22,dt,115,low,23772.68,1,18.29,0,0.003255,0.01
22,dt,116,medium,19816.33,1,24.87,0,0.005586,0.02
22,dt,117,low,58328.67,1,24.08,0,0.002802,0.01
22,dt,118,high,7235.31,0,20.1,0,0.010466,0.03
22,dt,119,medium,21981.2,1,21.68,0,0.004556,0.02
23,dt,0,high,7235.81,0,23.19,1,0.009084,0.03
23,dt,1,high,2918.76,0,23.64,0,0.01098,0.03
23,dt,2,medium,21984.64,0,22.83,1,0.004674,0.02
23,dt,3,medium,15143.8,1,16.86,0,0.003784,0.02
23,dt,4,low,44660.47,1,25.01,0,0.002849,0.01
23,dt,5,low,53651.62,1,22.58,0,0.002474,0.01
23,dt,6,high,7233.31,0,24.12,0,0.012209,0.03
23,dt,7,low,49697.88,1,23.71,0,0.00221,0.01
23,dt,8,high,5434.67,0,19.55,0,0.01186,0.03
23,dt,9,low,39979.37,1,17.5,0,0.002042,0.01
23,dt,10,high,3632.01,0,20.12,0,0.013417,0.03
23,dt,11,low,36014.04,1,24.63,0,0.003869,0.01
23,dt,12,high,7594.68,0,20.46,1,0.011927,0.03
23,dt,13,low,29534.22,1,18.91,0,0.003862,0.01
23,dt,14,high,7948.06,0,21.22,0,0.010048,0.03
23,dt,15,high,5076.33,1,24.06,0,0.010643,0.03
23,dt,16,medium,21971.8,1,23.98,0,0.004868,0.02
23,dt,17,low,48622.22,1,16.57,0,0.003321,0.01
23,dt,18,low,51135.68,1,23.53,0,0.002699,0.01
23,dt,19,medium,17303.95,1,23.27,0,0.006923,0.02
23,dt,20,high,11188.99,0,20.59,0,0.012251,0.03
23,dt,21,medium,13706.2,1,17.17,0,0.005441,0.02
23,dt,22,high,8674.43,1,24.38,1,0.010232,0.03
23,dt,23,medium,10823.58,1,24.22,0,0.005182,0.02
23,dt,24,low,49702.32,1,24.37,1,0.002951,0.01
23,dt,25,high,4721.92,0,23.74,0,0.009097,0.03
23,dt,26,high,6513.74,1,20.8,0,0.012065,0.03
23,dt,27,high,3626.48,0,21.3,1,0.011067,0.03
23,dt,28,low,47536.53,1,23.72,1,0.002699,0.01
23,dt,29,medium,7935.29,1,18.47,0,0.005498,0.02
23,dt,30,high,8675.17,0,21.11,1,0.011112,0.03
23,dt,31,low,46822.73,1,15.12,0,0.002886,0.01
23,dt,32,low,33134.12,1,23.67,0,0.003649,0.01
23,dt,33,medium,25586.65,1,24.19,0,0.00437,0.02
23,dt,34,medium,16580.48,1,16.02,0,0.004924,0.02
23,dt,35,medium,14779.51,1,22.37,1,0.006553,0.02
23,dt,36,medium,13347.42,1,20.88,0,0.006909,0.02
23,dt,37,medium,13702.91,1,24.38,0,0.005007,0.02
23,dt,38,high,7591.18,0,18.23,0,0.01129,0.03
23,dt,39,medium,22710.52,1,15.88,0,0.006235,0.02
23,dt,40,low,44300.61,1,24.4,0,0.003139,0.01
23,dt,41,low,37455.27,1,16.48,0,0.003074,0.01
23,dt,42,high,9390.28,1,25.76,0,0.009688,0.03
23,dt,43,high,2558.96,1,27.13,1,0.009066,0.03
23,dt,44,high,8315.63,1,19.45,1,0.011422,0.03
23,dt,45,high,17667.79,0,19.68,0,0.010285,0.03
23,dt,46,medium,15147.84,1,23.13,0,0.006466,0.02
23,dt,47,low,38184.56,1,19.94,0,0.002736,0.01
23,dt,48,medium,19824.62,0,24.03,1,0.007807,0.02
23,dt,49,high,5799.56,0,20.78,0,0.011214,0.03
23,dt,50,low,53656.92,1,20.8,0,0.002682,0.01
23,dt,51,medium,11539.67,0,24.71,0,0.006529,0.02
23,dt,52,medium,18384.55,0,18.99,0,0.007539,0.02
23,dt,53,medium,18383.99,0,19.47,0,0.007726,0.02
23,dt,54,medium,22707.33,1,17.03,0,0.005958,0.02
23,dt,55,medium,25935.24,0,18.79,0,0.006613,0.02
23,dt,56,low,30253.97,1,17.56,0,0.003203,0.01
23,dt,57,high,3630.82,0,18.59,0,0.01223,0.03
23,dt,58,medium,11906.17,0,14.71,0,0.005699,0.02
23,dt,59,low,39976.56,1,18.25,1,0.003502,0.01
23,dt,60,medium,26669.38,1,17.58,0,0.006408,0.02
23,dt,61,medium,6503.96,0,20.75,1,0.006567,0.02
23,dt,62,low,41778.81,1,15.7,1,0.003314,0.01
23,dt,63,medium,9385.15,1,19.98,1,0.004593,0.02
23,dt,64,high,3276.28,0,20.62,0,0.010985,0.03
23,dt,65,medium,13701.82,1,20.61,1,0.004188,0.02
23,dt,66,low,47171.57,1,21.03,0,0.003166,0.01
23,dt,67,high,1833.93,0,19.06,0,0.012821,0.03
23,dt,68,low,50426.71,1,22.93,0,0.002807,0.01
23,dt,69,high,5073.48,0,20.22,0,0.013683,0.03
23,dt,70,low,45379.3,1,20.43,0,0.003885,0.01
23,dt,71,low,42135.74,1,19.28,0,0.00279,0.01
23,dt,72,low,26299.34,1,12.95,0,0.003229,0.01
23,dt,73,medium,11897.19,0,24.84,0,0.006011,0.02
23,dt,74,high,11555.39,0,17.99,0,0.012286,0.03
23,dt,75,medium,18747.48,1,22.55,0,0.005011,0.02
23,dt,76,high,3270.66,0,24.7,0,0.009505,0.03
23,dt,77,medium,14066.35,1,15.0,0,0.006958,0.02
23,dt,78,medium,8662.4,1,23.58,0,0.004668,0.02
23,dt,79,medium,13699.6,1,28.43,0,0.008147,0.02
23,dt,80,medium,5783.67,0,19.6,0,0.004503,0.02
23,dt,81,medium,19466.46,0,18.37,0,0.004953,0.02
23,dt,82,high,1832.0,0,21.03,0,0.014236,0.03
23,dt,83,low,40335.37,1,21.99,0,0.003267,0.01
23,dt,84,high,5439.55,0,21.42,0,0.012082,0.03
23,dt,85,high,6877.56,1,18.5,1,0.008768,0.03
23,dt,86,low,42503.82,1,19.13,0,0.003346,0.01
23,dt,87,medium,22344.91,0,24.43,0,0.005979,0.02
23,dt,88,high,6154.24,1,19.31,1,0.009324,0.03
23,dt,89,high,5786.73,0,20.39,0,0.015353,0.03
23,dt,90,high,8314.44,0,22.89,0,0.012876,0.03
23,dt,91,medium,10818.12,0,21.8,0,0.004455,0.02
23,dt,92,low,53659.08,1,23.63,1,0.002312,0.01
23,dt,93,high,6502.03,0,17.21,0,0.009831,0.03
23,dt,94,medium,23427.91,1,23.55,1,0.004962,0.02
23,dt,95,medium,17297.49,1,19.81,0,0.007732,0.02
23,dt,96,low,57618.47,1,21.94,0,0.002902,0.01
23,dt,97,high,9032.11,0,21.11,0,0.012859,0.03
23,dt,98,high,13351.54,0,24.24,0,0.011685,0.03
23,dt,99,high,11545.76,0,18.11,0,0.013053,0.03
23,dt,100,medium,14795.84,1,25.87,0,0.006626,0.02
23,dt,101,medium,21260.04,0,16.72,1,0.004637,0.02
23,dt,102,high,9754.25,0,25.25,0,0.011148,0.03
23,dt,103,medium,18378.79,1,23.41,0,0.005806,0.02
23,dt,104,low,47176.21,1,19.75,0,0.002784,0.01
23,dt,105,high,11546.94,0,22.45,0,0.012055,0.03
23,dt,106,low,34930.83,1,19.72,0,0.004136,0.01
23,dt,107,medium,12627.7,1,22.9,1,0.007703,0.02
23,dt,108,low,54014.86,1,21.05,0,0.002437,0.01
23,dt,109,medium,15497.41,1,23.09,0,0.007833,0.02
23,dt,110,high,7589.22,1,19.25,1,0.010944,0.03
23,dt,111,low,49341.8,0,28.23,1,0.002629,0.01
23,dt,112,medium,31701.43,0,18.44,1,0.004884,0.02
23,dt,113,medium,11190.29,1,25.18,0,0.004814,0.02
23,dt,114,high,4357.42,1,19.93,0,0.014287,0.03
23,dt,115,low,12982.15,0,23.29,1,0.002991,0.01
23,dt,116,low,32423.12,1,21.39,0,0.003375,0.01
23,dt,117,medium,23786.8,0,15.6,0,0.006593,0.02
23,dt,118,low,34580.89,1,19.46,0,0.002522,0.01
23,dt,119,low,59056.4,1,22.57,0,0.00261,0.01
24,dt,0,high,4719.75,0,18.93,0,0.01266,0.03
24,dt,1,medium,10820.54,0,22.12,0,0.005113,0.02
24,dt,2,high,8668.36,0,18.02,1,0.013536,0.03
24,dt,3,high,6520.52,1,23.87,0,0.010022,0.03
24,dt,4,high,7949.42,0,19.35,1,0.012571,0.03
24,dt,5,medium,11901.56,0,25.05,0,0.006732,0.02
24,dt,6,low,44658.0,1,19.07,0,0.003228,0.01
24,dt,7,high,6510.54,0,20.63,0,0.010446,0.03
24,dt,8,high,4353.08,0,25.48,0,0.011042,0.03
24,dt,9,medium,8299.18,1,19.52,0,0.007724,0.02
24,dt,10,high,6160.5,0,21.82,0,0.012081,0.03
24,dt,11,high,11551.53,1,20.78,0,0.015327,0.03
24,dt,12,medium,19105.46,0,18.74,0,0.005872,0.02
24,dt,13,medium,12975.54,0,24.66,0,0.005823,0.02
24,dt,14,low,36375.43,1,19.65,0,0.004138,0.01
24,dt,15,high,3990.66,1,25.03,1,0.012373,0.03
24,dt,16,low,50415.95,1,21.42,0,0.002935,0.01
24,dt,17,low,26664.24,1,15.67,0,0.003015,0.01
24,dt,18,low,38894.19,1,19.93,0,0.002846,0.01
24,dt,19,medium,24870.55,0,17.78,0,0.006022,0.02
24,dt,20,high,5790.89,0,13.58,0,0.009599,0.03
24,dt,21,high,5788.24,0,25.6,0,0.012308,0.03
24,dt,22,high,11556.66,0,18.84,0,0.010045,0.03
24,dt,23,high,6875.75,1,19.92,0,0.00876,0.03
24,dt,24,low,46098.88,1,18.42,0,0.002881,0.01
24,dt,25,low,49341.65,1,24.31,1,0.002898,0.01
24,dt,26,low,38539.76,1,21.5,0,0.002785,0.01
24,dt,27,high,9030.66,0,23.94,0,0.010469,0.03
24,dt,28,high,14069.35,0,26.53,0,0.01272,0.03
24,dt,29,high,9399.45,1,20.9,1,0.008073,0.03
24,dt,30,low,38888.0,0,15.5,0,0.003235,0.01
24,dt,31,high,5067.81,0,25.55,0,0.01218,0.03
24,dt,32,high,6874.11,0,16.97,0,0.010177,0.03
24,dt,33,high,14429.36,0,21.17,0,0.010201,0.03
24,dt,34,low,55453.76,1,18.38,0,0.002476,0.01
24,dt,35,medium,11904.3,0,21.52,0,0.008001,0.02
24,dt,36,high,3269.57,0,29.58,0,0.013384,0.03
24,dt,37,high,2548.35,0,18.33,0,0.012148,0.03
24,dt,38,low,37090.63,1,17.77,0,0.002573,0.01
24,dt,39,high,8672.56,0,20.32,0,0.010514,0.03
24,dt,40,medium,22702.43,1,17.93,0,0.004463,0.02
24,dt,41,low,56534.34,0,25.58,0,0.002998,0.01
24,dt,42,low,54017.91,1,20.08,0,0.002671,0.01
24,dt,43,medium,20185.89,0,19.89,1,0.005712,0.02
24,dt,44,medium,9747.2,1,22.61,0,0.005656,0.02
24,dt,45,high,8673.09,0,19.46,0,0.011617,0.03
24,dt,46,low,52936.21,1,26.11,0,0.00318,0.01
24,dt,47,high,10836.69,1,23.47,0,0.009187,0.03
24,dt,48,high,5077.62,0,20.25,0,0.009007,0.03
24,dt,49,medium,14052.47,1,27.47,0,0.006196,0.02
24,dt,50,low,56169.0,1,19.65,0,0.003065,0.01
24,dt,51,low,42855.7,1,20.22,1,0.003291,0.01
24,dt,52,low,26663.39,1,23.27,0,0.003471,0.01
24,dt,53,medium,13339.75,1,22.5,0,0.006751,0.02
24,dt,54,low,52944.07,0,19.91,0,0.003026,0.01
24,dt,55,high,2557.47,0,23.73,0,0.010617,0.03
24,dt,56,high,6867.85,0,17.61,0,0.010863,0.03
24,dt,57,high,5793.84,1,19.45,0,0.013419,0.03
24,dt,58,medium,11183.73,0,24.35,0,0.009155,0.02
24,dt,59,high,4348.3,0,19.75,0,0.013503,0.03
24,dt,60,high,11906.48,0,24.95,0,0.015592,0.03
24,dt,61,high,5790.36,0,24.91,0,0.015638,0.03
24,dt,62,high,9752.3,0,30.05,0,0.009158,0.03
24,dt,63,high,5066.56,1,24.3,0,0.008093,0.03
24,dt,64,high,2909.2,0,15.91,0,0.014564,0.03
24,dt,65,high,10107.82,0,22.98,0,0.015299,0.03
24,dt,66,high,3274.38,0,24.53,0,0.012439,0.03
24,dt,67,low,38178.33,1,16.4,0,0.00308,0.01
24,dt,68,low,33857.47,1,19.25,0,0.003055,0.01
24,dt,69,high,3989.39,1,19.56,1,0.007592,0.03
24,dt,70,medium,2181.68,0,24.28,0,0.007118,0.02
24,dt,71,medium,20541.45,1,22.17,0,0.006031,0.02
24,dt,72,high,4349.69,1,17.78,0,0.013103,0.03
24,dt,73,high,10827.26,1,21.64,0,0.010337,0.03
24,dt,74,medium,10459.4,1,21.48,0,0.007453,0.02
24,dt,75,high,4361.07,0,22.42,0,0.015958,0.03
24,dt,76,high,5068.78,0,13.74,0,0.011964,0.03
24,dt,77,medium,21263.23,0,22.96,0,0.006366,0.02
24,dt,78,high,6157.96,0,25.35,0,0.0146,0.03
24,dt,79,low,35663.32,1,23.77,1,0.003279,0.01
24,dt,80,high,7954.12,0,25.17,0,0.014784,0.03
24,dt,81,medium,8664.93,1,24.93,0,0.005492,0.02
24,dt,82,low,46813.93,0,18.23,0,0.001673,0.01
24,dt,83,high,3265.27,1,18.19,0,0.012427,0.03
24,dt,84,high,7954.6,0,26.96,0,0.009859,0.03
24,dt,85,high,11552.79,0,20.74,0,0.012135,0.03
24,dt,86,high,3637.36,0,18.42,0,0.012263,0.03
24,dt,87,medium,18746.04,1,18.07,0,0.006297,0.02
24,dt,88,low,38180.86,0,23.12,0,0.003846,0.01
24,dt,89,high,4351.96,0,24.36,0,0.011787,0.03
24,dt,90,medium,18379.57,1,19.41,0,0.007281,0.02
24,dt,91,high,7230.63,0,22.82,0,0.009107,0.03
24,dt,92,medium,13695.45,1,25.5,0,0.00554,0.02
24,dt,93,high,6514.54,0,16.11,0,0.009748,0.03
24,dt,94,high,4707.52,1,20.13,0,0.012592,0.03
24,dt,95,low,34212.14,1,22.0,1,0.002978,0.01
24,dt,96,medium,15859.72,0,17.81,0,0.00586,0.02
24,dt,97,high,11913.38,0,20.27,0,0.013205,0.03
24,dt,98,medium,18382.58,1,20.32,0,0.004593,0.02
24,dt,99,high,7593.77,1,21.51,1,0.012779,0.03
24,dt,100,low,42133.52,1,23.66,0,0.003235,0.01
24,dt,101,high,4347.61,0,18.83,0,0.011437,0.03
24,dt,102,low,48616.7,1,21.79,1,0.00248,0.01
24,dt,103,medium,18383.81,1,19.02,0,0.004107,0.02
24,dt,104,low,33860.93,1,20.93,0,0.004263,0.01
24,dt,105,high,7591.43,1,17.95,0,0.011352,0.03
24,dt,106,high,5789.92,0,26.8,0,0.015791,0.03
24,dt,107,medium,12621.48,0,16.78,0,0.006118,0.02
24,dt,108,low,58337.24,0,21.79,0,0.002597,0.01
24,dt,109,low,79939.54,1,19.1,0,0.002168,0.01
24,dt,110,medium,12266.39,1,31.63,0,0.004535,0.02
24,dt,111,high,9032.93,0,22.35,0,0.010947,0.03
24,dt,112,medium,5781.62,0,26.62,0,0.006374,0.02
24,dt,113,low,35300.6,1,22.89,0,0.004166,0.01
24,dt,114,medium,16221.28,1,21.53,0,0.005716,0.02
24,dt,115,medium,6862.76,1,17.29,0,0.005378,0.02
24,dt,116,high,8312.02,1,25.57,0,0.011476,0.03
24,dt,117,medium,20546.89,1,21.73,0,0.00684,0.02
24,dt,118,low,60137.61,1,19.69,0,0.002703,0.01
24,dt,119,high,6156.69,1,21.65,0,0.013392,0.03
25,dt,0,low,34211.36,1,18.08,1,0.003329,0.01
25,dt,1,high,7232.88,1,18.76,0,0.009724,0.03
25,dt,2,low,37470.47,1,16.04,0,0.002853,0.01
25,dt,3,medium,23787.81,0,22.9,0,0.006381,0.02
25,dt,4,medium,15139.55,0,23.16,0,0.006729,0.02
25,dt,5,high,5798.61,1,20.87,0,0.010703,0.03
25,dt,6,high,16948.4,0,21.79,0,0.008201,0.03
25,dt,7,medium,14418.8,1,24.53,0,0.007019,0.02
25,dt,8,medium,12258.6,0,24.39,0,0.007232,0.02
25,dt,9,high,8677.58,0,24.52,0,0.012103,0.03
25,dt,10,medium,10102.43,1,25.88,0,0.005423,0.02
25,dt,11,low,37814.9,1,23.24,0,0.003577,0.01
25,dt,12,high,5073.71,0,27.61,0,0.013191,0.03
25,dt,13,medium,18386.14,1,18.35,0,0.006003,0.02
25,dt,14,high,10477.34,0,17.21,0,0.008482,0.03
25,dt,15,high,15512.96,0,20.97,0,0.009438,0.03
25,dt,16,high,3632.99,0,21.94,1,0.014254,0.03
25,dt,17,medium,11897.75,1,23.54,0,0.00495,0.02
25,dt,18,medium,20539.67,1,19.68,0,0.004554,0.02
25,dt,19,high,1839.72,0,18.49,1,0.014201,0.03
25,dt,20,high,4356.14,1,21.96,0,0.010076,0.03
25,dt,21,medium,11187.18,1,18.53,0,0.007863,0.02
25,dt,22,medium,9381.5,1,24.09,0,0.005738,0.02
25,dt,23,medium,16222.17,0,20.15,1,0.006172,0.02
25,dt,24,medium,25227.53,1,21.87,1,0.0069,0.02
25,dt,25,medium,18736.9,0,21.23,0,0.007437,0.02
25,dt,26,high,3275.76,0,21.16,0,0.013517,0.03
25,dt,27,medium,15860.96,0,17.71,0,0.006334,0.02
25,dt,28,medium,19096.72,0,21.13,0,0.00628,0.02
25,dt,29,medium,12621.91,1,20.47,0,0.00702,0.02
25,dt,30,medium,20542.24,0,23.14,0,0.006225,0.02
25,dt,31,high,2195.54,0,26.77,1,0.010593,0.03
25,dt,32,low,32413.08,1,12.96,0,0.003237,0.01
25,dt,33,medium,19099.23,1,23.31,0,0.006803,0.02
25,dt,34,high,3265.54,1,22.96,0,0.015086,0.03
25,dt,35,high,8310.95,1,25.76,0,0.013724,0.03
25,dt,36,low,47179.42,1,21.39,1,0.003147,0.01
25,dt,37,high,9753.98,0,22.83,0,0.014109,0.03
25,dt,38,medium,18380.18,0,14.11,1,0.007091,0.02
25,dt,39,medium,6866.52,0,23.0,0,0.003378,0.02
25,dt,40,high,5073.28,1,25.35,0,0.007827,0.03
25,dt,41,medium,21271.27,0,19.11,0,0.005067,0.02
25,dt,42,high,6511.56,0,27.02,0,0.015361,0.03
25,dt,43,low,37818.39,1,25.51,0,0.002858,0.01
25,dt,44,high,6512.96,1,17.62,0,0.011897,0.03
25,dt,45,high,4710.68,0,18.14,0,0.011416,0.03
25,dt,46,high,12995.42,0,15.91,0,0.014096,0.03
25,dt,47,high,2549.96,1,23.8,0,0.010853,0.03
25,dt,48,medium,20905.99,1,21.58,0,0.005541,0.02
25,dt,49,high,3279.26,0,22.57,0,0.008238,0.03
25,dt,50,low,41416.59,0,23.33,0,0.002208,0.01
25,dt,51,low,45741.67,1,19.62,0,0.003328,0.01
25,dt,52,medium,18390.62,1,21.51,0,0.004453,0.02
25,dt,53,high,12274.13,1,21.53,1,0.011672,0.03
25,dt,54,low,50426.54,1,17.6,0,0.002684,0.01
25,dt,55,low,70580.91,1,21.78,0,0.001576,0.01
25,dt,56,high,15152.3,0,23.55,0,0.011795,0.03
25,dt,57,high,6511.16,1,22.56,0,0.013111,0.03
25,dt,58,high,15875.23,0,23.33,0,0.008708,0.03
25,dt,59,high,9031.78,0,20.38,0,0.015018,0.03
25,dt,60,medium,10823.78,1,17.36,1,0.005212,0.02
25,dt,61,low,45747.56,1,20.23,0,0.003571,0.01
25,dt,62,medium,17660.6,1,18.57,0,0.005123,0.02
25,dt,63,medium,26662.66,0,22.4,0,0.006005,0.02
25,dt,64,high,6518.38,0,18.49,0,0.013916,0.03
25,dt,65,high,4358.75,0,17.36,1,0.015995,0.03
25,dt,66,medium,22700.94,1,14.84,0,0.005628,0.02
25,dt,67,high,11193.33,1,23.94,0,0.014771,0.03
25,dt,68,medium,13699.95,1,22.87,0,0.005343,0.02
25,dt,69,medium,18021.72,1,19.17,0,0.006106,0.02
25,dt,70,medium,14777.39,0,23.42,1,0.00689,0.02
25,dt,71,high,6150.66,0,18.61,0,0.014137,0.03
25,dt,72,high,4352.64,1,19.81,0,0.014353,0.03
25,dt,73,low,39621.13,1,16.74,0,0.003218,0.01
25,dt,74,medium,19814.33,1,24.31,0,0.006336,0.02
25,dt,75,medium,14425.6,1,19.27,0,0.005752,0.02
25,dt,76,high,4356.25,0,24.02,0,0.011526,0.03
25,dt,77,high,9028.75,0,24.16,0,0.009245,0.03
25,dt,78,low,40695.0,1,16.93,0,0.003637,0.01
25,dt,79,low,46100.94,1,22.77,0,0.003577,0.01
25,dt,80,medium,20541.82,1,21.5,1,0.005832,0.02
25,dt,81,medium,12622.87,1,22.21,0,0.006193,0.02
25,dt,82,low,52580.42,1,20.95,0,0.002775,0.01
25,dt,83,medium,14777.17,1,16.94,0,0.006709,0.02
25,dt,84,medium,31706.95,1,21.7,0,0.003683,0.02
25,dt,85,high,5073.88,1,13.36,0,0.013147,0.03
25,dt,86,low,35654.99,1,17.65,0,0.003526,0.01
25,dt,87,medium,10466.36,1,22.61,0,0.007297,0.02
25,dt,88,high,5795.7,0,20.57,0,0.011589,0.03
25,dt,89,high,2912.07,0,21.74,0,0.011001,0.03
25,dt,90,high,7231.09,1,24.58,1,0.011652,0.03
25,dt,91,medium,18027.04,1,24.27,0,0.004951,0.02
25,dt,92,high,7591.93,0,21.06,0,0.015066,0.03
25,dt,93,low,31339.5,1,25.57,0,0.002509,0.01
25,dt,94,low,43932.02,0,17.42,0,0.003735,0.01
25,dt,95,high,3996.8,0,26.91,0,0.015617,0.03
25,dt,96,low,43578.8,1,18.63,0,0.003006,0.01
25,dt,97,low,47173.03,1,19.04,0,0.00262,0.01
25,dt,98,high,5793.73,1,18.52,0,0.01112,0.03
25,dt,99,medium,29902.3,0,22.83,0,0.005969,0.02
25,dt,100,low,64098.63,1,19.49,0,0.002342,0.01
25,dt,101,medium,19474.13,0,23.72,0,0.004172,0.02
25,dt,102,high,5797.24,0,20.99,0,0.012189,0.03
25,dt,103,low,55815.84,1,22.84,1,0.002554,0.01
25,dt,104,high,12986.82,0,27.6,0,0.011883,0.03
25,dt,105,low,53662.89,1,21.19,1,0.003202,0.01
25,dt,106,low,43941.34,1,17.89,0,0.003076,0.01
25,dt,107,low,34569.84,1,21.99,0,0.004453,0.01
25,dt,108,medium,12260.47,0,23.46,0,0.007548,0.02
25,dt,109,high,10829.32,0,16.14,0,0.013488,0.03
25,dt,110,high,5783.79,0,20.36,1,0.015421,0.03
25,dt,111,medium,23064.52,0,26.36,0,0.005773,0.02
25,dt,112,high,2553.63,1,22.34,0,0.009293,0.03
25,dt,113,medium,11896.23,1,18.55,0,0.006657,0.02
25,dt,114,low,70933.41,1,16.34,0,0.002107,0.01
25,dt,115,low,50063.7,1,21.97,0,0.002866,0.01
25,dt,116,medium,17305.83,0,22.55,0,0.007453,0.02
25,dt,117,low,49696.69,1,21.8,0,0.002806,0.01
25,dt,118,high,7947.65,0,22.74,0,0.01391,0.03
25,dt,119,high,6873.52,0,19.37,0,0.008678,0.03
26,dt,0,low,36373.16,0,17.11,0,0.003094,0.01
26,dt,1,high,5794.45,0,19.3,0,0.012891,0.03
26,dt,2,low,39616.41,1,18.53,0,0.003016,0.01
26,dt,3,medium,15140.7,0,17.04,0,0.006513,0.02
26,dt,4,low,37465.61,1,15.44,0,0.003167,0.01
26,dt,5,low,47171.87,1,22.19,0,0.003094,0.01
26,dt,6,medium,12983.81,0,25.61,0,0.004734,0.02
26,dt,7,high,14789.74,0,15.71,0,0.012314,0.03
26,dt,8,high,8315.04,0,22.3,1,0.013683,0.03
26,dt,9,high,7949.44,0,23.53,1,0.011463,0.03
26,dt,10,high,6151.64,0,22.37,0,0.012298,0.03
26,dt,11,low,48614.24,1,23.89,0,0.003458,0.01
26,dt,12,high,6872.07,0,15.55,0,0.010092,0.03
26,dt,13,high,5434.31,1,20.79,0,0.011226,0.03
26,dt,14,low,47182.17,1,16.61,0,0.002914,0.01
26,dt,15,high,5075.51,0,23.44,1,0.012685,0.03
26,dt,16,medium,20898.63,1,20.4,0,0.006366,0.02
26,dt,17,low,67335.72,1,15.53,0,0.00231,0.01
26,dt,18,low,40339.04,0,20.84,0,0.003306,0.01
26,dt,19,medium,13345.03,0,20.21,0,0.007589,0.02
26,dt,20,medium,11184.62,1,22.24,0,0.005317,0.02
26,dt,21,low,55813.68,1,21.56,0,0.002998,0.01
26,dt,22,medium,25584.14,1,25.21,0,0.003728,0.02
26,dt,23,low,39615.09,1,18.15,0,0.002885,0.01
26,dt,24,low,41051.27,1,19.82,0,0.003149,0.01
26,dt,25,medium,19824.64,1,19.47,0,0.004305,0.02
26,dt,26,low,47173.62,0,19.23,0,0.002983,0.01
26,dt,27,high,3272.4,0,19.84,0,0.012647,0.03
26,dt,28,high,4708.29,0,16.26,0,0.019447,0.03
26,dt,29,low,51136.71,1,22.24,0,0.002919,0.01
26,dt,30,high,8316.39,0,20.81,0,0.012046,0.03
26,dt,31,low,56171.66,0,23.88,0,0.002402,0.01
26,dt,32,medium,5418.79,1,18.93,0,0.008116,0.02
26,dt,33,low,57620.88,1,25.2,0,0.00274,0.01
26,dt,34,high,7946.79,1,25.02,0,0.011829,0.03
26,dt,35,low,38180.03,1,25.2,0,0.003746,0.01
26,dt,36,high,11559.89,1,23.5,0,0.015195,0.03
26,dt,37,high,8311.13,0,18.82,0,0.012733,0.03
26,dt,38,low,43579.12,1,24.3,0,0.003088,0.01
26,dt,39,low,61590.3,1,15.14,0,0.002431,0.01
26,dt,40,high,8315.04,0,20.85,0,0.012496,0.03
26,dt,41,low,63734.87,1,24.41,0,0.002694,0.01
26,dt,42,medium,11541.8,0,16.82,0,0.004849,0.02
26,dt,43,low,48620.42,1,18.1,0,0.003455,0.01
26,dt,44,high,11193.98,1,23.45,0,0.009933,0.03
26,dt,45,high,7954.26,1,16.19,0,0.010637,0.03
26,dt,46,medium,7226.51,0,22.0,1,0.006016,0.02
26,dt,47,medium,24865.4,1,15.46,0,0.005139,0.02
26,dt,48,high,9387.9,0,26.09,1,0.010367,0.03
26,dt,49,medium,17665.54,0,21.23,0,0.005567,0.02
26,dt,50,medium,20540.13,0,15.98,1,0.005427,0.02
26,dt,51,high,5438.29,0,20.16,0,0.013923,0.03
26,dt,52,medium,28818.93,1,18.21,0,0.004846,0.02
26,dt,53,high,6867.2,1,19.69,0,0.011767,0.03
26,dt,54,medium,31697.81,1,23.01,1,0.00518,0.02
26,dt,55,medium,13345.55,1,18.51,0,0.005631,0.02
26,dt,56,medium,25588.07,1,19.74,0,0.006423,0.02
26,dt,57,high,3635.78,0,20.78,0,0.011109,0.03
26,dt,58,high,3991.7,0,20.02,0,0.01491,0.03
26,dt,59,medium,13707.02,0,24.19,1,0.005332,0.02
26,dt,60,medium,12987.17,1,19.48,0,0.002953,0.02
26,dt,61,high,3988.64,0,24.5,0,0.013102,0.03
26,dt,62,medium,18022.59,0,16.89,0,0.006166,0.02
26,dt,63,low,32417.94,1,20.43,0,0.003971,0.01
26,dt,64,medium,10821.39,1,21.58,1,0.006072,0.02
26,dt,65,high,9391.74,0,25.3,0,0.010972,0.03
26,dt,66,low,42135.94,1,21.06,0,0.003414,0.01
26,dt,67,medium,29549.24,0,21.39,0,0.005074,0.02
26,dt,68,low,44292.04,1,18.05,0,0.003456,0.01
26,dt,69,low,39974.4,1,19.96,0,0.002851,0.01
26,dt,70,medium,10816.74,1,19.78,0,0.005838,0.02
26,dt,71,low,51857.19,1,27.8,0,0.002667,0.01
26,dt,72,high,6871.78,0,21.17,0,0.012604,0.03
26,dt,73,high,7951.48,0,20.81,0,0.01011,0.03
26,dt,74,low,29899.07,1,22.06,0,0.003675,0.01
26,dt,75,low,46458.28,1,22.09,0,0.003593,0.01
26,dt,76,high,3633.45,1,21.7,0,0.011633,0.03
26,dt,77,low,45015.82,1,17.23,0,0.003352,0.01
26,dt,78,medium,18739.87,1,17.27,0,0.006061,0.02
26,dt,79,high,7955.0,0,22.75,1,0.010048,0.03
26,dt,80,high,4358.37,0,24.16,0,0.014694,0.03
26,dt,81,high,10834.24,1,24.29,0,0.012197,0.03
26,dt,82,medium,7583.62,1,21.32,0,0.005925,0.02
26,dt,83,medium,9385.04,1,22.05,0,0.007254,0.02
26,dt,84,low,34575.07,0,19.85,0,0.003393,0.01
26,dt,85,medium,16578.83,0,17.18,1,0.00565,0.02
26,dt,86,low,37817.65,1,20.81,1,0.002845,0.01
26,dt,87,medium,29180.58,0,16.0,0,0.005772,0.02
26,dt,88,medium,6499.08,1,22.62,0,0.005629,0.02
26,dt,89,high,9394.77,0,22.11,0,0.012415,0.03
26,dt,90,medium,9393.92,1,26.91,0,0.006146,0.02
26,dt,91,medium,20908.45,1,22.3,0,0.005813,0.02
26,dt,92,low,48980.22,1,17.61,0,0.002939,0.01
26,dt,93,medium,11182.45,1,24.6,0,0.006478,0.02
26,dt,94,high,7586.93,0,22.0,1,0.00907,0.03
26,dt,95,low,45731.06,1,17.28,0,0.00253,0.01
26,dt,96,medium,14427.85,1,18.58,0,0.006001,0.02
26,dt,97,medium,11901.62,1,17.69,0,0.005954,0.02
26,dt,98,high,1833.56,0,18.57,0,0.008772,0.03
26,dt,99,medium,10820.17,1,20.57,0,0.005978,0.02
26,dt,100,high,6159.57,0,20.25,0,0.01199,0.03
26,dt,101,high,2187.63,0,23.01,1,0.011501,0.03
26,dt,102,low,61225.81,1,24.91,0,0.002816,0.01
26,dt,103,low,36373.91,0,23.06,0,0.002814,0.01
26,dt,104,high,3264.39,0,18.81,1,0.010062,0.03
26,dt,105,low,40341.24,1,19.08,0,0.004187,0.01
26,dt,106,high,7955.25,0,26.06,1,0.015659,0.03
26,dt,107,high,7592.84,0,24.24,0,0.008397,0.03
26,dt,108,medium,28106.55,1,25.72,0,0.00483,0.02
26,dt,109,high,7947.66,0,22.97,0,0.010751,0.03
26,dt,110,medium,22346.09,1,19.54,0,0.005969,0.02
26,dt,111,low,54736.05,1,19.86,1,0.002877,0.01
26,dt,112,high,6158.01,0,22.04,0,0.010585,0.03
26,dt,113,medium,19458.24,1,18.57,0,0.006495,0.02
26,dt,114,high,10108.39,0,22.88,0,0.012586,0.03
26,dt,115,medium,20906.93,0,21.59,1,0.004445,0.02
26,dt,116,high,7600.06,0,22.64,0,0.011676,0.03
26,dt,117,high,12277.4,0,21.74,1,0.009204,0.03
26,dt,118,medium,16947.68,0,23.7,0,0.00663,0.02
26,dt,119,high,3989.26,0,22.27,0,0.013544,0.03
27,dt,0,medium,25584.42,0,17.62,1,0.00652,0.02
27,dt,1,high,6509.67,0,24.25,0,0.014101,0.03
27,dt,2,low,52572.59,1,18.82,1,0.002568,0.01
27,dt,3,medium,22704.26,0,18.37,1,0.005857,0.02
27,dt,4,medium,7948.18,0,21.63,0,0.007664,0.02
27,dt,5,high,4713.57,1,18.39,0,0.012503,0.03
27,dt,6,high,6509.69,0,24.98,1,0.014427,0.03
27,dt,7,low,54730.34,0,21.71,0,0.002528,0.01
27,dt,8,high,7950.08,0,20.95,1,0.012113,0.03
27,dt,9,medium,14430.54,0,21.91,1,0.004843,0.02
27,dt,10,medium,11181.53,0,20.58,0,0.006077,0.02
27,dt,11,medium,8659.79,1,24.01,0,0.005935,0.02
27,dt,12,low,34936.27,1,17.12,0,0.003945,0.01
27,dt,13,low,59780.03,1,17.69,0,0.002988,0.01
27,dt,14,medium,11897.19,0,20.91,1,0.004671,0.02
27,dt,15,medium,18378.69,1,22.11,0,0.006828,0.02
27,dt,16,low,36374.58,1,20.31,0,0.00335,0.01
27,dt,17,medium,10100.7,1,20.15,0,0.005352,0.02
27,dt,18,high,6882.69,0,23.0,0,0.013793,0.03
27,dt,19,low,23424.79,1,21.82,0,0.002942,0.01
27,dt,20,medium,6505.34,1,23.51,0,0.004959,0.02
27,dt,21,medium,32062.54,1,22.63,0,0.004322,0.02
27,dt,22,low,48978.62,1,20.51,0,0.00359,0.01
27,dt,23,low,47895.89,1,21.9,1,0.003507,0.01
27,dt,24,medium,12267.49,0,19.65,0,0.005289,0.02
27,dt,25,medium,14782.03,1,21.21,0,0.005556,0.02
27,dt,26,high,5070.33,0,23.67,0,0.010972,0.03
27,dt,27,high,6510.9,0,21.58,0,0.012823,0.03
27,dt,28,medium,20537.97,0,18.93,0,0.005283,0.02
27,dt,29,low,31333.37,1,21.94,0,0.003456,0.01
27,dt,30,low,68774.79,0,17.55,0,0.002408,0.01
27,dt,31,low,33496.68,1,24.49,0,0.003127,0.01
27,dt,32,high,5793.56,0,20.66,0,0.008686,0.03
27,dt,33,high,5423.06,0,17.89,1,0.012531,0.03
27,dt,34,medium,20184.77,1,19.05,0,0.00702,0.02
27,dt,35,high,11194.08,1,21.43,0,0.013481,0.03
27,dt,36,low,47539.73,1,21.4,0,0.002951,0.01
27,dt,37,high,14441.95,0,24.73,0,0.012671,0.03
27,dt,38,medium,8660.08,0,22.77,0,0.006943,0.02
27,dt,39,high,6869.8,0,21.53,0,0.012494,0.03
27,dt,40,medium,5785.72,0,21.65,0,0.006803,0.02
27,dt,41,medium,7225.23,1,27.99,0,0.006457,0.02
27,dt,42,low,34579.59,1,21.46,0,0.003399,0.01
27,dt,43,medium,10111.06,0,25.08,0,0.005862,0.02
27,dt,44,low,45379.18,1,20.24,1,0.003675,0.01
27,dt,45,medium,25219.89,1,22.06,0,0.005576,0.02
27,dt,46,low,46456.88,1,18.39,0,0.002527,0.01
27,dt,47,low,48262.21,1,22.89,1,0.003407,0.01
27,dt,48,medium,10103.37,0,22.99,0,0.005608,0.02
27,dt,49,medium,27740.69,0,16.7,0,0.004748,0.02
27,dt,50,medium,11901.4,0,20.49,0,0.006574,0.02
27,dt,51,low,38894.43,1,21.72,1,0.003617,0.01
27,dt,52,low,37090.27,1,16.73,0,0.003368,0.01
27,dt,53,medium,14430.68,0,14.07,1,0.00677,0.02
27,dt,54,medium,11902.95,1,18.89,0,0.006853,0.02
27,dt,55,low,29897.44,1,22.41,0,0.002007,0.01
27,dt,56,low,45024.67,1,19.79,0,0.002622,0.01
27,dt,57,high,5430.43,0,20.56,0,0.009388,0.03
27,dt,58,low,43942.4,1,24.92,0,0.002898,0.01
27,dt,59,medium,15869.36,0,20.27,0,0.007006,0.02
27,dt,60,medium,7218.87,1,21.23,0,0.004759,0.02
27,dt,61,medium,12618.77,1,25.93,0,0.004894,0.02
27,dt,62,medium,9741.5,1,24.21,0,0.004741,0.02
27,dt,63,high,7238.56,0,19.53,0,0.014434,0.03
27,dt,64,high,5792.63,0,21.91,0,0.014837,0.03
27,dt,65,low,37460.55,1,23.37,1,0.00413,0.01
27,dt,66,high,7590.03,0,22.25,0,0.012978,0.03
27,dt,67,medium,5419.56,1,21.62,0,0.005353,0.02
27,dt,68,high,8321.18,0,13.64,0,0.013014,0.03
27,dt,69,low,56897.93,1,21.93,0,0.002938,0.01
27,dt,70,high,4352.19,0,19.12,0,0.016264,0.03
27,dt,71,medium,11543.27,1,22.3,1,0.005888,0.02
27,dt,72,low,22341.85,0,23.4,0,0.002762,0.01
27,dt,73,low,57259.9,1,19.47,0,0.002479,0.01
27,dt,74,high,5070.24,0,17.55,0,0.013885,0.03
27,dt,75,medium,15499.55,0,17.78,1,0.006655,0.02
27,dt,76,high,8670.98,0,19.21,0,0.010622,0.03
27,dt,77,high,6158.17,0,25.44,0,0.010701,0.03
27,dt,78,high,6875.06,1,20.5,0,0.010975,0.03
27,dt,79,medium,9381.28,0,24.44,0,0.005096,0.02
27,dt,80,medium,20176.24,1,25.99,0,0.006786,0.02
27,dt,81,low,23059.68,1,24.95,0,0.003195,0.01
27,dt,82,high,11911.27,1,18.75,0,0.0108,0.03
27,dt,83,medium,24142.17,1,25.15,0,0.007346,0.02
27,dt,84,high,11913.6,1,22.77,0,0.009726,0.03
27,dt,85,high,10480.85,1,23.65,0,0.011753,0.03
27,dt,86,low,46819.84,1,17.21,0,0.00357,0.01
27,dt,87,medium,15136.94,1,20.45,0,0.007011,0.02
27,dt,88,low,26651.97,1,21.5,0,0.003229,0.01
27,dt,89,low,66262.36,1,25.07,0,0.002467,0.01
27,dt,90,medium,27746.7,1,21.97,0,0.005388,0.02
27,dt,91,high,8316.85,1,23.31,0,0.010922,0.03
27,dt,92,low,49343.63,0,27.16,0,0.002311,0.01
27,dt,93,medium,20180.83,1,20.12,0,0.005901,0.02
27,dt,94,low,30977.05,1,13.81,1,0.003364,0.01
27,dt,95,medium,11897.13,0,17.85,0,0.007421,0.02
27,dt,96,low,47180.03,1,22.63,0,0.002948,0.01
27,dt,97,low,52937.55,1,19.56,1,0.003108,0.01
27,dt,98,high,8665.37,0,20.8,1,0.012593,0.03
27,dt,99,low,19093.78,1,21.94,0,0.002483,0.01
27,dt,100,high,5433.91,0,19.78,0,0.012218,0.03
27,dt,101,low,49334.16,1,23.24,0,0.002546,0.01
27,dt,102,medium,19462.48,0,23.43,0,0.006933,0.02
27,dt,103,low,33855.22,1,20.62,1,0.003596,0.01
27,dt,104,high,2183.2,0,26.68,0,0.01169,0.03
27,dt,105,medium,20183.57,0,21.56,0,0.005232,0.02
27,dt,106,medium,15859.36,1,23.45,0,0.004148,0.02
27,dt,107,high,2191.32,0,20.44,0,0.012353,0.03
27,dt,108,high,7593.36,1,19.12,0,0.008427,0.03
27,dt,109,high,4711.32,0,15.09,1,0.014356,0.03
27,dt,110,medium,23065.44,0,19.96,0,0.00743,0.02
27,dt,111,low,49699.94,1,15.02,1,0.002657,0.01
27,dt,112,medium,9027.87,0,19.37,0,0.007178,0.02
27,dt,113,medium,9745.71,0,23.97,0,0.006706,0.02
27,dt,114,low,48615.98,1,25.24,0,0.002566,0.01
27,dt,115,high,8310.38,1,19.07,0,0.008964,0.03
27,dt,116,low,36376.78,0,20.66,0,0.002583,0.01
27,dt,117,low,50775.87,1,26.03,0,0.003397,0.01
27,dt,118,low,46102.81,1,21.32,0,0.003292,0.01
27,dt,119,high,3985.72,0,20.95,0,0.01507,0.03
28,dt,0,low,45373.48,0,17.94,0,0.002466,0.01
28,dt,1,low,48260.45,1,22.15,0,0.003542,0.01
28,dt,2,low,37461.09,1,29.97,0,0.003537,0.01
28,dt,3,high,7595.12,0,22.76,0,0.01142,0.03
28,dt,4,high,5794.51,1,23.26,0,0.014351,0.03
28,dt,5,medium,20540.34,0,18.78,0,0.005121,0.02
28,dt,6,high,3634.13,0,23.65,0,0.011274,0.03
28,dt,7,high,5791.61,0,18.99,0,0.011395,0.03
28,dt,8,medium,12260.38,1,18.05,0,0.00804,0.02
28,dt,9,low,36025.56,1,23.5,0,0.003747,0.01
28,dt,10,high,6875.45,0,16.69,0,0.014741,0.03
28,dt,11,medium,12259.2,0,18.42,0,0.007012,0.02
28,dt,12,high,5789.36,0,19.58,0,0.009881,0.03
28,dt,13,high,7597.16,1,19.83,0,0.008335,0.03
28,dt,14,high,5802.87,0,22.28,0,0.015088,0.03
28,dt,15,high,7228.59,1,18.9,0,0.010612,0.03
28,dt,16,low,47178.04,1,20.16,0,0.003344,0.01
28,dt,17,low,60856.01,1,17.6,0,0.002724,0.01
28,dt,18,high,7596.3,0,23.73,0,0.012588,0.03
28,dt,19,high,12634.17,0,22.3,0,0.013625,0.03
28,dt,20,high,3266.85,1,20.4,1,0.010711,0.03
28,dt,21,low,45021.29,1,16.21,0,0.002624,0.01
28,dt,22,medium,12982.82,1,17.83,0,0.006672,0.02
28,dt,23,low,48616.39,1,20.32,0,0.003132,0.01
28,dt,24,high,9024.17,1,21.09,1,0.010868,0.03
28,dt,25,high,6501.48,0,21.75,0,0.014319,0.03
28,dt,26,high,8317.36,0,18.52,0,0.012835,0.03
28,dt,27,medium,27026.13,0,25.74,0,0.00448,0.02
28,dt,28,high,7591.4,0,16.06,0,0.010549,0.03
28,dt,29,high,5071.11,0,21.76,1,0.008648,0.03
28,dt,30,high,7235.07,1,16.8,1,0.014397,0.03
28,dt,31,medium,9022.98,0,26.75,0,0.004974,0.02
28,dt,32,high,7951.31,0,19.07,0,0.014138,0.03
28,dt,33,low,38542.57,1,20.61,0,0.003374,0.01
28,dt,34,high,5429.29,1,22.98,0,0.013705,0.03
28,dt,35,medium,15867.75,0,23.12,0,0.006224,0.02
28,dt,36,high,10827.49,0,17.82,0,0.012123,0.03
28,dt,37,high,7225.76,0,23.58,0,0.013163,0.03
28,dt,38,high,9039.97,1,25.84,0,0.013439,0.03
28,dt,39,low,36745.01,1,17.79,0,0.002627,0.01
28,dt,40,low,31694.69,0,15.7,0,0.002384,0.01
28,dt,41,high,10833.84,1,21.3,0,0.012849,0.03
28,dt,42,high,15150.87,0,15.85,0,0.011923,0.03
28,dt,43,medium,15142.24,0,22.44,0,0.005319,0.02
28,dt,44,high,2911.26,0,21.48,0,0.014584,0.03
28,dt,45,high,3274.46,0,22.3,0,0.01181,0.03
28,dt,46,medium,20897.63,1,22.88,0,0.00481,0.02
28,dt,47,low,42855.98,1,26.53,0,0.003343,0.01
28,dt,48,low,57975.33,0,25.07,0,0.002247,0.01
28,dt,49,high,18029.86,0,24.92,0,0.00964,0.03
28,dt,50,high,6150.25,0,24.92,0,0.014783,0.03
28,dt,51,medium,12620.18,1,18.07,0,0.003714,0.02
28,dt,52,high,11552.31,1,25.71,0,0.013205,0.03
28,dt,53,high,10828.98,1,20.58,0,0.012828,0.03
28,dt,54,low,42138.22,1,22.94,0,0.002817,0.01
28,dt,55,high,7952.76,0,20.14,0,0.009253,0.03
28,dt,56,medium,24140.27,0,25.34,0,0.005436,0.02
28,dt,57,low,64817.28,1,21.26,0,0.002625,0.01
28,dt,58,low,52228.19,1,20.65,1,0.002473,0.01
28,dt,59,medium,21264.94,0,17.43,0,0.00636,0.02
28,dt,60,medium,12983.37,1,23.55,0,0.005442,0.02
28,dt,61,low,47537.25,1,20.99,1,0.002756,0.01
28,dt,62,low,32419.99,1,18.0,0,0.003058,0.01
28,dt,63,low,29180.76,1,23.0,0,0.00337,0.01
28,dt,64,low,53296.16,1,17.11,0,0.002282,0.01
28,dt,65,medium,4705.58,1,18.0,0,0.007209,0.02
28,dt,66,medium,9387.27,1,19.22,0,0.006979,0.02
28,dt,67,medium,14060.3,0,20.45,0,0.007807,0.02
28,dt,68,high,4710.11,0,23.05,0,0.011684,0.03
28,dt,69,low,39257.6,1,16.53,0,0.002961,0.01
28,dt,70,medium,16578.87,0,21.52,0,0.005739,0.02
28,dt,71,low,46093.7,1,25.75,0,0.002861,0.01
28,dt,72,medium,20548.44,1,20.82,0,0.004702,0.02
28,dt,73,high,14787.37,0,22.64,0,0.010105,0.03
28,dt,74,low,56894.28,0,21.47,0,0.002936,0.01
28,dt,75,medium,16940.65,0,21.63,0,0.005464,0.02
28,dt,76,medium,19828.39,1,15.84,0,0.0067,0.02
28,dt,77,low,44659.52,1,22.27,0,0.003526,0.01
28,dt,78,low,38189.42,0,22.39,0,0.003395,0.01
28,dt,79,low,33139.76,1,19.82,0,0.003188,0.01
28,dt,80,high,9744.76,1,23.71,0,0.012307,0.03
28,dt,81,low,53660.59,1,18.8,1,0.003077,0.01
28,dt,82,high,7590.05,0,20.96,0,0.009963,0.03
28,dt,83,medium,22706.55,0,19.16,0,0.00751,0.02
28,dt,84,low,41054.18,1,27.38,0,0.004194,0.01
28,dt,85,medium,14780.94,0,17.58,0,0.005721,0.02
28,dt,86,low,46815.14,1,20.01,0,0.002805,0.01
28,dt,87,medium,27019.3,0,22.62,0,0.004999,0.02
28,dt,88,medium,13701.29,1,21.94,0,0.006889,0.02
28,dt,89,low,42860.24,1,15.75,0,0.003004,0.01
28,dt,90,medium,11183.55,0,21.84,0,0.005077,0.02
28,dt,91,medium,22343.66,1,23.05,0,0.005834,0.02
28,dt,92,high,6872.3,1,20.09,0,0.011098,0.03
28,dt,93,low,47900.78,1,17.92,0,0.002901,0.01
28,dt,94,low,50417.25,1,20.97,0,0.002933,0.01
28,dt,95,medium,17308.37,1,17.85,0,0.006487,0.02
28,dt,96,high,5435.27,0,18.8,1,0.015602,0.03
28,dt,97,medium,25218.77,0,23.62,0,0.006947,0.02
28,dt,98,medium,19104.02,1,24.05,0,0.006151,0.02
28,dt,99,low,53296.46,1,18.12,0,0.002843,0.01
28,dt,100,medium,10096.15,1,24.54,0,0.007719,0.02
28,dt,101,high,3991.02,0,21.86,0,0.01341,0.03
28,dt,102,low,47895.19,0,28.23,0,0.002487,0.01
28,dt,103,high,2192.42,0,14.33,0,0.011921,0.03
28,dt,104,high,7950.03,1,21.33,0,0.011487,0.03
28,dt,105,low,51497.27,1,19.76,0,0.002709,0.01
28,dt,106,low,50781.26,1,16.12,0,0.002916,0.01
28,dt,107,high,9391.17,1,20.98,0,0.011085,0.03
28,dt,108,high,5429.65,0,16.25,0,0.012348,0.03
28,dt,109,high,8674.08,0,23.78,0,0.014917,0.03
28,dt,110,low,50423.26,1,24.71,0,0.003238,0.01
28,dt,111,medium,14789.97,1,18.35,1,0.005659,0.02
28,dt,112,medium,12262.26,0,20.07,0,0.007557,0.02
28,dt,113,high,3628.92,0,24.23,1,0.012876,0.03
28,dt,114,high,8323.03,1,19.21,0,0.013327,0.03
28,dt,115,low,37099.14,1,19.95,0,0.003644,0.01
28,dt,116,low,41059.02,1,24.94,0,0.002489,0.01
28,dt,117,low,43214.42,1,24.24,0,0.003046,0.01
28,dt,118,medium,7931.67,1,19.66,1,0.00507,0.02
28,dt,119,high,2910.78,0,21.59,1,0.012245,0.03
29,dt,0,high,7230.28,0,21.54,0,0.015678,0.03
29,dt,1,low,41421.43,1,18.5,0,0.00389,0.01
29,dt,2,low,37460.79,1,15.93,0,0.003493,0.01
29,dt,3,low,52936.31,1,17.66,0,0.002973,0.01
29,dt,4,low,49335.29,1,19.97,0,0.003293,0.01
29,dt,5,low,42138.3,1,16.51,0,0.003102,0.01
29,dt,6,medium,8307.05,0,19.7,0,0.006751,0.02
29,dt,7,high,5435.91,0,15.7,0,0.012997,0.03
29,dt,8,low,51495.52,1,22.28,0,0.002791,0.01
29,dt,9,low,44300.89,1,19.78,0,0.001913,0.01
29,dt,10,low,68064.78,1,21.5,0,0.002506,0.01
29,dt,11,high,9032.48,0,14.0,0,0.009455,0.03
29,dt,12,high,1473.8,0,18.72,0,0.014088,0.03
29,dt,13,low,68060.2,1,19.51,0,0.00241,0.01
29,dt,14,low,38176.49,1,22.03,0,0.003648,0.01
29,dt,15,low,54740.59,1,22.3,0,0.002589,0.01
29,dt,16,high,3273.4,0,13.91,1,0.011099,0.03
29,dt,17,medium,16580.04,1,20.54,0,0.007712,0.02
29,dt,18,low,38542.93,1,17.85,0,0.002892,0.01
29,dt,19,low,65175.32,1,19.0,0,0.002073,0.01
29,dt,20,medium,9382.62,0,18.95,0,0.005554,0.02
29,dt,21,medium,9025.94,0,23.53,0,0.005252,0.02
29,dt,22,low,42855.87,1,16.64,0,0.002937,0.01
29,dt,23,low,46813.16,1,18.3,0,0.003609,0.01
29,dt,24,medium,15142.79,0,24.03,0,0.007217,0.02
29,dt,25,medium,24144.67,1,25.11,0,0.006617,0.02
29,dt,26,medium,19108.6,1,25.23,1,0.005966,0.02
29,dt,27,medium,28821.05,0,22.64,0,0.005803,0.02
29,dt,28,medium,29542.31,1,17.04,0,0.005752,0.02
29,dt,29,medium,13344.92,0,18.44,0,0.006965,0.02
29,dt,30,medium,18020.87,1,19.6,0,0.007102,0.02
29,dt,31,high,10473.36,1,22.04,0,0.01532,0.03
29,dt,32,high,3636.9,0,25.5,0,0.013274,0.03
29,dt,33,low,40345.4,1,16.42,0,0.003298,0.01
29,dt,34,high,12283.1,0,21.24,0,0.01183,0.03
29,dt,35,medium,5428.3,0,21.56,0,0.006487,0.02
29,dt,36,medium,20907.11,0,20.3,0,0.00617,0.02
29,dt,37,high,12994.83,0,19.62,0,0.014314,0.03
29,dt,38,medium,15140.22,1,23.5,0,0.005616,0.02
29,dt,39,medium,17305.71,0,25.67,0,0.004377,0.02
29,dt,40,high,6876.21,0,22.23,0,0.013689,0.03
29,dt,41,high,8673.37,1,23.48,0,0.012597,0.03
29,dt,42,low,44296.8,1,16.93,0,0.003109,0.01
29,dt,43,high,5432.95,1,20.76,0,0.015247,0.03
29,dt,44,high,4353.67,0,17.71,0,0.014407,0.03
29,dt,45,high,2196.52,0,22.69,0,0.012928,0.03
29,dt,46,low,61214.17,0,24.2,0,0.002783,0.01
29,dt,47,low,49694.41,1,18.99,0,0.002711,0.01
29,dt,48,high,5793.3,1,24.84,0,0.008549,0.03
29,dt,49,medium,17659.92,1,22.15,0,0.0054,0.02
29,dt,50,high,3631.08,1,19.86,0,0.010905,0.03
29,dt,51,medium,20905.84,0,25.93,0,0.00528,0.02
29,dt,52,low,41775.91,1,19.27,0,0.002976,0.01
29,dt,53,high,2915.79,1,25.92,0,0.010808,0.03
29,dt,54,low,38174.69,1,23.23,1,0.002492,0.01
29,dt,55,high,4000.66,0,20.79,0,0.011616,0.03
29,dt,56,medium,15858.18,0,22.02,1,0.00507,0.02
29,dt,57,low,66974.65,1,24.65,0,0.002194,0.01
29,dt,58,low,49706.86,1,26.63,0,0.002694,0.01
29,dt,59,low,54377.15,1,21.51,0,0.002881,0.01
29,dt,60,high,9028.42,1,19.2,1,0.014692,0.03
29,dt,61,low,52939.31,1,18.06,0,0.002905,0.01
29,dt,62,high,10474.72,1,18.12,0,0.008216,0.03
29,dt,63,high,8676.88,0,26.57,0,0.008023,0.03
29,dt,64,low,50054.46,1,15.34,1,0.003367,0.01
29,dt,65,low,41055.27,1,25.2,0,0.003968,0.01
29,dt,66,medium,31348.01,1,27.69,0,0.005421,0.02
29,dt,67,high,4711.34,0,19.94,0,0.013706,0.03
29,dt,68,low,40699.32,1,26.11,0,0.003563,0.01
29,dt,69,medium,25222.29,1,21.6,0,0.007058,0.02
29,dt,70,high,7596.57,1,25.14,0,0.011443,0.03
29,dt,71,low,57615.01,1,20.56,0,0.003085,0.01
29,dt,72,low,56532.31,1,17.75,0,0.002661,0.01
29,dt,73,medium,19107.13,0,20.3,0,0.004999,0.02
29,dt,74,high,12271.98,0,23.87,0,0.01062,0.03
29,dt,75,medium,10824.46,0,19.01,1,0.004189,0.02
29,dt,76,low,55104.17,1,19.29,1,0.003048,0.01
29,dt,77,low,40341.17,1,17.61,0,0.003043,0.01
29,dt,78,medium,12620.87,1,16.6,0,0.005524,0.02
29,dt,79,medium,20183.11,1,13.93,0,0.004652,0.02
29,dt,80,low,24142.41,0,23.23,0,0.003007,0.01
29,dt,81,medium,12620.22,0,23.78,0,0.006504,0.02
29,dt,82,high,3996.89,0,18.65,0,0.010297,0.03
29,dt,83,medium,27020.26,0,24.13,0,0.005907,0.02
29,dt,84,low,66979.68,0,21.33,0,0.002583,0.01
29,dt,85,medium,20902.85,0,18.52,0,0.005598,0.02
29,dt,86,low,56175.79,1,18.84,0,0.00246,0.01
29,dt,87,low,42860.29,1,22.27,0,0.003465,0.01
29,dt,88,low,49700.53,1,21.93,0,0.003486,0.01
29,dt,89,high,7584.34,0,19.24,1,0.013482,0.03
29,dt,90,low,31336.8,0,22.64,0,0.003827,0.01
29,dt,91,high,11190.9,1,22.23,0,0.009779,0.03
29,dt,92,high,2908.41,0,23.5,0,0.013573,0.03
29,dt,93,low,54375.35,1,18.49,0,0.002647,0.01
29,dt,94,medium,9384.05,1,19.82,0,0.006334,0.02
29,dt,95,low,36740.19,1,17.96,1,0.002523,0.01
29,dt,96,high,5073.65,1,20.24,1,0.009316,0.03
29,dt,97,medium,10457.52,0,17.62,0,0.005377,0.02
29,dt,98,medium,16945.59,0,20.76,0,0.007649,0.02
29,dt,99,high,9751.63,0,23.76,0,0.011752,0.03
29,dt,100,high,13715.19,0,20.4,0,0.010497,0.03
29,dt,101,medium,19102.97,1,23.25,0,0.006997,0.02
29,dt,102,medium,26299.59,1,19.05,0,0.004998,0.02
29,dt,103,high,15150.73,1,20.03,0,0.012116,0.03
29,dt,104,medium,17670.3,0,20.53,0,0.005799,0.02
29,dt,105,medium,23778.7,1,19.98,0,0.005865,0.02
29,dt,106,medium,11178.71,0,21.1,0,0.006308,0.02
29,dt,107,low,50777.28,1,17.95,1,0.003268,0.01
29,dt,108,medium,16582.07,0,18.21,1,0.005853,0.02
29,dt,109,medium,11183.41,0,19.69,0,0.004805,0.02
29,dt,110,high,7234.99,1,19.44,0,0.011966,0.03
29,dt,111,medium,14415.05,1,23.97,0,0.005042,0.02
29,dt,112,high,4711.95,0,25.2,0,0.011324,0.03
29,dt,113,high,9392.14,1,15.45,0,0.011793,0.03
29,dt,114,medium,17309.37,0,21.52,0,0.007114,0.02
29,dt,115,medium,18743.45,0,18.91,0,0.006053,0.02
29,dt,116,high,6150.8,0,22.47,0,0.014071,0.03
29,dt,117,high,7236.52,1,19.77,0,0.008024,0.03
29,dt,118,low,43936.81,1,17.94,0,0.003013,0.01
29,dt,119,low,36014.56,1,13.42,1,0.003773,0.01
0,dt_single_agent,0,high,12633.24,1,19.25,0,0.01076,0.03
0,dt_single_agent,1,medium,20545.1,0,20.46,0,0.006761,0.02
0,dt_single_agent,2,low,43942.42,1,20.2,0,0.003256,0.01
0,dt_single_agent,3,high,7947.08,0,18.41,0,0.013203,0.03
0,dt_single_agent,4,medium,16946.07,0,17.23,0,0.006205,0.02
0,dt_single_agent,5,high,5076.82,0,21.05,1,0.013469,0.03
0,dt_single_agent,6,high,4350.65,0,21.23,0,0.009759,0.03
0,dt_single_agent,7,medium,14067.17,1,17.68,0,0.006787,0.02
0,dt_single_agent,8,medium,9022.87,0,16.23,0,0.005917,0.02
0,dt_single_agent,9,low,42856.18,1,27.47,0,0.002997,0.01
0,dt_single_agent,10,medium,21615.94,1,22.31,0,0.006985,0.02
0,dt_single_agent,11,low,34576.5,1,18.62,0,0.003248,0.01
0,dt_single_agent,12,medium,10461.17,0,25.06,0,0.004837,0.02
0,dt_single_agent,13,high,5791.85,0,20.5,0,0.011181,0.03
0,dt_single_agent,14,low,37095.42,0,20.52,0,0.002346,0.01
0,dt_single_agent,15,medium,22696.96,0,26.2,0,0.0053,0.02
0,dt_single_agent,16,high,4354.68,1,26.61,0,0.011573,0.03
0,dt_single_agent,17,low,70942.26,1,17.29,1,0.002364,0.01
0,dt_single_agent,18,medium,24864.5,1,23.24,1,0.004918,0.02
0,dt_single_agent,19,high,9748.79,0,20.66,1,0.013249,0.03
0,dt_single_agent,20,low,44653.37,1,24.67,0,0.003125,0.01
0,dt_single_agent,21,low,46812.43,1,25.01,0,0.003452,0.01
0,dt_single_agent,22,low,28451.7,1,20.13,0,0.002389,0.01
0,dt_single_agent,23,high,7594.14,0,19.06,0,0.013612,0.03
0,dt_single_agent,24,high,3266.22,0,23.05,0,0.013202,0.03
0,dt_single_agent,25,medium,15867.18,1,22.52,0,0.005393,0.02
0,dt_single_agent,26,high,6878.31,0,22.09,0,0.012917,0.03
0,dt_single_agent,27,low,39260.09,0,20.66,1,0.002583,0.01
0,dt_single_agent,28,medium,20545.93,0,19.8,0,0.005233,0.02
0,dt_single_agent,29,low,41775.21,1,22.6,0,0.00274,0.01
0,dt_single_agent,30,high,4707.43,1,22.27,0,0.012858,0.03
0,dt_single_agent,31,high,7601.38,1,19.42,0,0.012011,0.03
0,dt_single_agent,32,high,7593.75,0,16.25,0,0.008801,0.03
0,dt_single_agent,33,high,5066.86,1,20.14,1,0.010927,0.03
0,dt_single_agent,34,high,3271.09,0,19.31,0,0.014302,0.03
0,dt_single_agent,35,medium,17313.69,1,21.13,1,0.005862,0.02
0,dt_single_agent,36,medium,21625.97,1,28.1,0,0.005868,0.02
0,dt_single_agent,37,high,10477.59,0,17.82,0,0.012043,0.03
0,dt_single_agent,38,medium,24857.37,1,17.67,0,0.003977,0.02
0,dt_single_agent,39,low,42499.87,1,19.36,0,0.002739,0.01
0,dt_single_agent,40,medium,18017.68,0,24.83,0,0.005125,0.02
0,dt_single_agent,41,medium,19824.44,1,21.74,0,0.006319,0.02
0,dt_single_agent,42,low,35661.5,1,24.15,0,0.003174,0.01
0,dt_single_agent,43,low,44298.02,1,20.25,0,0.002986,0.01
0,dt_single_agent,44,medium,9377.16,1,18.61,1,0.007061,0.02
0,dt_single_agent,45,medium,16582.03,1,25.39,1,0.006374,0.02
0,dt_single_agent,46,high,3271.37,0,14.34,0,0.014422,0.03
0,dt_single_agent,47,high,10117.08,1,22.03,0,0.008173,0.03
0,dt_single_agent,48,high,2914.77,0,23.38,0,0.013004,0.03
0,dt_single_agent,49,high,4347.87,0,20.66,0,0.011853,0.03
0,dt_single_agent,50,high,12991.73,0,18.42,1,0.010339,0.03
0,dt_single_agent,51,high,3272.84,1,23.75,0,0.015606,0.03
0,dt_single_agent,52,high,3998.55,0,21.47,0,0.014723,0.03
0,dt_single_agent,53,medium,19824.49,0,21.99,0,0.0069,0.02
0,dt_single_agent,54,low,46096.43,0,21.79,0,0.003041,0.01
0,dt_single_agent,55,high,16945.96,0,20.7,0,0.009068,0.03
0,dt_single_agent,56,medium,23061.31,0,21.55,1,0.006006,0.02
0,dt_single_agent,57,medium,19101.34,1,22.28,1,0.006696,0.02
0,dt_single_agent,58,medium,7586.86,1,18.63,1,0.005824,0.02
0,dt_single_agent,59,high,6521.0,1,17.74,1,0.011641,0.03
0,dt_single_agent,60,low,47902.43,1,19.12,0,0.002808,0.01
0,dt_single_agent,61,high,4354.66,0,24.62,0,0.010201,0.03
0,dt_single_agent,62,high,2910.86,1,17.12,0,0.011606,0.03
0,dt_single_agent,63,medium,24504.5,0,17.41,0,0.005055,0.02
0,dt_single_agent,64,medium,17664.18,0,22.28,1,0.006469,0.02
0,dt_single_agent,65,high,5794.63,1,17.67,0,0.009094,0.03
0,dt_single_agent,66,medium,27746.43,0,22.05,1,0.005241,0.02
0,dt_single_agent,67,medium,14058.12,0,23.33,0,0.006112,0.02
0,dt_single_agent,68,high,5429.84,1,23.97,0,0.012553,0.03
0,dt_single_agent,69,high,3635.17,0,20.14,0,0.012172,0.03
0,dt_single_agent,70,low,52214.89,0,23.08,0,0.003223,0.01
0,dt_single_agent,71,low,63025.02,1,24.99,0,0.002524,0.01
0,dt_single_agent,72,high,4709.92,0,19.31,0,0.015459,0.03
0,dt_single_agent,73,medium,24147.41,0,21.39,0,0.00574,0.02
0,dt_single_agent,74,high,6872.4,1,22.33,1,0.008643,0.03
0,dt_single_agent,75,medium,12625.71,1,19.77,1,0.004603,0.02
0,dt_single_agent,76,high,6153.65,0,21.85,1,0.013601,0.03
0,dt_single_agent,77,medium,6145.74,0,19.76,0,0.00684,0.02
0,dt_single_agent,78,low,41782.69,1,18.09,0,0.004128,0.01
0,dt_single_agent,79,high,9028.09,0,24.39,0,0.011549,0.03
0,dt_single_agent,80,low,50413.47,1,24.4,1,0.002492,0.01
0,dt_single_agent,81,medium,16583.59,1,21.3,0,0.005169,0.02
0,dt_single_agent,82,medium,21980.04,1,26.47,0,0.005866,0.02
0,dt_single_agent,83,low,48257.83,1,18.38,0,0.003158,0.01
0,dt_single_agent,84,high,12998.04,1,20.17,0,0.010283,0.03
0,dt_single_agent,85,medium,13707.15,0,22.68,0,0.008123,0.02
0,dt_single_agent,86,high,9396.24,0,20.76,0,0.011648,0.03
0,dt_single_agent,87,medium,23780.06,0,15.73,0,0.006959,0.02
0,dt_single_agent,88,medium,16934.15,1,22.1,0,0.005998,0.02
0,dt_single_agent,89,high,7236.3,0,21.99,0,0.01357,0.03
0,dt_single_agent,90,high,5794.51,0,21.42,0,0.014913,0.03
0,dt_single_agent,91,low,35293.54,1,22.66,0,0.003933,0.01
0,dt_single_agent,92,low,36379.07,0,18.65,0,0.003241,0.01
0,dt_single_agent,93,high,9755.88,0,20.71,0,0.009941,0.03
0,dt_single_agent,94,low,29181.12,1,19.54,0,0.003297,0.01
0,dt_single_agent,95,low,42502.71,1,17.1,0,0.002942,0.01
0,dt_single_agent,96,low,51130.72,1,18.98,1,0.002917,0.01
0,dt_single_agent,97,medium,17659.97,0,21.19,0,0.006846,0.02
0,dt_single_agent,98,medium,17298.67,1,17.36,0,0.006151,0.02
0,dt_single_agent,99,medium,8310.45,0,22.49,0,0.0047,0.02
0,dt_single_agent,100,high,11196.98,0,21.43,0,0.010443,0.03
0,dt_single_agent,101,low,39255.61,1,18.52,0,0.003055,0.01
0,dt_single_agent,102,medium,13341.85,0,24.76,0,0.005049,0.02
0,dt_single_agent,103,medium,7224.7,1,21.01,0,0.006128,0.02
0,dt_single_agent,104,high,8319.6,0,17.4,0,0.01159,0.03
0,dt_single_agent,105,low,60501.1,1,18.96,0,0.002845,0.01
0,dt_single_agent,106,medium,25579.12,1,17.94,1,0.006085,0.02
0,dt_single_agent,107,high,8305.4,0,24.84,0,0.011796,0.03
0,dt_single_agent,108,low,37457.32,1,20.45,0,0.003186,0.01
0,dt_single_agent,109,high,4714.11,0,21.65,0,0.013455,0.03
0,dt_single_agent,110,low,38178.54,1,25.97,1,0.003158,0.01
0,dt_single_agent,111,high,4710.75,0,19.83,0,0.013264,0.03
0,dt_single_agent,112,medium,24864.08,1,17.37,0,0.004634,0.02
0,dt_single_agent,113,low,50777.48,1,19.06,1,0.003274,0.01
0,dt_single_agent,114,medium,12986.8,1,17.41,0,0.006038,0.02
0,dt_single_agent,115,low,35292.72,1,21.73,0,0.003276,0.01
0,dt_single_agent,116,low,49341.3,1,19.4,0,0.002901,0.01
0,dt_single_agent,117,medium,21615.31,1,18.04,0,0.004943,0.02
0,dt_single_agent,118,medium,20540.35,1,20.45,0,0.00535,0.02
0,dt_single_agent,119,high,11194.36,1,24.82,0,0.008243,0.03
1,dt_single_agent,0,medium,9749.37,1,22.85,0,0.00566,0.02
1,dt_single_agent,1,high,2912.17,0,14.9,0,0.013965,0.03
1,dt_single_agent,2,high,6148.5,1,17.0,0,0.013645,0.03
1,dt_single_agent,3,low,37105.55,1,21.23,0,0.003147,0.01
1,dt_single_agent,4,low,39621.46,1,19.15,0,0.003512,0.01
1,dt_single_agent,5,high,7234.21,0,19.46,0,0.010712,0.03
1,dt_single_agent,6,high,3992.34,0,21.54,1,0.010502,0.03
1,dt_single_agent,7,low,55811.61,1,17.5,0,0.002629,0.01
1,dt_single_agent,8,low,39258.52,1,16.84,0,0.002808,0.01
1,dt_single_agent,9,low,52580.47,1,20.0,0,0.003346,0.01
1,dt_single_agent,10,high,6511.41,1,20.94,1,0.011559,0.03
1,dt_single_agent,11,high,6154.1,0,15.27,0,0.013867,0.03
1,dt_single_agent,12,medium,18022.54,1,21.87,0,0.005545,0.02
1,dt_single_agent,13,high,9036.72,0,18.7,0,0.012285,0.03
1,dt_single_agent,14,low,39977.22,1,23.69,0,0.003149,0.01
1,dt_single_agent,15,high,6874.93,1,24.22,0,0.012835,0.03
1,dt_single_agent,16,medium,18735.03,1,21.88,0,0.006952,0.02
1,dt_single_agent,17,low,37817.28,1,22.2,0,0.003586,0.01
1,dt_single_agent,18,low,29538.69,0,23.58,0,0.002925,0.01
1,dt_single_agent,19,low,38892.89,1,22.62,1,0.003782,0.01
1,dt_single_agent,20,high,2908.11,1,21.77,0,0.01144,0.03
1,dt_single_agent,21,high,3986.54,0,22.86,0,0.013787,0.03
1,dt_single_agent,22,high,6866.68,0,23.38,0,0.015668,0.03
1,dt_single_agent,23,medium,8667.16,0,20.37,1,0.005338,0.02
1,dt_single_agent,24,medium,9737.8,1,16.2,0,0.006202,0.02
1,dt_single_agent,25,low,66978.49,1,20.53,1,0.002497,0.01
1,dt_single_agent,26,high,7959.16,0,18.68,0,0.01025,0.03
1,dt_single_agent,27,medium,16943.35,1,19.14,1,0.00754,0.02
1,dt_single_agent,28,medium,25232.88,1,22.34,0,0.005398,0.02
1,dt_single_agent,29,high,5795.48,0,22.87,0,0.011235,0.03
1,dt_single_agent,30,low,43578.83,1,15.17,0,0.002526,0.01
1,dt_single_agent,31,high,9036.31,0,12.93,0,0.010107,0.03
1,dt_single_agent,32,high,8677.16,0,21.7,1,0.008356,0.03
1,dt_single_agent,33,low,39624.14,1,23.08,0,0.003352,0.01
1,dt_single_agent,34,high,9032.08,1,12.72,0,0.009944,0.03
1,dt_single_agent,35,low,41418.67,1,21.35,0,0.003568,0.01
1,dt_single_agent,36,high,12279.69,0,29.56,0,0.009158,0.03
1,dt_single_agent,37,medium,13345.57,1,18.87,0,0.006332,0.02
1,dt_single_agent,38,high,9390.88,0,20.36,0,0.012482,0.03
1,dt_single_agent,39,high,3998.03,0,19.22,1,0.012307,0.03
1,dt_single_agent,40,medium,11899.8,1,16.42,0,0.00696,0.02
1,dt_single_agent,41,medium,8662.36,0,16.43,0,0.006539,0.02
1,dt_single_agent,42,low,66613.12,1,24.87,0,0.002526,0.01
1,dt_single_agent,43,low,48256.69,1,26.69,0,0.002858,0.01
1,dt_single_agent,44,medium,16217.02,0,16.27,0,0.005371,0.02
1,dt_single_agent,45,low,55455.66,1,24.62,0,0.002048,0.01
1,dt_single_agent,46,medium,16942.96,0,20.83,0,0.006789,0.02
1,dt_single_agent,47,low,57618.68,1,21.2,0,0.002912,0.01
1,dt_single_agent,48,low,32773.95,1,21.02,0,0.002954,0.01
1,dt_single_agent,49,medium,16586.05,0,26.28,0,0.006453,0.02
1,dt_single_agent,50,high,3268.15,0,17.46,0,0.010033,0.03
1,dt_single_agent,51,low,55813.71,1,24.99,0,0.002559,0.01
1,dt_single_agent,52,medium,15507.13,0,22.33,0,0.00625,0.02
1,dt_single_agent,53,medium,19824.56,1,22.47,0,0.0054,0.02
1,dt_single_agent,54,low,44301.03,1,21.95,0,0.003445,0.01
1,dt_single_agent,55,low,34582.07,1,24.27,0,0.003125,0.01
1,dt_single_agent,56,high,10118.16,0,22.81,0,0.012928,0.03
1,dt_single_agent,57,high,6148.66,0,20.02,0,0.014421,0.03
1,dt_single_agent,58,medium,20541.37,1,25.18,1,0.004576,0.02
1,dt_single_agent,59,medium,20175.17,1,18.93,0,0.005791,0.02
1,dt_single_agent,60,low,45373.98,1,18.55,0,0.003109,0.01
1,dt_single_agent,61,low,32417.97,1,23.38,0,0.002782,0.01
1,dt_single_agent,62,medium,18385.44,1,22.88,0,0.006786,0.02
1,dt_single_agent,63,medium,23782.58,1,19.66,1,0.004927,0.02
1,dt_single_agent,64,high,11909.04,0,24.13,1,0.013898,0.03
1,dt_single_agent,65,medium,10464.53,0,23.59,0,0.005861,0.02
1,dt_single_agent,66,low,43214.4,1,21.69,0,0.00329,0.01
1,dt_single_agent,67,high,6512.75,0,22.53,0,0.014739,0.03
1,dt_single_agent,68,high,3271.04,0,14.08,0,0.014854,0.03
1,dt_single_agent,69,medium,23065.59,0,17.11,0,0.007622,0.02
1,dt_single_agent,70,high,10108.62,0,19.67,1,0.012115,0.03
1,dt_single_agent,71,high,10826.4,0,23.44,0,0.013387,0.03
1,dt_single_agent,72,low,32775.52,1,20.3,0,0.004256,0.01
1,dt_single_agent,73,high,11915.75,0,13.08,0,0.009065,0.03
1,dt_single_agent,74,low,48623.74,1,25.87,0,0.002474,0.01
1,dt_single_agent,75,high,8312.39,0,16.01,0,0.012071,0.03
1,dt_single_agent,76,high,3636.97,0,24.97,0,0.012677,0.03
1,dt_single_agent,77,medium,12622.1,0,15.49,0,0.005549,0.02
1,dt_single_agent,78,medium,16585.98,0,24.24,0,0.006685,0.02
1,dt_single_agent,79,high,10476.67,1,25.22,0,0.011864,0.03
1,dt_single_agent,80,medium,17667.91,1,19.04,0,0.007434,0.02
1,dt_single_agent,81,low,44661.47,1,22.39,0,0.001947,0.01
1,dt_single_agent,82,low,40692.0,1,17.36,1,0.00427,0.01
1,dt_single_agent,83,high,9034.38,1,22.33,0,0.015171,0.03
1,dt_single_agent,84,low,55815.41,1,17.29,1,0.002227,0.01
1,dt_single_agent,85,low,52942.49,1,20.27,0,0.003139,0.01
1,dt_single_agent,86,low,37818.95,1,24.07,0,0.002892,0.01
1,dt_single_agent,87,low,36381.0,1,14.94,0,0.003926,0.01
1,dt_single_agent,88,low,56538.26,1,22.07,0,0.002636,0.01
1,dt_single_agent,89,medium,16219.99,1,30.0,0,0.004755,0.02
1,dt_single_agent,90,medium,4698.57,0,22.65,0,0.00647,0.02
1,dt_single_agent,91,high,2553.62,0,23.32,0,0.012346,0.03
1,dt_single_agent,92,low,57263.51,0,22.28,0,0.002627,0.01
1,dt_single_agent,93,high,12634.63,0,24.01,1,0.01235,0.03
1,dt_single_agent,94,high,6878.17,1,22.8,0,0.010253,0.03
1,dt_single_agent,95,low,62296.56,1,18.52,0,0.002316,0.01
1,dt_single_agent,96,medium,20186.57,1,19.46,0,0.006129,0.02
1,dt_single_agent,97,medium,15502.63,0,18.14,0,0.006184,0.02
1,dt_single_agent,98,low,41781.0,1,16.01,0,0.002903,0.01
1,dt_single_agent,99,low,48617.71,0,23.27,0,0.002284,0.01
1,dt_single_agent,100,high,3636.67,1,18.12,0,0.011285,0.03
1,dt_single_agent,101,medium,26302.83,0,19.88,1,0.005116,0.02
1,dt_single_agent,102,medium,20899.89,0,23.65,0,0.006088,0.02
1,dt_single_agent,103,low,42856.77,1,25.73,0,0.003008,0.01
1,dt_single_agent,104,medium,20535.25,1,27.19,0,0.005473,0.02
1,dt_single_agent,105,medium,23779.61,1,18.44,0,0.006194,0.02
1,dt_single_agent,106,high,6156.1,0,22.67,0,0.013509,0.03
1,dt_single_agent,107,medium,18383.46,1,25.92,0,0.004746,0.02
1,dt_single_agent,108,high,8668.61,0,19.33,0,0.011781,0.03
1,dt_single_agent,109,low,52583.13,1,20.38,0,0.003097,0.01
1,dt_single_agent,110,high,3628.93,0,25.84,0,0.014212,0.03
1,dt_single_agent,111,low,41777.09,1,19.17,0,0.004108,0.01
1,dt_single_agent,112,low,30247.92,1,21.39,0,0.003138,0.01
1,dt_single_agent,113,medium,15509.42,1,26.99,1,0.007836,0.02
1,dt_single_agent,114,high,3630.38,0,20.43,0,0.012878,0.03
1,dt_single_agent,115,high,12272.53,0,20.39,0,0.013647,0.03
1,dt_single_agent,116,medium,3617.93,1,20.05,0,0.006607,0.02
1,dt_single_agent,117,low,61582.0,1,21.01,0,0.002536,0.01
1,dt_single_agent,118,medium,18737.76,1,20.15,0,0.004651,0.02
1,dt_single_agent,119,high,4357.29,1,23.63,0,0.006739,0.03
2,dt_single_agent,0,medium,7938.2,0,17.34,0,0.00603,0.02
2,dt_single_agent,1,medium,14424.19,1,18.08,0,0.006216,0.02
2,dt_single_agent,2,high,12987.55,1,18.46,0,0.010431,0.03
2,dt_single_agent,3,high,12628.49,0,21.69,0,0.008937,0.03
2,dt_single_agent,4,medium,5063.81,0,18.99,0,0.00567,0.02
2,dt_single_agent,5,high,16230.17,0,21.44,0,0.00868,0.03
2,dt_single_agent,6,high,4720.16,0,23.35,0,0.010545,0.03
2,dt_single_agent,7,medium,10464.93,1,20.51,0,0.005851,0.02
2,dt_single_agent,8,low,48619.71,1,22.35,0,0.00267,0.01
2,dt_single_agent,9,low,48982.71,1,24.44,0,0.003494,0.01
2,dt_single_agent,10,medium,19461.55,0,22.7,0,0.007019,0.02
2,dt_single_agent,11,high,3634.24,0,18.64,0,0.009149,0.03
2,dt_single_agent,12,low,60503.32,1,21.95,0,0.00258,0.01
2,dt_single_agent,13,low,41782.9,1,17.58,0,0.002838,0.01
2,dt_single_agent,14,medium,17301.05,1,16.84,0,0.004569,0.02
2,dt_single_agent,15,medium,18385.68,1,20.03,0,0.006588,0.02
2,dt_single_agent,16,medium,28820.0,0,21.37,1,0.005326,0.02
2,dt_single_agent,17,low,39256.02,1,22.23,0,0.00329,0.01
2,dt_single_agent,18,high,1116.88,1,23.52,0,0.010888,0.03
2,dt_single_agent,19,low,39982.88,1,17.44,1,0.002565,0.01
2,dt_single_agent,20,medium,21983.97,1,21.16,0,0.005967,0.02
2,dt_single_agent,21,high,3624.7,1,21.95,0,0.009692,0.03
2,dt_single_agent,22,medium,13696.48,1,18.33,0,0.005314,0.02
2,dt_single_agent,23,medium,8296.27,0,20.28,1,0.005165,0.02
2,dt_single_agent,24,low,51139.17,1,18.4,0,0.00262,0.01
2,dt_single_agent,25,low,32057.9,0,24.44,0,0.00231,0.01
2,dt_single_agent,26,medium,16592.47,1,20.45,0,0.006684,0.02
2,dt_single_agent,27,high,4000.1,0,25.16,0,0.009037,0.03
2,dt_single_agent,28,low,41416.11,1,19.36,0,0.002883,0.01
2,dt_single_agent,29,high,10113.37,0,22.0,0,0.01296,0.03
2,dt_single_agent,30,low,51497.29,1,21.92,0,0.002946,0.01
2,dt_single_agent,31,low,38177.35,1,23.93,0,0.002919,0.01
2,dt_single_agent,32,medium,21262.4,1,23.77,0,0.004785,0.02
2,dt_single_agent,33,high,15871.69,0,23.58,0,0.008788,0.03
2,dt_single_agent,34,medium,14781.73,1,22.62,0,0.006535,0.02
2,dt_single_agent,35,medium,12266.25,1,27.54,0,0.008044,0.02
2,dt_single_agent,36,medium,18019.16,0,18.26,0,0.006061,0.02
2,dt_single_agent,37,medium,9739.41,1,20.52,1,0.005624,0.02
2,dt_single_agent,38,high,10471.57,0,16.95,0,0.01337,0.03
2,dt_single_agent,39,medium,11176.92,1,17.26,0,0.006739,0.02
2,dt_single_agent,40,medium,10828.44,1,22.02,1,0.004512,0.02
2,dt_single_agent,41,medium,24863.13,1,24.19,0,0.007101,0.02
2,dt_single_agent,42,low,41783.0,1,22.19,0,0.003882,0.01
2,dt_single_agent,43,medium,25221.78,1,20.8,0,0.00409,0.02
2,dt_single_agent,44,low,84991.78,1,14.44,0,0.002026,0.01
2,dt_single_agent,45,high,3273.19,0,15.99,0,0.013592,0.03
2,dt_single_agent,46,low,29178.53,1,17.08,0,0.00252,0.01
2,dt_single_agent,47,medium,19099.38,1,19.23,0,0.005722,0.02
2,dt_single_agent,48,low,55456.95,1,18.72,0,0.0031,0.01
2,dt_single_agent,49,high,5797.57,0,24.16,1,0.009649,0.03
2,dt_single_agent,50,medium,27742.13,0,18.85,0,0.005855,0.02
2,dt_single_agent,51,medium,9736.59,0,21.45,0,0.00618,0.02
2,dt_single_agent,52,high,8671.45,0,19.34,0,0.013411,0.03
2,dt_single_agent,53,low,42856.18,1,24.2,0,0.003474,0.01
2,dt_single_agent,54,high,6147.76,0,21.73,0,0.00976,0.03
2,dt_single_agent,55,medium,16944.79,1,23.1,0,0.00753,0.02
2,dt_single_agent,56,high,9757.08,1,17.1,0,0.01268,0.03
2,dt_single_agent,57,low,46094.52,1,25.45,0,0.003153,0.01
2,dt_single_agent,58,high,9390.37,0,20.26,0,0.01125,0.03
2,dt_single_agent,59,medium,15506.35,0,25.29,0,0.005878,0.02
2,dt_single_agent,60,medium,22336.08,1,19.47,0,0.005663,0.02
2,dt_single_agent,61,high,5795.31,1,24.09,0,0.018854,0.03
2,dt_single_agent,62,high,7949.88,0,17.3,0,0.011936,0.03
2,dt_single_agent,63,low,51140.3,1,21.25,0,0.001822,0.01
2,dt_single_agent,64,low,30261.53,1,17.93,0,0.003804,0.01
2,dt_single_agent,65,low,49701.62,1,21.81,0,0.002258,0.01
2,dt_single_agent,66,low,36378.94,1,22.33,0,0.00409,0.01
2,dt_single_agent,67,high,6874.61,0,28.83,0,0.01356,0.03
2,dt_single_agent,68,low,47176.47,1,20.66,1,0.0028,0.01
2,dt_single_agent,69,high,3994.93,0,20.5,1,0.01783,0.03
2,dt_single_agent,70,high,1836.56,0,16.18,0,0.015503,0.03
2,dt_single_agent,71,medium,20184.62,0,18.17,0,0.005928,0.02
2,dt_single_agent,72,medium,31339.84,1,22.0,0,0.004476,0.02
2,dt_single_agent,73,high,2190.5,0,20.95,0,0.014377,0.03
2,dt_single_agent,74,medium,24865.8,0,22.03,0,0.004879,0.02
2,dt_single_agent,75,high,5788.38,0,20.96,0,0.015396,0.03
2,dt_single_agent,76,low,47536.45,1,23.16,0,0.00262,0.01
2,dt_single_agent,77,medium,8664.18,1,19.15,0,0.006064,0.02
2,dt_single_agent,78,medium,15504.34,1,22.32,0,0.00547,0.02
2,dt_single_agent,79,medium,16583.71,0,25.59,0,0.005838,0.02
2,dt_single_agent,80,medium,10103.2,0,19.59,0,0.006083,0.02
2,dt_single_agent,81,high,16945.05,1,24.7,0,0.009742,0.03
2,dt_single_agent,82,high,2552.17,0,25.98,1,0.012866,0.03
2,dt_single_agent,83,high,9391.46,1,24.7,0,0.013793,0.03
2,dt_single_agent,84,medium,7220.13,1,16.18,1,0.006327,0.02
2,dt_single_agent,85,high,8316.58,0,18.87,0,0.014247,0.03
2,dt_single_agent,86,high,4714.42,1,25.55,0,0.010749,0.03
2,dt_single_agent,87,low,36735.17,1,19.05,0,0.003733,0.01
2,dt_single_agent,88,medium,21975.87,1,16.05,0,0.005607,0.02
2,dt_single_agent,89,low,56537.37,0,25.7,0,0.002823,0.01
2,dt_single_agent,90,low,41779.38,1,25.49,0,0.002828,0.01
2,dt_single_agent,91,high,9399.05,0,19.53,0,0.013479,0.03
2,dt_single_agent,92,medium,18023.38,0,17.04,0,0.00676,0.02
2,dt_single_agent,93,medium,11182.48,1,24.59,0,0.005209,0.02
2,dt_single_agent,94,low,40331.45,1,19.55,0,0.003352,0.01
2,dt_single_agent,95,low,51855.78,1,17.8,0,0.003314,0.01
2,dt_single_agent,96,high,5798.53,0,18.71,0,0.010499,0.03
2,dt_single_agent,97,high,6514.0,0,19.01,0,0.008834,0.03
2,dt_single_agent,98,low,54018.81,1,25.56,0,0.003211,0.01
2,dt_single_agent,99,medium,23066.77,0,24.6,1,0.004845,0.02
2,dt_single_agent,100,high,6515.81,0,19.66,1,0.012753,0.03
2,dt_single_agent,101,high,4710.63,0,23.4,0,0.010883,0.03
2,dt_single_agent,102,low,45737.13,1,22.13,0,0.002767,0.01
2,dt_single_agent,103,low,40697.34,1,20.66,0,0.0036,0.01
2,dt_single_agent,104,medium,23778.59,1,19.6,1,0.004277,0.02
2,dt_single_agent,105,low,31693.56,1,24.52,0,0.003985,0.01
2,dt_single_agent,106,high,6868.1,0,28.06,1,0.015205,0.03
2,dt_single_agent,107,low,48975.99,1,28.03,0,0.003283,0.01
2,dt_single_agent,108,low,42497.12,1,24.52,0,0.002853,0.01
2,dt_single_agent,109,high,12633.09,0,24.53,0,0.01415,0.03
2,dt_single_agent,110,medium,15145.74,1,17.95,0,0.006719,0.02
2,dt_single_agent,111,medium,7227.75,1,23.62,1,0.007632,0.02
2,dt_single_agent,112,medium,14062.85,1,19.7,0,0.006307,0.02
2,dt_single_agent,113,high,2189.97,0,24.21,0,0.010897,0.03
2,dt_single_agent,114,high,7951.19,0,23.72,0,0.012228,0.03
2,dt_single_agent,115,high,11554.22,1,24.03,0,0.012369,0.03
2,dt_single_agent,116,low,43220.42,1,18.31,0,0.003399,0.01
2,dt_single_agent,117,medium,15139.26,1,21.28,0,0.005881,0.02
2,dt_single_agent,118,medium,23072.0,0,20.97,1,0.007455,0.02
2,dt_single_agent,119,high,7230.76,0,15.52,1,0.012824,0.03
3,dt_single_agent,0,low,50065.47,1,22.12,0,0.002658,0.01
3,dt_single_agent,1,high,4346.13,0,19.73,0,0.015504,0.03
3,dt_single_agent,2,medium,11180.96,0,18.21,0,0.005131,0.02
3,dt_single_agent,3,low,47544.66,1,19.42,0,0.002881,0.01
3,dt_single_agent,4,high,3989.88,0,20.48,1,0.012052,0.03
3,dt_single_agent,5,low,51496.54,1,20.11,1,0.002882,0.01
3,dt_single_agent,6,low,58696.85,1,16.19,0,0.002986,0.01
3,dt_single_agent,7,low,45379.92,1,20.4,1,0.00333,0.01
3,dt_single_agent,8,high,2190.64,0,21.84,1,0.010507,0.03
3,dt_single_agent,9,high,10106.25,0,21.26,0,0.010374,0.03
3,dt_single_agent,10,medium,12979.49,1,18.59,0,0.006071,0.02
3,dt_single_agent,11,high,7596.41,0,17.21,0,0.012237,0.03
3,dt_single_agent,12,low,33854.75,1,17.73,0,0.003475,0.01
3,dt_single_agent,13,high,1834.19,0,23.55,0,0.016181,0.03
3,dt_single_agent,14,low,51861.61,0,23.61,1,0.002021,0.01
3,dt_single_agent,15,low,38178.5,1,20.8,0,0.002522,0.01
3,dt_single_agent,16,high,5075.22,0,25.75,0,0.01272,0.03
3,dt_single_agent,17,high,5791.91,0,22.93,0,0.013599,0.03
3,dt_single_agent,18,high,2551.27,0,16.54,0,0.010169,0.03
3,dt_single_agent,19,high,3633.93,1,19.37,1,0.011667,0.03
3,dt_single_agent,20,medium,20546.47,1,17.35,0,0.006276,0.02
3,dt_single_agent,21,low,41415.71,1,23.57,1,0.002811,0.01
3,dt_single_agent,22,high,6516.76,0,24.74,0,0.01119,0.03
3,dt_single_agent,23,high,2196.39,0,16.8,0,0.011776,0.03
3,dt_single_agent,24,medium,20904.66,0,18.89,1,0.007546,0.02
3,dt_single_agent,25,low,43944.17,0,20.5,0,0.002556,0.01
3,dt_single_agent,26,low,54383.09,1,22.76,0,0.00314,0.01
3,dt_single_agent,27,medium,10462.78,0,21.41,0,0.008133,0.02
3,dt_single_agent,28,high,4712.92,1,21.29,0,0.011974,0.03
3,dt_single_agent,29,high,12634.73,0,20.24,0,0.012756,0.03
3,dt_single_agent,30,medium,9381.77,1,20.88,0,0.006456,0.02
3,dt_single_agent,31,low,50422.31,1,19.71,1,0.003249,0.01
3,dt_single_agent,32,low,52573.93,1,15.79,0,0.003263,0.01
3,dt_single_agent,33,medium,8312.07,1,21.0,0,0.006985,0.02
3,dt_single_agent,34,medium,16224.08,1,21.34,0,0.005994,0.02
3,dt_single_agent,35,medium,8306.51,0,24.53,0,0.006859,0.02
3,dt_single_agent,36,high,5073.08,1,18.08,0,0.011521,0.03
3,dt_single_agent,37,low,39978.85,1,20.58,0,0.003877,0.01
3,dt_single_agent,38,medium,12629.79,1,21.08,0,0.004575,0.02
3,dt_single_agent,39,high,8673.57,1,16.04,0,0.005806,0.03
3,dt_single_agent,40,high,7593.6,1,24.0,0,0.014703,0.03
3,dt_single_agent,41,medium,26306.14,0,24.96,1,0.006654,0.02
3,dt_single_agent,42,low,38177.78,1,19.73,0,0.004055,0.01
3,dt_single_agent,43,medium,7939.94,1,16.31,0,0.00442,0.02
3,dt_single_agent,44,low,38178.99,1,18.37,0,0.003173,0.01
3,dt_single_agent,45,medium,23425.86,1,17.87,0,0.004416,0.02
3,dt_single_agent,46,high,6145.99,0,21.34,0,0.013941,0.03
3,dt_single_agent,47,medium,17305.47,0,18.06,0,0.006904,0.02
3,dt_single_agent,48,low,55103.96,1,25.71,0,0.002273,0.01
3,dt_single_agent,49,low,29898.14,1,21.48,0,0.003189,0.01
3,dt_single_agent,50,low,52217.12,0,24.42,0,0.002804,0.01
3,dt_single_agent,51,high,8673.13,1,27.42,0,0.012621,0.03
3,dt_single_agent,52,low,59061.64,1,25.2,0,0.002492,0.01
3,dt_single_agent,53,medium,19103.89,0,18.82,0,0.006637,0.02
3,dt_single_agent,54,high,9388.15,0,20.02,0,0.013343,0.03
3,dt_single_agent,55,low,42495.75,1,19.27,0,0.004087,0.01
3,dt_single_agent,56,low,42862.45,1,22.79,0,0.003335,0.01
3,dt_single_agent,57,high,10470.1,0,18.47,0,0.008394,0.03
3,dt_single_agent,58,medium,10827.36,1,22.4,0,0.005798,0.02
3,dt_single_agent,59,medium,23423.87,1,22.34,0,0.007369,0.02
3,dt_single_agent,60,medium,6147.34,1,23.04,0,0.005743,0.02
3,dt_single_agent,61,high,11552.85,0,23.92,0,0.011393,0.03
3,dt_single_agent,62,medium,25584.58,1,18.06,0,0.003272,0.02
3,dt_single_agent,63,medium,38903.96,1,19.9,0,0.00442,0.02
3,dt_single_agent,64,low,47183.56,1,18.8,0,0.003187,0.01
3,dt_single_agent,65,high,10829.38,0,26.3,0,0.01347,0.03
3,dt_single_agent,66,low,72379.5,0,20.96,0,0.001706,0.01
3,dt_single_agent,67,medium,21266.7,0,18.55,0,0.006739,0.02
3,dt_single_agent,68,low,43940.31,1,17.55,0,0.003238,0.01
3,dt_single_agent,69,high,9028.73,0,23.03,0,0.011815,0.03
3,dt_single_agent,70,medium,20543.52,0,19.9,0,0.006118,0.02
3,dt_single_agent,71,high,10830.56,0,18.63,0,0.007726,0.03
3,dt_single_agent,72,low,36735.41,1,23.81,0,0.003899,0.01
3,dt_single_agent,73,high,3995.5,0,20.67,0,0.009511,0.03
3,dt_single_agent,74,medium,5779.87,0,17.57,0,0.00513,0.02
3,dt_single_agent,75,low,60495.85,1,22.07,1,0.001812,0.01
3,dt_single_agent,76,medium,11905.32,1,24.38,0,0.006167,0.02
3,dt_single_agent,77,low,21614.92,1,16.66,0,0.003622,0.01
3,dt_single_agent,78,high,10117.05,0,22.28,0,0.014479,0.03
3,dt_single_agent,79,high,2907.95,1,20.58,0,0.008891,0.03
3,dt_single_agent,80,high,11550.39,1,19.97,0,0.013186,0.03
3,dt_single_agent,81,high,5797.99,0,19.84,0,0.010867,0.03
3,dt_single_agent,82,high,3271.96,0,18.51,0,0.012115,0.03
3,dt_single_agent,83,high,2192.17,0,24.48,0,0.015409,0.03
3,dt_single_agent,84,low,44297.43,1,20.76,0,0.003793,0.01
3,dt_single_agent,85,medium,19825.99,1,26.4,1,0.00513,0.02
3,dt_single_agent,86,high,4713.64,0,21.94,0,0.013446,0.03
3,dt_single_agent,87,high,8316.39,1,21.79,1,0.010053,0.03
3,dt_single_agent,88,medium,14421.88,0,17.07,0,0.006679,0.02
3,dt_single_agent,89,medium,16951.45,0,22.65,0,0.006573,0.02
3,dt_single_agent,90,medium,5780.93,1,18.97,0,0.006851,0.02
3,dt_single_agent,91,low,36014.91,1,19.75,0,0.003199,0.01
3,dt_single_agent,92,low,42148.69,1,23.59,0,0.002534,0.01
3,dt_single_agent,93,medium,19829.01,0,21.01,0,0.003655,0.02
3,dt_single_agent,94,low,50058.78,0,23.44,0,0.003375,0.01
3,dt_single_agent,95,high,6878.25,1,18.73,0,0.010562,0.03
3,dt_single_agent,96,low,54734.52,0,18.61,0,0.00266,0.01
3,dt_single_agent,97,high,11555.14,0,20.11,0,0.010712,0.03
3,dt_single_agent,98,medium,17308.27,1,19.12,0,0.006717,0.02
3,dt_single_agent,99,medium,18019.27,1,21.11,1,0.00776,0.02
3,dt_single_agent,100,medium,10103.49,0,22.11,0,0.006853,0.02
3,dt_single_agent,101,high,4350.41,1,23.27,1,0.016016,0.03
3,dt_single_agent,102,medium,20178.92,0,22.0,0,0.006597,0.02
3,dt_single_agent,103,high,3997.29,0,19.28,0,0.011311,0.03
3,dt_single_agent,104,medium,18743.21,1,20.26,0,0.006238,0.02
3,dt_single_agent,105,high,4709.92,0,23.58,0,0.015233,0.03
3,dt_single_agent,106,low,47177.91,1,21.89,0,0.00281,0.01
3,dt_single_agent,107,low,30616.01,1,26.52,0,0.002883,0.01
3,dt_single_agent,108,low,32777.43,1,22.87,0,0.00357,0.01
3,dt_single_agent,109,high,3990.54,0,21.15,0,0.013295,0.03
3,dt_single_agent,110,medium,21266.59,1,25.79,0,0.005128,0.02
3,dt_single_agent,111,medium,9742.51,1,19.82,1,0.006168,0.02
3,dt_single_agent,112,high,5789.33,0,16.87,0,0.016741,0.03
3,dt_single_agent,113,low,38895.42,1,20.84,0,0.003722,0.01
3,dt_single_agent,114,medium,22703.31,1,17.34,0,0.005375,0.02
3,dt_single_agent,115,low,50055.47,1,21.64,0,0.00283,0.01
3,dt_single_agent,116,high,9749.19,0,22.9,0,0.014066,0.03
3,dt_single_agent,117,high,9748.57,0,22.63,0,0.011602,0.03
3,dt_single_agent,118,low,36735.16,0,23.06,0,0.002172,0.01
3,dt_single_agent,119,medium,17300.86,0,20.33,0,0.008389,0.02
4,dt_single_agent,0,low,43223.24,1,19.18,0,0.003291,0.01
4,dt_single_agent,1,medium,15139.12,1,24.58,1,0.005682,0.02
4,dt_single_agent,2,medium,22344.31,1,18.27,0,0.005895,0.02
4,dt_single_agent,3,medium,7944.43,0,19.68,0,0.007626,0.02
4,dt_single_agent,4,high,6147.32,0,18.17,0,0.014723,0.03
4,dt_single_agent,5,high,7230.32,0,20.13,0,0.014108,0.03
4,dt_single_agent,6,medium,30623.07,0,21.72,0,0.004986,0.02
4,dt_single_agent,7,high,11915.06,0,20.2,0,0.01307,0.03
4,dt_single_agent,8,high,8675.09,1,27.07,0,0.012485,0.03
4,dt_single_agent,9,medium,20182.03,0,25.46,1,0.007129,0.02
4,dt_single_agent,10,low,46819.89,1,18.24,0,0.002922,0.01
4,dt_single_agent,11,medium,10819.55,1,15.04,0,0.008132,0.02
4,dt_single_agent,12,medium,9744.13,1,22.73,0,0.007331,0.02
4,dt_single_agent,13,high,10828.61,0,24.35,0,0.009839,0.03
4,dt_single_agent,14,medium,23065.52,1,20.8,0,0.003308,0.02
4,dt_single_agent,15,high,12270.5,0,18.42,0,0.010955,0.03
4,dt_single_agent,16,high,4718.04,0,16.68,0,0.008708,0.03
4,dt_single_agent,17,high,3269.15,0,17.49,0,0.013334,0.03
4,dt_single_agent,18,low,42499.92,1,25.21,0,0.003214,0.01
4,dt_single_agent,19,medium,8662.22,0,26.01,0,0.006604,0.02
4,dt_single_agent,20,low,47894.78,1,22.27,0,0.003178,0.01
4,dt_single_agent,21,medium,9385.73,1,20.67,0,0.005679,0.02
4,dt_single_agent,22,low,49699.45,1,23.02,0,0.00316,0.01
4,dt_single_agent,23,medium,18386.88,1,28.48,0,0.005459,0.02
4,dt_single_agent,24,medium,16220.0,1,23.33,0,0.005757,0.02
4,dt_single_agent,25,medium,20543.98,1,23.72,0,0.007281,0.02
4,dt_single_agent,26,low,61580.85,1,22.77,0,0.002366,0.01
4,dt_single_agent,27,high,10477.86,1,18.8,0,0.009003,0.03
4,dt_single_agent,28,low,53295.72,0,26.41,0,0.002525,0.01
4,dt_single_agent,29,high,9753.41,1,26.31,0,0.015389,0.03
4,dt_single_agent,30,low,33857.95,1,21.56,1,0.003334,0.01
4,dt_single_agent,31,high,11919.17,1,24.41,0,0.014285,0.03
4,dt_single_agent,32,low,65176.6,1,20.51,0,0.002637,0.01
4,dt_single_agent,33,medium,17294.89,1,20.73,1,0.004871,0.02
4,dt_single_agent,34,high,9033.03,0,24.82,1,0.012414,0.03
4,dt_single_agent,35,medium,15504.71,1,18.47,0,0.004879,0.02
4,dt_single_agent,36,high,6873.14,1,21.54,0,0.011182,0.03
4,dt_single_agent,37,medium,24505.72,0,25.58,0,0.007014,0.02
4,dt_single_agent,38,medium,14774.33,1,23.23,0,0.004434,0.02
4,dt_single_agent,39,medium,10463.41,1,18.34,0,0.006565,0.02
4,dt_single_agent,40,medium,24135.02,1,19.05,1,0.005509,0.02
4,dt_single_agent,41,high,6156.04,0,25.43,0,0.013025,0.03
4,dt_single_agent,42,medium,11909.27,1,19.09,0,0.007103,0.02
4,dt_single_agent,43,medium,15502.11,0,18.13,1,0.006274,0.02
4,dt_single_agent,44,low,23059.59,1,18.16,0,0.002858,0.01
4,dt_single_agent,45,high,5073.56,0,25.11,0,0.011173,0.03
4,dt_single_agent,46,high,8313.65,0,18.37,0,0.011605,0.03
4,dt_single_agent,47,low,42856.6,1,20.44,0,0.002868,0.01
4,dt_single_agent,48,low,45738.03,1,20.66,0,0.002565,0.01
4,dt_single_agent,49,high,3633.25,0,21.39,0,0.011794,0.03
4,dt_single_agent,50,medium,14787.53,0,21.55,0,0.005514,0.02
4,dt_single_agent,51,high,8670.15,0,19.29,0,0.0127,0.03
4,dt_single_agent,52,high,11557.38,1,18.02,0,0.010329,0.03
4,dt_single_agent,53,low,56178.97,1,22.22,0,0.002559,0.01
4,dt_single_agent,54,low,60134.73,1,17.54,0,0.002631,0.01
4,dt_single_agent,55,medium,21262.64,0,21.9,0,0.007451,0.02
4,dt_single_agent,56,low,41418.36,1,20.37,0,0.003331,0.01
4,dt_single_agent,57,high,11550.1,0,20.23,0,0.015059,0.03
4,dt_single_agent,58,medium,15502.41,1,18.41,0,0.00446,0.02
4,dt_single_agent,59,medium,25222.64,1,23.34,1,0.004779,0.02
4,dt_single_agent,60,high,3636.3,1,20.17,0,0.011752,0.03
4,dt_single_agent,61,high,10114.39,1,21.46,0,0.01105,0.03
4,dt_single_agent,62,high,9030.65,1,14.12,0,0.014133,0.03
4,dt_single_agent,63,high,5075.34,0,23.76,0,0.013886,0.03
4,dt_single_agent,64,medium,17300.2,1,20.11,0,0.003192,0.02
4,dt_single_agent,65,low,47537.3,1,20.42,0,0.003307,0.01
4,dt_single_agent,66,medium,10826.99,1,21.88,0,0.007527,0.02
4,dt_single_agent,67,medium,15146.38,0,22.51,0,0.006023,0.02
4,dt_single_agent,68,medium,22342.2,0,21.1,0,0.006197,0.02
4,dt_single_agent,69,medium,8664.44,0,25.29,0,0.00759,0.02
4,dt_single_agent,70,low,41410.97,1,23.44,0,0.00311,0.01
4,dt_single_agent,71,high,2546.37,1,26.46,0,0.01674,0.03
4,dt_single_agent,72,high,7947.72,1,18.63,0,0.012126,0.03
4,dt_single_agent,73,medium,11538.0,1,19.94,0,0.006568,0.02
4,dt_single_agent,74,low,37818.5,1,23.55,0,0.003438,0.01
4,dt_single_agent,75,high,12636.27,0,17.96,0,0.011093,0.03
4,dt_single_agent,76,high,10834.68,0,20.23,0,0.014205,0.03
4,dt_single_agent,77,high,5792.83,0,15.72,0,0.011608,0.03
4,dt_single_agent,78,low,27738.32,1,21.04,0,0.002855,0.01
4,dt_single_agent,79,medium,16219.57,1,18.85,0,0.005342,0.02
4,dt_single_agent,80,high,3268.49,1,20.33,0,0.012222,0.03
4,dt_single_agent,81,high,6511.53,0,20.51,0,0.010778,0.03
4,dt_single_agent,82,medium,25580.45,1,15.34,0,0.005187,0.02
4,dt_single_agent,83,high,8311.24,1,23.87,0,0.009789,0.03
4,dt_single_agent,84,high,3267.22,0,18.28,0,0.010981,0.03
4,dt_single_agent,85,low,48979.75,1,24.73,0,0.002998,0.01
4,dt_single_agent,86,high,10113.44,0,16.45,0,0.011579,0.03
4,dt_single_agent,87,medium,11183.12,1,13.73,0,0.006291,0.02
4,dt_single_agent,88,high,8674.25,0,19.87,0,0.010757,0.03
4,dt_single_agent,89,low,44297.9,1,15.1,0,0.002535,0.01
4,dt_single_agent,90,medium,8301.49,0,20.84,0,0.005865,0.02
4,dt_single_agent,91,high,3993.38,0,24.63,0,0.013014,0.03
4,dt_single_agent,92,high,4357.05,1,18.82,0,0.010184,0.03
4,dt_single_agent,93,low,47177.14,1,22.29,0,0.003252,0.01
4,dt_single_agent,94,high,10827.72,0,19.79,0,0.009487,0.03
4,dt_single_agent,95,high,2911.85,0,18.04,0,0.01195,0.03
4,dt_single_agent,96,medium,11897.42,1,21.78,0,0.005346,0.02
4,dt_single_agent,97,medium,9379.7,1,19.06,1,0.006096,0.02
4,dt_single_agent,98,medium,14064.74,1,24.63,0,0.004806,0.02
4,dt_single_agent,99,high,6873.6,0,21.99,0,0.012832,0.03
4,dt_single_agent,100,medium,14788.76,1,15.58,0,0.006043,0.02
4,dt_single_agent,101,low,38532.44,1,19.0,1,0.003671,0.01
4,dt_single_agent,102,medium,6139.59,1,22.76,0,0.006533,0.02
4,dt_single_agent,103,high,2905.83,1,17.78,1,0.011851,0.03
4,dt_single_agent,104,medium,20553.7,1,22.5,0,0.005109,0.02
4,dt_single_agent,105,low,37823.04,1,17.74,0,0.003642,0.01
4,dt_single_agent,106,low,30260.1,1,23.59,0,0.003325,0.01
4,dt_single_agent,107,low,45382.14,1,16.31,0,0.003181,0.01
4,dt_single_agent,108,low,39985.29,1,17.4,0,0.003343,0.01
4,dt_single_agent,109,high,3623.43,0,22.91,0,0.009644,0.03
4,dt_single_agent,110,medium,15503.51,1,17.22,1,0.005446,0.02
4,dt_single_agent,111,high,7229.95,1,21.26,0,0.010774,0.03
4,dt_single_agent,112,high,7585.79,0,24.68,0,0.01398,0.03
4,dt_single_agent,113,medium,28099.54,1,20.08,0,0.006248,0.02
4,dt_single_agent,114,low,36736.93,1,21.85,0,0.003062,0.01
4,dt_single_agent,115,high,11914.05,1,25.25,0,0.010374,0.03
4,dt_single_agent,116,medium,6496.71,0,22.4,1,0.006303,0.02
4,dt_single_agent,117,medium,25944.88,0,15.53,0,0.006939,0.02
4,dt_single_agent,118,high,9400.41,0,19.98,0,0.007855,0.03
4,dt_single_agent,119,low,57982.66,1,17.32,0,0.001904,0.01
5,dt_single_agent,0,low,22337.46,1,23.79,0,0.002873,0.01
5,dt_single_agent,1,medium,19827.4,0,14.72,0,0.007326,0.02
5,dt_single_agent,2,medium,9022.83,1,31.89,0,0.005369,0.02
5,dt_single_agent,3,low,34576.35,1,16.38,0,0.003497,0.01
5,dt_single_agent,4,low,53651.82,1,18.28,0,0.003033,0.01
5,dt_single_agent,5,medium,14428.57,0,21.08,0,0.00584,0.02
5,dt_single_agent,6,low,36738.52,0,14.03,0,0.002337,0.01
5,dt_single_agent,7,medium,11186.26,1,26.86,0,0.006986,0.02
5,dt_single_agent,8,low,49700.27,1,19.98,0,0.002978,0.01
5,dt_single_agent,9,low,29539.15,1,22.7,0,0.002326,0.01
5,dt_single_agent,10,medium,14788.23,0,20.98,0,0.00346,0.02
5,dt_single_agent,11,low,32777.3,1,22.33,0,0.003398,0.01
5,dt_single_agent,12,low,54015.92,1,18.22,0,0.003087,0.01
5,dt_single_agent,13,medium,17300.47,0,22.59,0,0.007128,0.02
5,dt_single_agent,14,medium,17301.6,0,19.69,0,0.004819,0.02
5,dt_single_agent,15,medium,7582.16,0,20.3,0,0.007322,0.02
5,dt_single_agent,16,medium,15136.21,0,20.47,1,0.003682,0.02
5,dt_single_agent,17,medium,15859.26,0,19.43,0,0.00521,0.02
5,dt_single_agent,18,medium,18743.83,0,18.92,0,0.006601,0.02
5,dt_single_agent,19,medium,13705.57,0,19.53,0,0.005984,0.02
5,dt_single_agent,20,medium,15862.75,0,22.66,0,0.006489,0.02
5,dt_single_agent,21,low,59055.33,1,18.52,1,0.002667,0.01
5,dt_single_agent,22,low,46094.04,1,23.46,0,0.002889,0.01
5,dt_single_agent,23,low,51496.75,1,22.34,0,0.00266,0.01
5,dt_single_agent,24,medium,15513.03,0,25.76,0,0.007685,0.02
5,dt_single_agent,25,medium,9384.45,1,24.1,0,0.004606,0.02
5,dt_single_agent,26,medium,18738.9,0,20.96,0,0.005979,0.02
5,dt_single_agent,27,medium,4698.28,1,19.99,0,0.005298,0.02
5,dt_single_agent,28,high,14431.56,0,14.71,0,0.009668,0.03
5,dt_single_agent,29,low,37452.99,1,20.13,0,0.003449,0.01
5,dt_single_agent,30,medium,12982.52,0,19.28,0,0.00587,0.02
5,dt_single_agent,31,high,7232.67,0,16.88,0,0.014106,0.03
5,dt_single_agent,32,medium,17299.1,0,16.49,0,0.007017,0.02
5,dt_single_agent,33,medium,7589.97,0,21.61,0,0.00457,0.02
5,dt_single_agent,34,high,8675.24,0,21.67,0,0.012788,0.03
5,dt_single_agent,35,low,36017.14,1,16.85,0,0.002811,0.01
5,dt_single_agent,36,high,2556.87,0,22.26,0,0.013949,0.03
5,dt_single_agent,37,low,31337.65,1,14.7,0,0.003666,0.01
5,dt_single_agent,38,medium,5428.29,0,15.79,0,0.00575,0.02
5,dt_single_agent,39,low,48257.62,1,22.86,0,0.002751,0.01
5,dt_single_agent,40,medium,20188.94,1,18.58,0,0.004052,0.02
5,dt_single_agent,41,high,9747.77,0,20.98,0,0.01008,0.03
5,dt_single_agent,42,medium,17302.84,1,21.6,0,0.005988,0.02
5,dt_single_agent,43,low,56541.58,1,20.52,0,0.002565,0.01
5,dt_single_agent,44,low,21619.83,1,22.01,0,0.003841,0.01
5,dt_single_agent,45,high,4718.27,1,22.68,0,0.014346,0.03
5,dt_single_agent,46,medium,16586.61,1,15.22,0,0.005197,0.02
5,dt_single_agent,47,low,39980.63,1,17.79,0,0.001945,0.01
5,dt_single_agent,48,high,12641.77,0,19.42,0,0.011148,0.03
5,dt_single_agent,49,high,6513.75,1,19.24,0,0.011678,0.03
5,dt_single_agent,50,medium,20903.1,1,21.4,0,0.00612,0.02
5,dt_single_agent,51,low,47172.37,1,19.54,0,0.003054,0.01
5,dt_single_agent,52,low,41053.53,1,23.1,0,0.003332,0.01
5,dt_single_agent,53,medium,17669.9,0,19.38,0,0.006003,0.02
5,dt_single_agent,54,low,60136.97,0,21.9,1,0.00233,0.01
5,dt_single_agent,55,low,32421.87,1,23.82,0,0.003449,0.01
5,dt_single_agent,56,medium,24862.18,1,24.75,0,0.005144,0.02
5,dt_single_agent,57,high,8668.17,0,28.24,1,0.010871,0.03
5,dt_single_agent,58,high,15153.82,1,18.92,0,0.00876,0.03
5,dt_single_agent,59,medium,6856.88,1,21.53,0,0.008414,0.02
5,dt_single_agent,60,high,2557.3,0,21.45,0,0.013175,0.03
5,dt_single_agent,61,low,37820.66,1,20.84,0,0.002665,0.01
5,dt_single_agent,62,low,51495.55,0,23.23,1,0.003328,0.01
5,dt_single_agent,63,medium,12981.54,0,17.74,0,0.006932,0.02
5,dt_single_agent,64,high,11912.33,0,19.73,0,0.010727,0.03
5,dt_single_agent,65,medium,11901.43,1,22.87,0,0.005118,0.02
5,dt_single_agent,66,high,6877.18,1,24.59,1,0.014251,0.03
5,dt_single_agent,67,high,7955.47,1,18.92,0,0.009619,0.03
5,dt_single_agent,68,low,46457.33,1,15.56,0,0.003697,0.01
5,dt_single_agent,69,high,6514.95,0,20.89,0,0.010168,0.03
5,dt_single_agent,70,high,8677.52,0,23.65,1,0.01485,0.03
5,dt_single_agent,71,high,8674.27,0,17.77,0,0.013074,0.03
5,dt_single_agent,72,medium,19459.56,1,20.0,0,0.005541,0.02
5,dt_single_agent,73,low,51494.45,1,25.8,1,0.002997,0.01
5,dt_single_agent,74,high,13358.65,0,17.42,0,0.007927,0.03
5,dt_single_agent,75,high,3269.86,0,19.18,0,0.011975,0.03
5,dt_single_agent,76,low,53299.62,1,23.58,0,0.002686,0.01
5,dt_single_agent,77,low,28097.28,1,24.34,0,0.003761,0.01
5,dt_single_agent,78,high,5430.85,0,24.45,0,0.012535,0.03
5,dt_single_agent,79,low,40327.75,1,21.82,0,0.003292,0.01
5,dt_single_agent,80,low,40338.79,1,19.62,0,0.003068,0.01
5,dt_single_agent,81,low,28819.34,1,22.09,1,0.004035,0.01
5,dt_single_agent,82,high,10475.68,0,18.69,1,0.010236,0.03
5,dt_single_agent,83,medium,19459.84,0,20.92,0,0.006551,0.02
5,dt_single_agent,84,high,10831.93,0,21.48,1,0.009231,0.03
5,dt_single_agent,85,medium,24140.96,0,25.02,0,0.00595,0.02
5,dt_single_agent,86,low,45018.46,1,19.6,0,0.00253,0.01
5,dt_single_agent,87,high,3625.64,0,21.13,0,0.013968,0.03
5,dt_single_agent,88,medium,28103.48,1,20.88,0,0.006544,0.02
5,dt_single_agent,89,medium,11551.94,0,21.48,0,0.006142,0.02
5,dt_single_agent,90,low,41064.11,1,23.44,1,0.003151,0.01
5,dt_single_agent,91,high,14079.6,0,23.55,0,0.013384,0.03
5,dt_single_agent,92,low,34938.01,1,20.77,0,0.004439,0.01
5,dt_single_agent,93,low,25577.68,1,22.18,0,0.003413,0.01
5,dt_single_agent,94,high,3988.44,0,19.59,0,0.012959,0.03
5,dt_single_agent,95,high,9035.14,0,21.26,0,0.01368,0.03
5,dt_single_agent,96,low,49697.88,1,21.3,0,0.00325,0.01
5,dt_single_agent,97,low,69864.7,0,24.29,0,0.002275,0.01
5,dt_single_agent,98,low,43578.01,1,19.8,0,0.003633,0.01
5,dt_single_agent,99,high,13356.16,0,18.39,1,0.011522,0.03
5,dt_single_agent,100,low,40695.07,0,26.33,0,0.003411,0.01
5,dt_single_agent,101,low,50771.86,1,22.76,0,0.002963,0.01
5,dt_single_agent,102,medium,23784.45,1,23.77,0,0.004967,0.02
5,dt_single_agent,103,high,2555.63,0,18.64,0,0.012956,0.03
5,dt_single_agent,104,high,7948.13,0,24.76,0,0.011272,0.03
5,dt_single_agent,105,medium,20899.25,1,20.67,0,0.005818,0.02
5,dt_single_agent,106,medium,18382.8,1,18.99,0,0.006181,0.02
5,dt_single_agent,107,high,17671.08,0,23.74,0,0.01024,0.03
5,dt_single_agent,108,medium,16225.27,0,23.88,1,0.006871,0.02
5,dt_single_agent,109,high,2911.59,0,17.72,0,0.014318,0.03
5,dt_single_agent,110,medium,7221.92,0,17.48,0,0.007499,0.02
5,dt_single_agent,111,low,58341.88,0,27.14,0,0.002235,0.01
5,dt_single_agent,112,medium,19103.54,1,17.93,0,0.006293,0.02
5,dt_single_agent,113,low,28462.08,1,25.53,0,0.003339,0.01
5,dt_single_agent,114,high,14428.4,0,23.14,0,0.012134,0.03
5,dt_single_agent,115,medium,20905.05,1,24.4,0,0.006787,0.02
5,dt_single_agent,116,high,5791.57,1,20.12,0,0.01111,0.03
5,dt_single_agent,117,high,12994.08,0,16.53,0,0.011249,0.03
5,dt_single_agent,118,high,4354.51,0,24.59,1,0.01065,0.03
5,dt_single_agent,119,medium,21977.56,0,21.19,1,0.008092,0.02
6,dt_single_agent,0,high,2911.16,0,25.94,0,0.012311,0.03
6,dt_single_agent,1,high,4357.87,1,16.65,0,0.01379,0.03
6,dt_single_agent,2,medium,14777.41,0,19.84,1,0.0068,0.02
6,dt_single_agent,3,high,8670.05,0,22.49,1,0.011138,0.03
6,dt_single_agent,4,low,41055.51,1,22.45,0,0.002722,0.01
6,dt_single_agent,5,high,4713.11,1,19.09,1,0.012545,0.03
6,dt_single_agent,6,high,9033.9,0,19.31,1,0.014165,0.03
6,dt_single_agent,7,high,4709.88,0,24.15,0,0.016032,0.03
6,dt_single_agent,8,high,7953.31,0,26.73,0,0.010065,0.03
6,dt_single_agent,9,high,3990.25,0,19.73,0,0.01023,0.03
6,dt_single_agent,10,low,46099.45,1,22.27,0,0.003317,0.01
6,dt_single_agent,11,high,11909.03,1,21.38,0,0.013401,0.03
6,dt_single_agent,12,medium,15858.52,1,18.2,1,0.007213,0.02
6,dt_single_agent,13,low,54370.98,1,22.73,1,0.002708,0.01
6,dt_single_agent,14,medium,13343.48,1,24.24,0,0.007256,0.02
6,dt_single_agent,15,high,9029.64,1,23.14,0,0.012548,0.03
6,dt_single_agent,16,high,8672.16,0,15.25,0,0.015318,0.03
6,dt_single_agent,17,high,10121.33,0,19.3,0,0.012195,0.03
6,dt_single_agent,18,low,28099.44,1,24.2,0,0.004323,0.01
6,dt_single_agent,19,high,6877.06,0,21.85,0,0.011517,0.03
6,dt_single_agent,20,high,6512.12,1,21.78,0,0.011377,0.03
6,dt_single_agent,21,medium,14425.47,0,16.92,0,0.005947,0.02
6,dt_single_agent,22,medium,18746.19,0,24.6,0,0.005248,0.02
6,dt_single_agent,23,high,5796.52,0,25.56,0,0.013066,0.03
6,dt_single_agent,24,medium,11181.52,0,23.28,0,0.006288,0.02
6,dt_single_agent,25,low,24860.37,1,16.12,0,0.003516,0.01
6,dt_single_agent,26,high,8318.33,0,20.56,0,0.00957,0.03
6,dt_single_agent,27,low,28457.33,1,21.37,0,0.002877,0.01
6,dt_single_agent,28,high,6153.39,0,21.12,0,0.012199,0.03
6,dt_single_agent,29,high,10468.06,1,19.96,0,0.010794,0.03
6,dt_single_agent,30,high,6874.68,1,19.6,0,0.01196,0.03
6,dt_single_agent,31,low,60860.71,1,19.45,0,0.002748,0.01
6,dt_single_agent,32,high,1839.85,1,24.26,0,0.014025,0.03
6,dt_single_agent,33,high,11192.13,1,24.67,0,0.012457,0.03
6,dt_single_agent,34,medium,20183.56,1,12.64,0,0.007756,0.02
6,dt_single_agent,35,low,30979.61,0,23.15,0,0.003305,0.01
6,dt_single_agent,36,medium,14782.77,0,19.74,0,0.005238,0.02
6,dt_single_agent,37,medium,17660.9,1,18.61,1,0.004617,0.02
6,dt_single_agent,38,high,3990.59,0,22.54,0,0.012935,0.03
6,dt_single_agent,39,low,55097.82,1,19.91,0,0.002908,0.01
6,dt_single_agent,40,low,44298.25,1,16.4,0,0.002833,0.01
6,dt_single_agent,41,high,8316.68,0,22.72,1,0.011253,0.03
6,dt_single_agent,42,low,43941.49,1,19.32,0,0.00321,0.01
6,dt_single_agent,43,low,45728.73,1,16.65,0,0.00292,0.01
6,dt_single_agent,44,high,10838.57,0,18.55,0,0.013182,0.03
6,dt_single_agent,45,medium,16946.22,0,18.44,0,0.006613,0.02
6,dt_single_agent,46,high,10471.3,0,19.66,0,0.014491,0.03
6,dt_single_agent,47,low,66611.8,1,23.02,0,0.002626,0.01
6,dt_single_agent,48,medium,20186.6,1,21.83,1,0.006054,0.02
6,dt_single_agent,49,medium,12987.34,0,18.9,0,0.0044,0.02
6,dt_single_agent,50,high,6159.81,1,14.85,0,0.009234,0.03
6,dt_single_agent,51,low,55452.18,1,20.3,0,0.003111,0.01
6,dt_single_agent,52,medium,14430.69,1,23.77,0,0.004937,0.02
6,dt_single_agent,53,medium,18740.32,1,22.92,0,0.006191,0.02
6,dt_single_agent,54,high,7953.53,0,18.56,0,0.011292,0.03
6,dt_single_agent,55,medium,15503.84,1,15.16,0,0.005327,0.02
6,dt_single_agent,56,high,7947.21,0,17.01,0,0.013731,0.03
6,dt_single_agent,57,medium,17307.36,1,14.86,0,0.00715,0.02
6,dt_single_agent,58,medium,19100.82,1,17.58,0,0.005641,0.02
6,dt_single_agent,59,high,7236.61,1,26.62,0,0.013519,0.03
6,dt_single_agent,60,high,10119.13,0,22.74,0,0.007581,0.03
6,dt_single_agent,61,high,6156.1,0,20.78,0,0.01231,0.03
6,dt_single_agent,62,low,41059.29,1,27.93,0,0.003515,0.01
6,dt_single_agent,63,medium,11905.51,0,19.01,0,0.005521,0.02
6,dt_single_agent,64,medium,25937.24,0,25.07,0,0.005216,0.02
6,dt_single_agent,65,low,43213.26,1,20.78,0,0.003703,0.01
6,dt_single_agent,66,high,8676.6,0,25.94,0,0.012173,0.03
6,dt_single_agent,67,high,9753.08,0,22.96,0,0.01246,0.03
6,dt_single_agent,68,high,4348.72,0,24.01,0,0.011885,0.03
6,dt_single_agent,69,medium,10105.54,1,22.31,0,0.006904,0.02
6,dt_single_agent,70,low,27375.02,1,16.38,0,0.003485,0.01
6,dt_single_agent,71,medium,15495.58,0,14.24,0,0.006142,0.02
6,dt_single_agent,72,high,4709.9,1,25.88,0,0.009625,0.03
6,dt_single_agent,73,high,7232.74,0,23.35,0,0.011115,0.03
6,dt_single_agent,74,low,47174.06,0,21.51,0,0.002975,0.01
6,dt_single_agent,75,medium,20183.82,1,17.53,1,0.006207,0.02
6,dt_single_agent,76,low,38177.75,1,25.43,0,0.002692,0.01
6,dt_single_agent,77,high,1829.3,0,22.16,0,0.012914,0.03
6,dt_single_agent,78,medium,10461.49,1,17.29,0,0.007686,0.02
6,dt_single_agent,79,medium,16220.61,1,22.01,0,0.004747,0.02
6,dt_single_agent,80,high,6515.03,0,22.86,0,0.011299,0.03
6,dt_single_agent,81,medium,15143.12,1,20.34,0,0.007134,0.02
6,dt_single_agent,82,high,2197.2,0,23.95,0,0.011708,0.03
6,dt_single_agent,83,low,58337.55,1,16.61,0,0.002947,0.01
6,dt_single_agent,84,medium,19820.83,0,22.82,0,0.006709,0.02
6,dt_single_agent,85,high,9756.25,0,21.18,0,0.010499,0.03
6,dt_single_agent,86,low,58332.7,1,20.37,0,0.002361,0.01
6,dt_single_agent,87,low,59414.88,0,20.93,0,0.002364,0.01
6,dt_single_agent,88,medium,15498.27,1,23.78,0,0.004493,0.02
6,dt_single_agent,89,low,41777.22,1,18.67,0,0.003211,0.01
6,dt_single_agent,90,medium,9741.18,1,22.5,0,0.008031,0.02
6,dt_single_agent,91,medium,15143.68,1,20.58,0,0.005967,0.02
6,dt_single_agent,92,medium,18741.15,1,20.36,0,0.006902,0.02
6,dt_single_agent,93,medium,9751.1,1,21.85,0,0.006721,0.02
6,dt_single_agent,94,low,58694.8,1,23.83,0,0.002383,0.01
6,dt_single_agent,95,low,41784.48,1,23.22,0,0.003223,0.01
6,dt_single_agent,96,medium,23068.01,0,20.55,1,0.00624,0.02
6,dt_single_agent,97,low,46818.75,1,19.63,0,0.00269,0.01
6,dt_single_agent,98,high,13712.48,1,22.03,0,0.011448,0.03
6,dt_single_agent,99,high,5795.28,0,21.44,0,0.011493,0.03
6,dt_single_agent,100,low,37812.08,1,18.36,1,0.002969,0.01
6,dt_single_agent,101,high,8309.65,0,21.91,1,0.010751,0.03
6,dt_single_agent,102,high,9033.77,0,22.05,0,0.012601,0.03
6,dt_single_agent,103,high,3267.21,0,16.84,0,0.006808,0.03
6,dt_single_agent,104,high,2915.85,0,23.1,0,0.014157,0.03
6,dt_single_agent,105,medium,16947.25,0,19.35,0,0.005779,0.02
6,dt_single_agent,106,low,40696.86,1,16.05,0,0.00339,0.01
6,dt_single_agent,107,low,51142.93,1,25.79,0,0.002651,0.01
6,dt_single_agent,108,medium,5784.29,0,16.89,0,0.005749,0.02
6,dt_single_agent,109,medium,3623.53,0,20.01,1,0.006753,0.02
6,dt_single_agent,110,high,7588.75,0,16.65,0,0.009232,0.03
6,dt_single_agent,111,high,6515.98,1,21.85,0,0.012053,0.03
6,dt_single_agent,112,high,11553.66,0,24.24,0,0.008962,0.03
6,dt_single_agent,113,medium,23065.14,1,23.87,0,0.006067,0.02
6,dt_single_agent,114,medium,14065.03,1,26.59,0,0.005309,0.02
6,dt_single_agent,115,high,7599.6,0,23.28,0,0.015305,0.03
6,dt_single_agent,116,low,45022.32,1,19.11,0,0.003079,0.01
6,dt_single_agent,117,low,23775.65,0,21.85,1,0.003703,0.01
6,dt_single_agent,118,low,79576.9,1,21.33,0,0.002209,0.01
6,dt_single_agent,119,low,37096.88,1,16.97,0,0.00368,0.01
7,dt_single_agent,0,low,50416.43,1,21.4,0,0.002649,0.01
7,dt_single_agent,1,medium,16218.51,0,22.53,1,0.004714,0.02
7,dt_single_agent,2,high,4704.85,0,21.08,0,0.012218,0.03
7,dt_single_agent,3,medium,22705.75,0,25.8,0,0.00632,0.02
7,dt_single_agent,4,high,7229.6,1,20.55,0,0.015594,0.03
7,dt_single_agent,5,low,29894.08,0,24.43,0,0.002813,0.01
7,dt_single_agent,6,high,6142.87,0,23.26,0,0.013534,0.03
7,dt_single_agent,7,high,6149.41,0,23.86,1,0.012634,0.03
7,dt_single_agent,8,medium,22345.98,1,22.26,0,0.005176,0.02
7,dt_single_agent,9,medium,22702.37,1,21.43,1,0.00752,0.02
7,dt_single_agent,10,high,6508.38,0,18.78,0,0.010188,0.03
7,dt_single_agent,11,low,29181.73,1,22.63,0,0.002781,0.01
7,dt_single_agent,12,medium,23780.66,0,18.7,0,0.006542,0.02
7,dt_single_agent,13,low,62657.1,1,18.99,0,0.002475,0.01
7,dt_single_agent,14,medium,12624.08,0,20.93,0,0.004584,0.02
7,dt_single_agent,15,medium,19818.94,1,19.81,0,0.005913,0.02
7,dt_single_agent,16,medium,12990.86,0,22.03,0,0.004701,0.02
7,dt_single_agent,17,low,51498.7,1,20.29,0,0.003249,0.01
7,dt_single_agent,18,medium,10102.94,0,19.81,1,0.005243,0.02
7,dt_single_agent,19,high,5430.95,0,21.62,0,0.013961,0.03
7,dt_single_agent,20,low,40694.72,1,19.3,0,0.002761,0.01
7,dt_single_agent,21,medium,20541.78,1,22.56,0,0.004972,0.02
7,dt_single_agent,22,low,37813.52,1,19.25,1,0.002786,0.01
7,dt_single_agent,23,medium,9020.4,1,21.91,0,0.005779,0.02
7,dt_single_agent,24,low,50784.46,1,22.52,0,0.003201,0.01
7,dt_single_agent,25,low,31699.54,1,20.74,0,0.003198,0.01
7,dt_single_agent,26,low,26299.28,1,23.28,0,0.00335,0.01
7,dt_single_agent,27,low,38539.45,1,17.38,0,0.003696,0.01
7,dt_single_agent,28,low,43219.09,1,24.51,0,0.003532,0.01
7,dt_single_agent,29,high,6513.07,1,20.29,0,0.012169,0.03
7,dt_single_agent,30,medium,13339.96,0,14.83,0,0.006847,0.02
7,dt_single_agent,31,medium,16938.97,1,15.88,1,0.006321,0.02
7,dt_single_agent,32,medium,21979.64,1,15.41,0,0.006613,0.02
7,dt_single_agent,33,high,2547.71,1,22.09,0,0.011563,0.03
7,dt_single_agent,34,medium,12980.38,0,24.47,1,0.003755,0.02
7,dt_single_agent,35,medium,30266.59,1,23.19,0,0.00593,0.02
7,dt_single_agent,36,low,51861.89,1,23.03,0,0.002683,0.01
7,dt_single_agent,37,low,52942.24,1,16.73,0,0.002716,0.01
7,dt_single_agent,38,high,8671.85,1,23.11,0,0.011917,0.03
7,dt_single_agent,39,medium,30266.45,1,23.53,0,0.005654,0.02
7,dt_single_agent,40,medium,12268.32,0,18.59,0,0.005541,0.02
7,dt_single_agent,41,high,6882.09,1,24.34,0,0.009391,0.03
7,dt_single_agent,42,high,10125.57,0,21.94,0,0.012196,0.03
7,dt_single_agent,43,medium,11907.78,1,22.77,0,0.006265,0.02
7,dt_single_agent,44,medium,7223.54,0,18.09,1,0.006448,0.02
7,dt_single_agent,45,low,47183.68,1,19.75,0,0.003144,0.01
7,dt_single_agent,46,medium,18744.32,0,18.91,0,0.006216,0.02
7,dt_single_agent,47,medium,11179.51,1,16.25,0,0.005991,0.02
7,dt_single_agent,48,medium,15507.57,1,22.44,0,0.00628,0.02
7,dt_single_agent,49,medium,20183.98,1,17.64,0,0.006051,0.02
7,dt_single_agent,50,low,32057.62,1,20.94,0,0.003144,0.01
7,dt_single_agent,51,high,9027.98,0,21.76,0,0.009573,0.03
7,dt_single_agent,52,medium,12626.94,0,22.22,0,0.006557,0.02
7,dt_single_agent,53,high,7955.82,1,20.41,0,0.011815,0.03
7,dt_single_agent,54,medium,19817.36,1,22.36,0,0.005641,0.02
7,dt_single_agent,55,high,12274.02,0,19.6,0,0.013198,0.03
7,dt_single_agent,56,medium,19461.4,1,15.74,0,0.005164,0.02
7,dt_single_agent,57,medium,13347.88,1,20.81,0,0.004964,0.02
7,dt_single_agent,58,high,5790.74,0,22.06,0,0.009182,0.03
7,dt_single_agent,59,medium,14426.6,1,22.98,1,0.005268,0.02
7,dt_single_agent,60,high,9398.91,0,22.37,0,0.009929,0.03
7,dt_single_agent,61,medium,16223.17,0,22.94,0,0.006658,0.02
7,dt_single_agent,62,low,51857.96,1,21.8,0,0.002414,0.01
7,dt_single_agent,63,low,50411.67,1,18.44,1,0.002454,0.01
7,dt_single_agent,64,high,15508.54,0,22.34,0,0.009025,0.03
7,dt_single_agent,65,high,9748.78,0,24.8,1,0.011062,0.03
7,dt_single_agent,66,medium,15509.07,0,18.79,0,0.006431,0.02
7,dt_single_agent,67,low,43220.03,0,25.38,0,0.002469,0.01
7,dt_single_agent,68,high,3274.14,0,21.71,0,0.012481,0.03
7,dt_single_agent,69,medium,30622.5,1,15.99,0,0.005354,0.02
7,dt_single_agent,70,high,8673.93,1,22.04,0,0.011042,0.03
7,dt_single_agent,71,low,40331.4,1,20.85,0,0.003409,0.01
7,dt_single_agent,72,medium,8666.08,0,20.33,0,0.008375,0.02
7,dt_single_agent,73,low,50783.81,1,23.63,0,0.002937,0.01
7,dt_single_agent,74,high,3631.01,0,18.6,0,0.010502,0.03
7,dt_single_agent,75,low,50782.88,1,24.61,0,0.002782,0.01
7,dt_single_agent,76,high,4355.0,0,22.44,1,0.009642,0.03
7,dt_single_agent,77,high,6508.33,1,16.1,0,0.015513,0.03
7,dt_single_agent,78,low,40698.24,1,22.94,0,0.00373,0.01
7,dt_single_agent,79,low,61577.97,1,22.81,1,0.002802,0.01
7,dt_single_agent,80,low,45734.9,1,24.9,0,0.003255,0.01
7,dt_single_agent,81,high,8315.09,0,17.04,0,0.015108,0.03
7,dt_single_agent,82,medium,10101.79,0,15.59,0,0.007525,0.02
7,dt_single_agent,83,low,36384.92,1,22.34,0,0.002333,0.01
7,dt_single_agent,84,high,7956.1,1,21.53,0,0.012279,0.03
7,dt_single_agent,85,medium,7944.34,1,13.74,0,0.005582,0.02
7,dt_single_agent,86,medium,18740.41,0,19.11,0,0.005777,0.02
7,dt_single_agent,87,high,3272.62,1,20.78,0,0.012256,0.03
7,dt_single_agent,88,low,52939.37,1,21.84,0,0.002721,0.01
7,dt_single_agent,89,low,74538.45,0,21.51,0,0.00231,0.01
7,dt_single_agent,90,low,36733.0,1,18.15,0,0.003247,0.01
7,dt_single_agent,91,low,52937.87,1,19.32,1,0.003222,0.01
7,dt_single_agent,92,medium,22704.06,1,9.92,0,0.005875,0.02
7,dt_single_agent,93,high,9037.69,0,20.21,1,0.008562,0.03
7,dt_single_agent,94,medium,21262.94,1,18.02,0,0.006042,0.02
7,dt_single_agent,95,low,54017.37,1,17.31,0,0.002843,0.01
7,dt_single_agent,96,low,38904.65,1,23.26,1,0.003073,0.01
7,dt_single_agent,97,high,4351.4,0,21.05,0,0.010113,0.03
7,dt_single_agent,98,medium,15861.74,1,17.93,0,0.00439,0.02
7,dt_single_agent,99,medium,18019.11,1,20.02,0,0.005264,0.02
7,dt_single_agent,100,high,11912.91,0,16.92,0,0.015545,0.03
7,dt_single_agent,101,high,5069.62,0,23.38,0,0.014288,0.03
7,dt_single_agent,102,low,50064.52,1,24.21,0,0.003416,0.01
7,dt_single_agent,103,medium,13703.08,0,19.19,0,0.006892,0.02
7,dt_single_agent,104,low,31331.71,1,24.12,0,0.003525,0.01
7,dt_single_agent,105,high,2907.12,0,18.42,0,0.013449,0.03
7,dt_single_agent,106,high,3630.27,0,20.94,0,0.013601,0.03
7,dt_single_agent,107,low,54740.64,1,19.9,0,0.003112,0.01
7,dt_single_agent,108,medium,15500.72,1,20.15,0,0.006068,0.02
7,dt_single_agent,109,medium,11177.97,1,24.47,1,0.006773,0.02
7,dt_single_agent,110,high,6878.51,0,20.68,0,0.013859,0.03
7,dt_single_agent,111,high,8672.72,0,19.91,0,0.010105,0.03
7,dt_single_agent,112,high,14798.34,0,18.16,1,0.011861,0.03
7,dt_single_agent,113,low,36738.18,1,20.55,0,0.00281,0.01
7,dt_single_agent,114,high,2912.25,0,19.1,1,0.011651,0.03
7,dt_single_agent,115,medium,33864.74,1,19.24,0,0.003824,0.02
7,dt_single_agent,116,high,3264.74,0,19.66,0,0.011621,0.03
7,dt_single_agent,117,low,46815.82,1,21.14,0,0.00289,0.01
7,dt_single_agent,118,low,45378.25,1,20.34,1,0.003217,0.01
7,dt_single_agent,119,high,6515.13,0,15.23,0,0.012589,0.03
8,dt_single_agent,0,medium,17659.52,1,22.15,0,0.006253,0.02
8,dt_single_agent,1,high,3633.43,1,28.11,0,0.009573,0.03
8,dt_single_agent,2,low,44650.35,1,18.86,0,0.003232,0.01
8,dt_single_agent,3,low,45380.93,1,22.13,0,0.00308,0.01
8,dt_single_agent,4,high,6513.39,1,21.85,0,0.012065,0.03
8,dt_single_agent,5,medium,22703.69,1,26.84,0,0.005544,0.02
8,dt_single_agent,6,high,3276.1,0,21.81,0,0.01422,0.03
8,dt_single_agent,7,low,33147.16,1,21.98,0,0.003018,0.01
8,dt_single_agent,8,high,9034.28,0,20.56,0,0.013261,0.03
8,dt_single_agent,9,high,5433.49,0,22.13,0,0.012548,0.03
8,dt_single_agent,10,low,34229.1,1,20.21,0,0.003119,0.01
8,dt_single_agent,11,medium,13706.19,1,19.22,0,0.004202,0.02
8,dt_single_agent,12,high,13351.52,0,17.6,0,0.012205,0.03
8,dt_single_agent,13,medium,14064.72,0,17.98,1,0.005534,0.02
8,dt_single_agent,14,low,45379.89,0,22.1,1,0.002905,0.01
8,dt_single_agent,15,high,7955.12,0,18.21,1,0.011374,0.03
8,dt_single_agent,16,high,12628.06,0,25.11,0,0.013229,0.03
8,dt_single_agent,17,low,42862.24,1,25.02,0,0.002724,0.01
8,dt_single_agent,18,high,1469.96,1,17.84,0,0.01326,0.03
8,dt_single_agent,19,medium,17304.88,1,19.93,0,0.005823,0.02
8,dt_single_agent,20,low,47899.06,1,16.68,0,0.003009,0.01
8,dt_single_agent,21,medium,15502.86,1,21.67,0,0.007052,0.02
8,dt_single_agent,22,high,3989.96,0,21.45,0,0.013806,0.03
8,dt_single_agent,23,low,48983.43,1,15.62,0,0.00261,0.01
8,dt_single_agent,24,medium,16579.34,0,20.55,0,0.006765,0.02
8,dt_single_agent,25,medium,15504.92,1,23.26,0,0.005226,0.02
8,dt_single_agent,26,medium,12982.56,1,20.2,0,0.005523,0.02
8,dt_single_agent,27,high,6150.85,0,25.21,0,0.014728,0.03
8,dt_single_agent,28,low,36017.62,1,21.2,0,0.002722,0.01
8,dt_single_agent,29,low,64818.18,1,23.99,0,0.001974,0.01
8,dt_single_agent,30,medium,6502.4,1,24.71,0,0.006523,0.02
8,dt_single_agent,31,high,10466.07,0,17.91,0,0.01034,0.03
8,dt_single_agent,32,medium,9749.04,1,18.58,0,0.005563,0.02
8,dt_single_agent,33,medium,13343.93,0,20.73,0,0.006838,0.02
8,dt_single_agent,34,medium,14780.15,1,24.97,0,0.007246,0.02
8,dt_single_agent,35,high,7228.32,1,15.44,0,0.014357,0.03
8,dt_single_agent,36,low,48973.38,1,25.4,0,0.00303,0.01
8,dt_single_agent,37,high,6871.06,0,15.59,1,0.01114,0.03
8,dt_single_agent,38,high,11554.02,1,16.54,0,0.015795,0.03
8,dt_single_agent,39,medium,20905.43,0,20.67,0,0.005131,0.02
8,dt_single_agent,40,medium,18020.78,1,19.54,0,0.005578,0.02
8,dt_single_agent,41,low,34932.21,1,15.02,0,0.003154,0.01
8,dt_single_agent,42,medium,9385.2,0,19.21,0,0.005476,0.02
8,dt_single_agent,43,high,11919.78,1,19.52,0,0.010691,0.03
8,dt_single_agent,44,high,4711.45,1,21.5,0,0.016683,0.03
8,dt_single_agent,45,high,7598.31,0,19.57,0,0.011329,0.03
8,dt_single_agent,46,low,67698.78,1,21.92,0,0.001297,0.01
8,dt_single_agent,47,high,1836.09,0,21.49,0,0.009526,0.03
8,dt_single_agent,48,low,36010.43,1,19.27,0,0.003737,0.01
8,dt_single_agent,49,low,50058.18,1,24.74,0,0.003406,0.01
8,dt_single_agent,50,medium,13340.87,1,20.84,0,0.005008,0.02
8,dt_single_agent,51,high,5796.19,0,17.73,0,0.012694,0.03
8,dt_single_agent,52,medium,8302.63,1,24.51,0,0.004126,0.02
8,dt_single_agent,53,high,5067.74,0,20.88,0,0.013215,0.03
8,dt_single_agent,54,medium,23430.22,1,21.76,0,0.007595,0.02
8,dt_single_agent,55,medium,13701.18,0,21.29,0,0.007219,0.02
8,dt_single_agent,56,medium,8311.4,1,19.88,0,0.007489,0.02
8,dt_single_agent,57,high,6159.52,0,25.03,0,0.011903,0.03
8,dt_single_agent,58,high,6510.06,0,19.38,0,0.010982,0.03
8,dt_single_agent,59,medium,24869.97,1,16.38,0,0.005267,0.02
8,dt_single_agent,60,low,38546.78,1,18.72,0,0.004044,0.01
8,dt_single_agent,61,medium,28461.15,1,25.4,0,0.006059,0.02
8,dt_single_agent,62,high,3634.54,0,22.11,0,0.013103,0.03
8,dt_single_agent,63,low,47536.91,1,20.56,0,0.003644,0.01
8,dt_single_agent,64,high,7595.81,0,19.3,0,0.014753,0.03
8,dt_single_agent,65,high,2922.32,0,18.28,0,0.010889,0.03
8,dt_single_agent,66,low,30975.01,1,25.27,0,0.00275,0.01
8,dt_single_agent,67,high,4708.24,1,19.28,0,0.012685,0.03
8,dt_single_agent,68,high,6877.49,0,23.55,0,0.012953,0.03
8,dt_single_agent,69,high,13711.67,0,20.93,0,0.012386,0.03
8,dt_single_agent,70,high,3999.56,0,19.48,0,0.01203,0.03
8,dt_single_agent,71,high,7598.15,1,23.7,0,0.010577,0.03
8,dt_single_agent,72,high,5072.18,1,18.94,0,0.009265,0.03
8,dt_single_agent,73,high,4357.5,0,26.23,1,0.011133,0.03
8,dt_single_agent,74,high,12277.46,0,25.62,0,0.010748,0.03
8,dt_single_agent,75,high,1114.32,0,21.17,0,0.011876,0.03
8,dt_single_agent,76,low,38176.69,1,22.55,0,0.00347,0.01
8,dt_single_agent,77,high,1827.83,0,26.8,0,0.01051,0.03
8,dt_single_agent,78,low,34218.63,1,17.23,0,0.002917,0.01
8,dt_single_agent,79,high,1471.08,0,17.73,0,0.011947,0.03
8,dt_single_agent,80,low,43221.1,0,22.33,1,0.003183,0.01
8,dt_single_agent,81,low,52935.32,1,25.62,0,0.002574,0.01
8,dt_single_agent,82,high,3626.41,0,21.2,0,0.012187,0.03
8,dt_single_agent,83,high,8669.44,1,16.75,0,0.009569,0.03
8,dt_single_agent,84,medium,28824.08,0,22.22,0,0.006055,0.02
8,dt_single_agent,85,medium,28462.46,0,20.36,0,0.005212,0.02
8,dt_single_agent,86,medium,20179.46,1,21.05,0,0.006562,0.02
8,dt_single_agent,87,low,30252.65,1,23.71,0,0.002678,0.01
8,dt_single_agent,88,low,31339.21,1,20.7,0,0.003045,0.01
8,dt_single_agent,89,medium,8661.52,1,16.91,0,0.00514,0.02
8,dt_single_agent,90,low,59053.66,1,22.4,0,0.002216,0.01
8,dt_single_agent,91,high,3631.15,0,17.46,0,0.009412,0.03
8,dt_single_agent,92,medium,13707.22,0,19.63,0,0.005815,0.02
8,dt_single_agent,93,low,37818.75,1,18.42,0,0.003029,0.01
8,dt_single_agent,94,low,64454.92,1,22.72,0,0.002559,0.01
8,dt_single_agent,95,high,6513.17,0,16.42,0,0.008117,0.03
8,dt_single_agent,96,medium,9745.17,1,20.02,0,0.005843,0.02
8,dt_single_agent,97,low,58696.0,1,16.6,0,0.001816,0.01
8,dt_single_agent,98,medium,11183.66,1,16.83,0,0.007237,0.02
8,dt_single_agent,99,medium,19103.83,0,26.82,1,0.00531,0.02
8,dt_single_agent,100,low,41417.99,1,19.78,0,0.003377,0.01
8,dt_single_agent,101,low,43933.09,0,20.7,0,0.003274,0.01
8,dt_single_agent,102,medium,16942.57,1,17.28,0,0.007488,0.02
8,dt_single_agent,103,medium,20545.15,1,20.17,1,0.005461,0.02
8,dt_single_agent,104,high,11191.17,0,15.93,0,0.011463,0.03
8,dt_single_agent,105,high,10107.71,0,22.98,0,0.009254,0.03
8,dt_single_agent,106,low,48621.84,1,21.46,0,0.002977,0.01
8,dt_single_agent,107,low,47896.46,1,20.64,0,0.003026,0.01
8,dt_single_agent,108,medium,8303.45,1,20.42,0,0.00528,0.02
8,dt_single_agent,109,low,70221.61,1,19.43,0,0.002439,0.01
8,dt_single_agent,110,low,43219.64,0,18.08,0,0.002169,0.01
8,dt_single_agent,111,medium,5059.08,0,18.98,0,0.00537,0.02
8,dt_single_agent,112,medium,4340.67,1,21.96,0,0.006804,0.02
8,dt_single_agent,113,low,43936.11,1,21.19,0,0.003848,0.01
8,dt_single_agent,114,medium,7578.94,1,19.71,1,0.006551,0.02
8,dt_single_agent,115,low,43578.47,1,24.13,0,0.003907,0.01
8,dt_single_agent,116,medium,10108.35,1,21.24,0,0.006915,0.02
8,dt_single_agent,117,high,4354.15,1,18.99,0,0.011618,0.03
8,dt_single_agent,118,medium,10459.04,1,20.36,0,0.005274,0.02
8,dt_single_agent,119,high,7592.59,0,18.9,0,0.014908,0.03
9,dt_single_agent,0,medium,14423.69,1,21.58,0,0.006553,0.02
9,dt_single_agent,1,medium,7227.89,0,22.34,0,0.005915,0.02
9,dt_single_agent,2,low,69137.38,1,21.33,1,0.002561,0.01
9,dt_single_agent,3,high,7231.22,0,15.61,1,0.0105,0.03
9,dt_single_agent,4,high,5790.32,0,24.65,0,0.012902,0.03
9,dt_single_agent,5,low,55107.03,1,23.02,0,0.003227,0.01
9,dt_single_agent,6,high,10467.61,1,21.35,1,0.009432,0.03
9,dt_single_agent,7,low,37820.17,1,17.59,0,0.00287,0.01
9,dt_single_agent,8,high,2916.82,0,24.15,0,0.012744,0.03
9,dt_single_agent,9,high,8313.47,0,22.94,0,0.012739,0.03
9,dt_single_agent,10,low,45376.25,1,19.05,1,0.002688,0.01
9,dt_single_agent,11,medium,18384.51,1,19.81,0,0.005986,0.02
9,dt_single_agent,12,medium,19464.64,1,22.66,0,0.007446,0.02
9,dt_single_agent,13,medium,15859.98,1,20.91,0,0.005166,0.02
9,dt_single_agent,14,low,41051.54,1,13.02,0,0.00362,0.01
9,dt_single_agent,15,high,6508.53,0,23.49,0,0.013294,0.03
9,dt_single_agent,16,low,42132.64,1,23.12,0,0.004035,0.01
9,dt_single_agent,17,medium,21621.35,1,21.94,0,0.005694,0.02
9,dt_single_agent,18,medium,10822.63,1,21.26,0,0.005818,0.02
9,dt_single_agent,19,low,59055.45,1,24.6,0,0.002635,0.01
9,dt_single_agent,20,low,42138.47,0,21.03,1,0.002844,0.01
9,dt_single_agent,21,medium,21622.08,1,18.19,0,0.006539,0.02
9,dt_single_agent,22,low,43217.22,1,21.05,0,0.003295,0.01
9,dt_single_agent,23,medium,36743.45,1,22.97,0,0.004794,0.02
9,dt_single_agent,24,low,59415.92,0,20.84,0,0.002867,0.01
9,dt_single_agent,25,medium,15869.9,1,23.08,0,0.007994,0.02
9,dt_single_agent,26,high,14432.7,0,18.13,0,0.011982,0.03
9,dt_single_agent,27,medium,5784.65,1,21.69,0,0.005322,0.02
9,dt_single_agent,28,low,67340.28,1,13.7,0,0.002405,0.01
9,dt_single_agent,29,low,39974.35,1,17.93,0,0.003519,0.01
9,dt_single_agent,30,high,9756.73,0,22.54,0,0.01251,0.03
9,dt_single_agent,31,medium,5782.32,1,15.13,0,0.007233,0.02
9,dt_single_agent,32,low,35298.14,1,21.88,0,0.002804,0.01
9,dt_single_agent,33,medium,18740.86,1,16.38,0,0.00623,0.02
9,dt_single_agent,34,medium,10464.4,1,27.56,0,0.007054,0.02
9,dt_single_agent,35,low,46098.31,1,23.06,0,0.002817,0.01
9,dt_single_agent,36,low,38176.55,1,22.19,0,0.003651,0.01
9,dt_single_agent,37,medium,10098.67,0,22.03,0,0.006757,0.02
9,dt_single_agent,38,medium,19823.2,1,22.01,0,0.004192,0.02
9,dt_single_agent,39,low,46100.92,1,21.66,0,0.003084,0.01
9,dt_single_agent,40,high,6872.24,0,23.58,0,0.0135,0.03
9,dt_single_agent,41,high,10470.9,0,24.18,0,0.010849,0.03
9,dt_single_agent,42,medium,17655.69,1,23.54,0,0.007693,0.02
9,dt_single_agent,43,low,54007.52,0,25.91,0,0.002334,0.01
9,dt_single_agent,44,high,7231.85,0,25.01,0,0.010993,0.03
9,dt_single_agent,45,high,11919.84,0,25.99,0,0.008404,0.03
9,dt_single_agent,46,low,37826.53,1,26.08,0,0.003634,0.01
9,dt_single_agent,47,low,35664.26,1,16.88,0,0.003186,0.01
9,dt_single_agent,48,medium,18741.99,0,22.88,0,0.006379,0.02
9,dt_single_agent,49,high,14791.73,0,17.36,0,0.012887,0.03
9,dt_single_agent,50,low,53663.99,1,21.22,1,0.003172,0.01
9,dt_single_agent,51,low,36377.28,1,18.27,1,0.003112,0.01
9,dt_single_agent,52,medium,18742.71,1,26.26,0,0.005667,0.02
9,dt_single_agent,53,low,41412.73,1,21.36,0,0.0033,0.01
9,dt_single_agent,54,medium,12988.56,1,19.59,0,0.006136,0.02
9,dt_single_agent,55,low,35651.44,1,23.46,0,0.003661,0.01
9,dt_single_agent,56,high,4710.45,0,21.67,0,0.013128,0.03
9,dt_single_agent,57,low,54374.92,1,24.7,1,0.003091,0.01
9,dt_single_agent,58,medium,20537.99,1,18.96,0,0.004876,0.02
9,dt_single_agent,59,high,5433.89,0,16.54,0,0.012164,0.03
9,dt_single_agent,60,low,44294.75,1,15.3,0,0.003208,0.01
9,dt_single_agent,61,low,59056.95,1,25.5,0,0.001957,0.01
9,dt_single_agent,62,high,3989.45,0,23.08,0,0.013744,0.03
9,dt_single_agent,63,low,46459.54,1,22.11,0,0.003085,0.01
9,dt_single_agent,64,medium,6510.35,1,24.76,0,0.006913,0.02
9,dt_single_agent,65,low,51859.58,1,21.51,1,0.002634,0.01
9,dt_single_agent,66,medium,11905.13,1,21.27,0,0.006159,0.02
9,dt_single_agent,67,high,7589.49,0,20.79,1,0.010601,0.03
9,dt_single_agent,68,high,7599.34,0,23.0,0,0.016153,0.03
9,dt_single_agent,69,low,47893.77,1,22.22,0,0.003381,0.01
9,dt_single_agent,70,low,37468.79,1,21.35,0,0.003411,0.01
9,dt_single_agent,71,high,12990.0,0,23.7,1,0.008336,0.03
9,dt_single_agent,72,medium,20540.63,0,19.39,0,0.008039,0.02
9,dt_single_agent,73,high,6868.24,0,24.21,0,0.010324,0.03
9,dt_single_agent,74,low,46457.32,1,22.13,0,0.003323,0.01
9,dt_single_agent,75,low,37460.19,1,23.2,0,0.002949,0.01
9,dt_single_agent,76,medium,9377.71,0,23.13,0,0.005007,0.02
9,dt_single_agent,77,low,63013.55,1,25.67,0,0.002462,0.01
9,dt_single_agent,78,low,44297.0,1,18.28,0,0.003563,0.01
9,dt_single_agent,79,medium,10822.64,1,18.94,0,0.006544,0.02
9,dt_single_agent,80,high,7225.93,0,22.73,0,0.013597,0.03
9,dt_single_agent,81,low,32778.12,0,23.75,0,0.002627,0.01
9,dt_single_agent,82,low,39609.06,1,20.81,0,0.003966,0.01
9,dt_single_agent,83,high,4353.04,0,22.16,0,0.016637,0.03
9,dt_single_agent,84,low,59053.71,1,21.57,1,0.002446,0.01
9,dt_single_agent,85,low,43939.13,1,19.82,0,0.003327,0.01
9,dt_single_agent,86,low,50058.26,1,19.81,1,0.003024,0.01
9,dt_single_agent,87,low,36378.14,0,21.28,0,0.002788,0.01
9,dt_single_agent,88,medium,31705.18,1,25.89,1,0.004794,0.02
9,dt_single_agent,89,low,37087.27,1,21.62,1,0.003437,0.01
9,dt_single_agent,90,medium,14780.4,1,20.77,1,0.005171,0.02
9,dt_single_agent,91,medium,9743.12,1,24.14,1,0.004627,0.02
9,dt_single_agent,92,medium,14787.27,1,21.13,0,0.005817,0.02
9,dt_single_agent,93,medium,10826.77,1,21.44,0,0.005683,0.02
9,dt_single_agent,94,high,4356.74,0,25.48,0,0.012515,0.03
9,dt_single_agent,95,low,33497.83,1,19.61,0,0.003566,0.01
9,dt_single_agent,96,low,55816.44,1,23.84,0,0.002921,0.01
9,dt_single_agent,97,low,60857.55,1,20.62,0,0.00233,0.01
9,dt_single_agent,98,high,7590.7,0,23.16,0,0.01236,0.03
9,dt_single_agent,99,high,5434.93,0,22.95,0,0.014441,0.03
9,dt_single_agent,100,medium,17309.78,1,19.53,0,0.0066,0.02
9,dt_single_agent,101,high,10474.14,1,13.52,0,0.010585,0.03
9,dt_single_agent,102,low,48614.74,1,19.03,0,0.003504,0.01
9,dt_single_agent,103,high,2911.51,0,22.29,0,0.012341,0.03
9,dt_single_agent,104,high,8671.38,0,18.22,0,0.014771,0.03
9,dt_single_agent,105,medium,15864.35,0,26.09,1,0.006189,0.02
9,dt_single_agent,106,high,8669.59,0,24.4,0,0.012133,0.03
9,dt_single_agent,107,low,54374.92,1,17.95,0,0.00283,0.01
9,dt_single_agent,108,medium,11902.05,1,17.5,1,0.005557,0.02
9,dt_single_agent,109,low,46819.69,1,22.31,1,0.00324,0.01
9,dt_single_agent,110,high,9037.19,1,19.24,0,0.013291,0.03
9,dt_single_agent,111,medium,10460.58,1,20.6,0,0.00725,0.02
9,dt_single_agent,112,high,5076.0,0,23.42,0,0.010021,0.03
9,dt_single_agent,113,low,43935.02,1,18.88,0,0.003217,0.01
9,dt_single_agent,114,medium,16582.0,1,20.74,0,0.004327,0.02
9,dt_single_agent,115,low,37821.3,1,19.32,0,0.00354,0.01
9,dt_single_agent,116,high,6514.31,0,21.26,0,0.015221,0.03
9,dt_single_agent,117,low,43571.82,1,20.78,0,0.003063,0.01
9,dt_single_agent,118,low,65544.31,1,24.91,0,0.002269,0.01
9,dt_single_agent,119,medium,23055.24,0,14.01,1,0.006644,0.02
10,dt_single_agent,0,low,28819.89,1,22.4,0,0.003519,0.01
10,dt_single_agent,1,medium,15140.77,1,17.75,1,0.005802,0.02
10,dt_single_agent,2,high,8671.88,1,21.15,1,0.012334,0.03
10,dt_single_agent,3,medium,12262.36,0,21.84,0,0.006213,0.02
10,dt_single_agent,4,medium,16225.3,0,19.38,1,0.007267,0.02
10,dt_single_agent,5,low,38185.78,1,21.16,0,0.00288,0.01
10,dt_single_agent,6,medium,12263.62,1,25.41,0,0.00685,0.02
10,dt_single_agent,7,low,45737.57,1,18.91,1,0.002953,0.01
10,dt_single_agent,8,low,41775.52,1,19.85,0,0.00272,0.01
10,dt_single_agent,9,high,6145.62,1,18.06,0,0.011359,0.03
10,dt_single_agent,10,high,7591.51,1,20.06,0,0.01313,0.03
10,dt_single_agent,11,medium,22343.85,1,19.25,0,0.004166,0.02
10,dt_single_agent,12,low,48981.82,1,25.73,1,0.00345,0.01
10,dt_single_agent,13,medium,12626.8,1,14.3,1,0.005081,0.02
10,dt_single_agent,14,low,19458.66,1,21.2,0,0.003467,0.01
10,dt_single_agent,15,high,2553.15,0,21.59,0,0.013584,0.03
10,dt_single_agent,16,high,7591.55,0,23.28,0,0.011493,0.03
10,dt_single_agent,17,low,67694.61,1,25.67,0,0.002243,0.01
10,dt_single_agent,18,high,7947.08,0,20.52,0,0.013371,0.03
10,dt_single_agent,19,high,6876.8,1,14.12,0,0.012549,0.03
10,dt_single_agent,20,low,48978.34,1,18.98,0,0.002715,0.01
10,dt_single_agent,21,low,36733.21,1,24.31,0,0.003265,0.01
10,dt_single_agent,22,medium,15145.02,1,22.67,0,0.005416,0.02
10,dt_single_agent,23,high,5441.88,0,22.52,0,0.015019,0.03
10,dt_single_agent,24,low,33856.95,1,22.47,0,0.001912,0.01
10,dt_single_agent,25,high,6147.8,0,10.74,0,0.012743,0.03
10,dt_single_agent,26,medium,24147.21,1,27.21,0,0.005989,0.02
10,dt_single_agent,27,high,3993.88,0,20.85,1,0.010819,0.03
10,dt_single_agent,28,high,8664.04,0,20.34,1,0.010968,0.03
10,dt_single_agent,29,high,5074.64,1,22.31,0,0.00789,0.03
10,dt_single_agent,30,medium,16940.8,0,18.88,0,0.005899,0.02
10,dt_single_agent,31,low,54014.12,1,25.55,0,0.00325,0.01
10,dt_single_agent,32,low,51144.31,1,19.44,0,0.002902,0.01
10,dt_single_agent,33,high,5790.0,0,22.88,0,0.009857,0.03
10,dt_single_agent,34,high,7590.61,0,20.63,0,0.013173,0.03
10,dt_single_agent,35,low,50418.33,1,21.21,0,0.003351,0.01
10,dt_single_agent,36,low,41773.84,1,24.57,0,0.002584,0.01
10,dt_single_agent,37,medium,10460.89,0,22.05,0,0.006169,0.02
10,dt_single_agent,38,high,11912.97,1,21.83,1,0.011355,0.03
10,dt_single_agent,39,medium,20547.19,1,20.06,0,0.005877,0.02
10,dt_single_agent,40,medium,9755.38,1,17.17,0,0.005776,0.02
10,dt_single_agent,41,medium,14785.48,0,20.04,0,0.005147,0.02
10,dt_single_agent,42,medium,25585.26,0,19.76,1,0.006115,0.02
10,dt_single_agent,43,high,7236.73,1,21.56,0,0.010715,0.03
10,dt_single_agent,44,medium,27386.96,1,14.67,0,0.004594,0.02
10,dt_single_agent,45,high,1824.3,0,19.89,0,0.011696,0.03
10,dt_single_agent,46,low,61210.49,1,26.54,0,0.002412,0.01
10,dt_single_agent,47,low,51852.33,1,24.23,0,0.002387,0.01
10,dt_single_agent,48,high,10472.06,0,21.77,1,0.010777,0.03
10,dt_single_agent,49,high,3629.54,0,18.15,1,0.011468,0.03
10,dt_single_agent,50,high,9033.07,0,28.02,0,0.014396,0.03
10,dt_single_agent,51,medium,9376.76,0,23.36,0,0.005779,0.02
10,dt_single_agent,52,high,7226.77,1,20.45,0,0.010217,0.03
10,dt_single_agent,53,low,48257.11,0,19.31,0,0.002768,0.01
10,dt_single_agent,54,low,45739.03,1,13.96,0,0.003866,0.01
10,dt_single_agent,55,high,7230.51,0,19.42,1,0.007883,0.03
10,dt_single_agent,56,high,5423.35,0,20.77,0,0.014794,0.03
10,dt_single_agent,57,high,9390.92,1,20.44,0,0.011098,0.03
10,dt_single_agent,58,medium,10103.14,0,22.62,0,0.005694,0.02
10,dt_single_agent,59,medium,13702.2,1,15.29,0,0.006236,0.02
10,dt_single_agent,60,low,43573.6,1,16.31,0,0.003625,0.01
10,dt_single_agent,61,high,9028.52,1,20.57,0,0.012389,0.03
10,dt_single_agent,62,high,10469.67,0,18.29,0,0.014649,0.03
10,dt_single_agent,63,high,10830.14,1,14.84,1,0.011703,0.03
10,dt_single_agent,64,high,13716.3,1,24.76,0,0.012864,0.03
10,dt_single_agent,65,high,6514.35,0,15.4,0,0.013946,0.03
10,dt_single_agent,66,low,32055.58,0,21.8,0,0.003492,0.01
10,dt_single_agent,67,medium,20185.4,1,19.41,0,0.005442,0.02
10,dt_single_agent,68,medium,15863.86,0,25.0,0,0.005631,0.02
10,dt_single_agent,69,medium,15141.64,1,22.68,0,0.008316,0.02
10,dt_single_agent,70,high,3996.69,0,21.01,0,0.011018,0.03
10,dt_single_agent,71,medium,16948.36,1,22.24,0,0.006314,0.02
10,dt_single_agent,72,high,9029.27,1,24.8,0,0.012928,0.03
10,dt_single_agent,73,high,10834.14,1,20.48,0,0.009459,0.03
10,dt_single_agent,74,low,51140.58,1,23.55,0,0.003221,0.01
10,dt_single_agent,75,high,5438.96,0,17.21,0,0.01201,0.03
10,dt_single_agent,76,high,1830.74,1,12.68,0,0.01356,0.03
10,dt_single_agent,77,medium,17664.68,1,21.22,0,0.006369,0.02
10,dt_single_agent,78,low,65538.2,1,23.59,1,0.002403,0.01
10,dt_single_agent,79,high,5787.56,0,21.92,0,0.012105,0.03
10,dt_single_agent,80,high,17315.95,0,23.92,0,0.010086,0.03
10,dt_single_agent,81,low,48976.31,0,24.54,0,0.003095,0.01
10,dt_single_agent,82,medium,10466.68,1,22.38,0,0.007271,0.02
10,dt_single_agent,83,high,6512.76,0,24.94,0,0.01256,0.03
10,dt_single_agent,84,high,7959.31,0,21.7,0,0.013717,0.03
10,dt_single_agent,85,medium,27023.32,1,25.6,0,0.004365,0.02
10,dt_single_agent,86,medium,11186.46,0,14.29,0,0.006596,0.02
10,dt_single_agent,87,medium,8659.67,1,27.34,1,0.006168,0.02
10,dt_single_agent,88,high,2193.37,1,16.62,0,0.0119,0.03
10,dt_single_agent,89,high,12272.93,1,20.0,0,0.009791,0.03
10,dt_single_agent,90,low,38900.48,1,25.79,0,0.003104,0.01
10,dt_single_agent,91,high,3270.63,1,19.25,0,0.014679,0.03
10,dt_single_agent,92,medium,12986.88,1,22.06,0,0.006721,0.02
10,dt_single_agent,93,low,37820.08,1,13.99,0,0.002933,0.01
10,dt_single_agent,94,medium,19111.06,0,17.58,0,0.006803,0.02
10,dt_single_agent,95,low,49343.11,1,20.4,0,0.002934,0.01
10,dt_single_agent,96,high,1836.49,0,19.61,0,0.014277,0.03
10,dt_single_agent,97,medium,11538.32,1,25.31,0,0.006091,0.02
10,dt_single_agent,98,high,7601.77,0,15.86,0,0.013707,0.03
10,dt_single_agent,99,high,7947.71,0,19.95,0,0.010681,0.03
10,dt_single_agent,100,low,56901.8,1,19.93,0,0.002912,0.01
10,dt_single_agent,101,high,15517.64,0,24.03,1,0.010093,0.03
10,dt_single_agent,102,medium,6504.1,1,21.78,0,0.005467,0.02
10,dt_single_agent,103,medium,16589.19,0,18.4,0,0.005031,0.02
10,dt_single_agent,104,high,10470.25,1,22.58,0,0.010284,0.03
10,dt_single_agent,105,low,44659.06,1,18.69,0,0.003104,0.01
10,dt_single_agent,106,low,43215.32,1,20.56,0,0.003413,0.01
10,dt_single_agent,107,medium,12261.66,1,21.28,1,0.004524,0.02
10,dt_single_agent,108,high,5789.79,0,20.96,0,0.013753,0.03
10,dt_single_agent,109,high,7591.36,0,21.64,0,0.01232,0.03
10,dt_single_agent,110,low,30979.39,1,27.09,0,0.003706,0.01
10,dt_single_agent,111,high,6514.88,0,18.87,0,0.013268,0.03
10,dt_single_agent,112,low,52938.34,1,21.42,0,0.002437,0.01
10,dt_single_agent,113,high,2915.6,0,20.56,1,0.012738,0.03
10,dt_single_agent,114,high,6504.26,0,15.26,0,0.01301,0.03
10,dt_single_agent,115,low,42860.21,1,23.37,0,0.00182,0.01
10,dt_single_agent,116,high,12989.79,0,20.96,0,0.014404,0.03
10,dt_single_agent,117,medium,19819.35,1,24.01,0,0.005423,0.02
10,dt_single_agent,118,low,55097.05,1,19.83,0,0.002459,0.01
10,dt_single_agent,119,low,39254.87,1,23.82,0,0.003379,0.01
11,dt_single_agent,0,low,29895.95,1,26.31,0,0.003626,0.01
11,dt_single_agent,1,high,9392.33,1,20.7,1,0.010986,0.03
11,dt_single_agent,2,high,12636.65,0,24.33,1,0.008593,0.03
11,dt_single_agent,3,high,9751.82,0,18.96,0,0.01433,0.03
11,dt_single_agent,4,low,39616.11,1,20.73,1,0.003706,0.01
11,dt_single_agent,5,medium,29546.89,1,16.13,0,0.005739,0.02
11,dt_single_agent,6,medium,18028.06,0,28.03,0,0.004556,0.02
11,dt_single_agent,7,medium,18023.85,1,19.05,0,0.007036,0.02
11,dt_single_agent,8,low,39969.87,1,21.58,0,0.003631,0.01
11,dt_single_agent,9,low,61932.09,0,21.28,0,0.002346,0.01
11,dt_single_agent,10,medium,21979.54,1,17.39,0,0.004127,0.02
11,dt_single_agent,11,low,57258.08,1,20.2,1,0.003052,0.01
11,dt_single_agent,12,low,30983.37,1,19.64,0,0.002554,0.01
11,dt_single_agent,13,low,45378.23,1,19.72,0,0.003136,0.01
11,dt_single_agent,14,high,2183.68,0,23.12,0,0.011797,0.03
11,dt_single_agent,15,low,44294.41,1,20.5,0,0.003941,0.01
11,dt_single_agent,16,medium,16222.98,0,19.48,0,0.0064,0.02
11,dt_single_agent,17,medium,16583.53,0,17.99,0,0.007363,0.02
11,dt_single_agent,18,medium,10464.55,1,17.01,0,0.005983,0.02
11,dt_single_agent,19,medium,28821.78,1,22.82,0,0.005916,0.02
11,dt_single_agent,20,medium,13704.58,1,26.29,0,0.005683,0.02
11,dt_single_agent,21,medium,21623.77,1,18.28,0,0.004917,0.02
11,dt_single_agent,22,high,6148.87,0,20.3,0,0.011453,0.03
11,dt_single_agent,23,low,48254.66,0,20.28,0,0.002356,0.01
11,dt_single_agent,24,medium,8655.1,0,27.92,0,0.006373,0.02
11,dt_single_agent,25,low,44662.64,1,27.13,0,0.003656,0.01
11,dt_single_agent,26,low,47174.67,1,25.19,0,0.003435,0.01
11,dt_single_agent,27,high,8673.54,0,24.54,0,0.014104,0.03
11,dt_single_agent,28,medium,12618.88,0,25.05,0,0.005643,0.02
11,dt_single_agent,29,low,51856.38,1,18.23,0,0.002978,0.01
11,dt_single_agent,30,high,6149.92,0,18.86,1,0.009541,0.03
11,dt_single_agent,31,medium,18022.01,1,16.78,0,0.006013,0.02
11,dt_single_agent,32,high,7956.55,0,24.58,1,0.008775,0.03
11,dt_single_agent,33,high,12269.65,1,23.21,0,0.014802,0.03
11,dt_single_agent,34,medium,22703.19,0,21.18,1,0.005845,0.02
11,dt_single_agent,35,high,5790.52,0,23.15,0,0.017407,0.03
11,dt_single_agent,36,low,66261.75,1,18.81,0,0.002075,0.01
11,dt_single_agent,37,low,39976.67,1,22.66,0,0.003051,0.01
11,dt_single_agent,38,low,37458.73,1,22.97,0,0.00374,0.01
11,dt_single_agent,39,low,65899.49,0,26.62,0,0.002306,0.01
11,dt_single_agent,40,high,2909.2,1,18.37,0,0.013556,0.03
11,dt_single_agent,41,low,49340.83,1,21.92,0,0.003036,0.01
11,dt_single_agent,42,medium,22705.9,0,25.24,0,0.006756,0.02
11,dt_single_agent,43,low,55460.37,1,21.17,1,0.002941,0.01
11,dt_single_agent,44,medium,6500.14,1,16.41,1,0.005534,0.02
11,dt_single_agent,45,medium,14061.58,0,17.07,0,0.007391,0.02
11,dt_single_agent,46,low,60500.78,1,22.75,0,0.002749,0.01
11,dt_single_agent,47,low,45020.95,1,23.7,0,0.00255,0.01
11,dt_single_agent,48,medium,10817.57,1,20.61,0,0.00794,0.02
11,dt_single_agent,49,low,42860.14,1,22.45,0,0.003915,0.01
11,dt_single_agent,50,medium,27021.97,1,18.5,0,0.004044,0.02
11,dt_single_agent,51,high,4351.0,0,24.48,0,0.011456,0.03
11,dt_single_agent,52,low,45730.49,1,24.5,0,0.003838,0.01
11,dt_single_agent,53,low,45735.49,1,19.45,0,0.003333,0.01
11,dt_single_agent,54,medium,15864.93,0,19.11,0,0.005542,0.02
11,dt_single_agent,55,low,33862.06,0,16.83,1,0.002832,0.01
11,dt_single_agent,56,medium,22704.15,0,21.9,0,0.005707,0.02
11,dt_single_agent,57,medium,16940.01,0,14.65,1,0.006176,0.02
11,dt_single_agent,58,medium,6862.2,1,27.4,0,0.006872,0.02
11,dt_single_agent,59,medium,15507.39,0,18.0,0,0.005181,0.02
11,dt_single_agent,60,medium,28099.42,1,22.03,1,0.004598,0.02
11,dt_single_agent,61,high,3629.97,0,26.98,0,0.011032,0.03
11,dt_single_agent,62,low,38896.45,1,18.33,0,0.003187,0.01
11,dt_single_agent,63,high,3641.55,0,17.75,0,0.01323,0.03
11,dt_single_agent,64,low,53299.07,1,27.28,0,0.002409,0.01
11,dt_single_agent,65,high,10835.64,0,19.53,0,0.013493,0.03
11,dt_single_agent,66,low,64097.99,0,26.34,1,0.002696,0.01
11,dt_single_agent,67,high,5787.77,1,21.82,0,0.011414,0.03
11,dt_single_agent,68,high,5792.06,0,17.81,0,0.011294,0.03
11,dt_single_agent,69,low,46818.48,1,15.59,0,0.003554,0.01
11,dt_single_agent,70,low,46458.4,0,21.43,0,0.002686,0.01
11,dt_single_agent,71,high,1480.29,0,19.52,0,0.011269,0.03
11,dt_single_agent,72,medium,16585.01,1,19.58,1,0.006498,0.02
11,dt_single_agent,73,low,48621.7,1,23.29,0,0.003528,0.01
11,dt_single_agent,74,medium,16581.62,1,23.35,0,0.005115,0.02
11,dt_single_agent,75,medium,23066.14,1,23.8,0,0.006309,0.02
11,dt_single_agent,76,low,37105.31,1,20.99,0,0.003421,0.01
11,dt_single_agent,77,high,10118.99,1,16.99,0,0.009925,0.03
11,dt_single_agent,78,medium,13342.91,0,22.83,0,0.007359,0.02
11,dt_single_agent,79,medium,16580.71,1,20.75,0,0.007751,0.02
11,dt_single_agent,80,high,6514.87,0,18.48,0,0.0098,0.03
11,dt_single_agent,81,high,3994.96,0,20.13,0,0.011795,0.03
11,dt_single_agent,82,medium,10108.84,1,20.48,0,0.006906,0.02
11,dt_single_agent,83,medium,10471.36,1,18.77,0,0.006186,0.02
11,dt_single_agent,84,low,37097.92,1,23.75,1,0.002922,0.01
11,dt_single_agent,85,low,41776.0,1,20.48,0,0.003361,0.01
11,dt_single_agent,86,medium,15865.78,1,21.92,0,0.005012,0.02
11,dt_single_agent,87,low,54018.19,1,23.04,0,0.002476,0.01
11,dt_single_agent,88,low,23417.28,1,30.95,0,0.003089,0.01
11,dt_single_agent,89,low,33494.53,1,21.58,0,0.003291,0.01
11,dt_single_agent,90,medium,28466.37,0,17.87,0,0.006259,0.02
11,dt_single_agent,91,low,49336.44,1,26.45,0,0.003556,0.01
11,dt_single_agent,92,low,60138.49,0,25.79,0,0.002481,0.01
11,dt_single_agent,93,high,2547.53,0,21.31,0,0.012172,0.03
11,dt_single_agent,94,medium,7215.98,0,19.96,0,0.005693,0.02
11,dt_single_agent,95,medium,17666.91,1,18.16,0,0.006609,0.02
11,dt_single_agent,96,low,51855.55,1,25.51,0,0.002152,0.01
11,dt_single_agent,97,low,56177.9,1,20.95,0,0.002522,0.01
11,dt_single_agent,98,high,7236.36,0,23.11,0,0.011124,0.03
11,dt_single_agent,99,high,6878.87,0,19.59,0,0.013503,0.03
11,dt_single_agent,100,low,43214.3,0,22.5,0,0.00275,0.01
11,dt_single_agent,101,high,3993.47,1,25.2,0,0.009277,0.03
11,dt_single_agent,102,high,5428.56,1,22.25,0,0.016296,0.03
11,dt_single_agent,103,medium,25217.51,0,20.43,0,0.005841,0.02
11,dt_single_agent,104,medium,9018.05,1,22.62,0,0.006793,0.02
11,dt_single_agent,105,medium,15863.75,0,25.24,0,0.005802,0.02
11,dt_single_agent,106,low,45018.96,1,19.67,1,0.00386,0.01
11,dt_single_agent,107,medium,8301.11,1,20.66,0,0.006497,0.02
11,dt_single_agent,108,low,51856.97,1,20.79,0,0.002986,0.01
11,dt_single_agent,109,medium,14776.69,0,25.93,0,0.005584,0.02
11,dt_single_agent,110,low,60495.53,1,20.42,0,0.002699,0.01
11,dt_single_agent,111,medium,9021.39,0,21.57,0,0.00812,0.02
11,dt_single_agent,112,low,71295.32,0,21.03,0,0.002201,0.01
11,dt_single_agent,113,high,8676.45,0,22.33,0,0.012438,0.03
11,dt_single_agent,114,high,3277.23,0,23.49,0,0.01218,0.03
11,dt_single_agent,115,high,5068.61,0,19.04,1,0.017724,0.03
11,dt_single_agent,116,high,6514.35,0,19.78,0,0.011011,0.03
11,dt_single_agent,117,high,7237.58,0,21.83,1,0.011982,0.03
11,dt_single_agent,118,low,48978.6,1,22.17,0,0.003403,0.01
11,dt_single_agent,119,high,2909.95,1,19.97,0,0.010273,0.03
12,dt_single_agent,0,high,5795.42,0,24.99,0,0.008869,0.03
12,dt_single_agent,1,medium,8296.77,1,25.41,0,0.005951,0.02
12,dt_single_agent,2,low,54380.2,1,15.31,1,0.00302,0.01
12,dt_single_agent,3,low,33498.9,1,18.34,0,0.00281,0.01
12,dt_single_agent,4,medium,19465.15,0,18.89,1,0.00473,0.02
12,dt_single_agent,5,low,47543.21,1,15.42,0,0.003189,0.01
12,dt_single_agent,6,medium,11899.61,1,20.39,1,0.004263,0.02
12,dt_single_agent,7,high,4353.34,0,21.55,0,0.011786,0.03
12,dt_single_agent,8,low,57979.1,1,23.48,0,0.002807,0.01
12,dt_single_agent,9,medium,8301.36,0,19.74,0,0.009061,0.02
12,dt_single_agent,10,medium,24139.61,0,21.07,0,0.007228,0.02
12,dt_single_agent,11,medium,16940.86,0,19.69,0,0.005786,0.02
12,dt_single_agent,12,medium,18743.77,1,15.03,0,0.005146,0.02
12,dt_single_agent,13,low,47182.47,1,25.33,0,0.003433,0.01
12,dt_single_agent,14,low,39255.98,1,16.39,0,0.003458,0.01
12,dt_single_agent,15,low,49698.47,1,21.72,0,0.00257,0.01
12,dt_single_agent,16,medium,10816.87,1,19.56,0,0.00654,0.02
12,dt_single_agent,17,medium,17312.58,0,20.23,0,0.007758,0.02
12,dt_single_agent,18,low,46461.08,1,23.17,0,0.002754,0.01
12,dt_single_agent,19,medium,20181.08,1,24.27,1,0.006226,0.02
12,dt_single_agent,20,low,91820.45,1,23.32,0,0.001733,0.01
12,dt_single_agent,21,low,42496.14,1,16.63,0,0.003563,0.01
12,dt_single_agent,22,high,5070.46,0,11.8,0,0.015836,0.03
12,dt_single_agent,23,medium,26304.8,0,19.72,0,0.006459,0.02
12,dt_single_agent,24,low,37100.96,0,21.02,0,0.003955,0.01
12,dt_single_agent,25,low,35301.74,1,20.66,0,0.00356,0.01
12,dt_single_agent,26,medium,15866.43,1,20.3,0,0.006371,0.02
12,dt_single_agent,27,high,5785.16,0,23.28,0,0.01133,0.03
12,dt_single_agent,28,high,7952.57,1,28.79,0,0.01152,0.03
12,dt_single_agent,29,high,7950.47,0,19.77,1,0.010403,0.03
12,dt_single_agent,30,medium,18745.46,1,18.08,1,0.005968,0.02
12,dt_single_agent,31,medium,15138.15,0,16.9,0,0.006362,0.02
12,dt_single_agent,32,medium,21260.04,1,20.58,0,0.005792,0.02
12,dt_single_agent,33,high,3637.81,1,20.37,0,0.013547,0.03
12,dt_single_agent,34,medium,23424.26,1,22.68,0,0.005925,0.02
12,dt_single_agent,35,low,40699.84,1,18.69,0,0.002946,0.01
12,dt_single_agent,36,high,3275.64,0,22.6,1,0.012585,0.03
12,dt_single_agent,37,high,6507.51,0,20.1,0,0.012579,0.03
12,dt_single_agent,38,high,12272.36,1,22.28,0,0.00965,0.03
12,dt_single_agent,39,low,55810.68,1,27.04,0,0.002995,0.01
12,dt_single_agent,40,low,38534.33,1,23.85,0,0.003881,0.01
12,dt_single_agent,41,medium,16576.24,0,23.49,0,0.004559,0.02
12,dt_single_agent,42,high,6160.0,0,23.15,1,0.016988,0.03
12,dt_single_agent,43,high,5794.2,0,24.51,0,0.01021,0.03
12,dt_single_agent,44,high,16595.78,1,21.85,0,0.010396,0.03
12,dt_single_agent,45,medium,8295.62,1,19.46,0,0.007991,0.02
12,dt_single_agent,46,high,7595.23,0,23.34,1,0.010175,0.03
12,dt_single_agent,47,low,60138.54,1,18.53,0,0.002888,0.01
12,dt_single_agent,48,high,6146.56,0,18.68,0,0.01076,0.03
12,dt_single_agent,49,low,47900.67,1,21.17,0,0.003181,0.01
12,dt_single_agent,50,low,46461.53,1,18.93,1,0.003382,0.01
12,dt_single_agent,51,high,6872.76,0,23.07,1,0.011554,0.03
12,dt_single_agent,52,medium,29548.16,0,20.69,0,0.004953,0.02
12,dt_single_agent,53,medium,16220.97,0,20.5,0,0.008147,0.02
12,dt_single_agent,54,medium,28104.85,1,23.43,0,0.006443,0.02
12,dt_single_agent,55,low,39622.6,1,21.84,0,0.003188,0.01
12,dt_single_agent,56,low,45380.22,1,28.9,0,0.003024,0.01
12,dt_single_agent,57,high,1833.61,1,24.05,0,0.008805,0.03
12,dt_single_agent,58,high,2551.94,0,18.5,0,0.010971,0.03
12,dt_single_agent,59,low,32777.31,1,18.08,0,0.003196,0.01
12,dt_single_agent,60,medium,11904.91,0,19.63,1,0.00649,0.02
12,dt_single_agent,61,medium,10464.23,1,19.25,1,0.005514,0.02
12,dt_single_agent,62,high,9388.93,0,28.63,0,0.013981,0.03
12,dt_single_agent,63,medium,13702.12,1,18.19,0,0.005,0.02
12,dt_single_agent,64,low,49694.49,1,19.08,0,0.002712,0.01
12,dt_single_agent,65,high,8310.62,1,18.96,0,0.008213,0.03
12,dt_single_agent,66,low,19817.09,1,19.58,0,0.003731,0.01
12,dt_single_agent,67,medium,11538.45,0,25.5,0,0.008091,0.02
12,dt_single_agent,68,high,7596.02,1,24.31,0,0.011683,0.03
12,dt_single_agent,69,high,5431.79,0,21.09,0,0.010608,0.03
12,dt_single_agent,70,medium,5789.79,0,20.01,0,0.006802,0.02
12,dt_single_agent,71,medium,18376.34,1,25.57,0,0.006855,0.02
12,dt_single_agent,72,low,41057.88,1,19.04,0,0.003688,0.01
12,dt_single_agent,73,high,5073.73,1,20.33,0,0.009428,0.03
12,dt_single_agent,74,high,3996.17,0,13.68,0,0.015436,0.03
12,dt_single_agent,75,high,4706.37,0,21.04,0,0.012334,0.03
12,dt_single_agent,76,high,3627.73,0,16.2,0,0.014593,0.03
12,dt_single_agent,77,medium,11180.75,0,24.43,0,0.005782,0.02
12,dt_single_agent,78,low,51865.86,1,19.55,0,0.002515,0.01
12,dt_single_agent,79,medium,8670.27,0,18.81,0,0.006368,0.02
12,dt_single_agent,80,low,63020.75,1,24.21,0,0.002732,0.01
12,dt_single_agent,81,high,13351.74,0,18.16,0,0.010332,0.03
12,dt_single_agent,82,high,3271.77,1,20.11,0,0.014415,0.03
12,dt_single_agent,83,low,49699.34,0,21.01,1,0.0026,0.01
12,dt_single_agent,84,high,3642.01,1,23.16,0,0.013352,0.03
12,dt_single_agent,85,high,2187.14,0,16.62,0,0.013205,0.03
12,dt_single_agent,86,medium,18750.78,1,17.92,0,0.006266,0.02
12,dt_single_agent,87,medium,12264.02,1,23.76,0,0.005975,0.02
12,dt_single_agent,88,high,2555.63,1,20.31,0,0.008117,0.03
12,dt_single_agent,89,high,3634.52,0,18.34,0,0.011137,0.03
12,dt_single_agent,90,low,70215.04,1,21.41,0,0.002458,0.01
12,dt_single_agent,91,low,38899.68,1,21.05,0,0.002856,0.01
12,dt_single_agent,92,low,33863.46,0,18.55,0,0.003977,0.01
12,dt_single_agent,93,medium,2546.37,1,23.33,0,0.006035,0.02
12,dt_single_agent,94,low,47175.06,1,18.25,0,0.003148,0.01
12,dt_single_agent,95,medium,17301.51,0,21.23,0,0.004671,0.02
12,dt_single_agent,96,medium,12626.26,1,26.84,0,0.004674,0.02
12,dt_single_agent,97,high,8312.01,1,21.15,0,0.014871,0.03
12,dt_single_agent,98,low,37451.03,1,23.37,1,0.004017,0.01
12,dt_single_agent,99,low,52935.62,1,16.99,0,0.002978,0.01
12,dt_single_agent,100,low,44292.29,1,20.21,0,0.002953,0.01
12,dt_single_agent,101,low,41419.31,1,21.86,0,0.003377,0.01
12,dt_single_agent,102,low,45016.99,1,25.31,0,0.00369,0.01
12,dt_single_agent,103,medium,17300.64,0,22.54,0,0.005454,0.02
12,dt_single_agent,104,high,2920.23,0,21.48,0,0.01258,0.03
12,dt_single_agent,105,high,5072.88,0,27.56,0,0.010326,0.03
12,dt_single_agent,106,medium,15859.32,1,18.56,0,0.007357,0.02
12,dt_single_agent,107,high,5072.77,0,25.36,1,0.014167,0.03
12,dt_single_agent,108,high,11552.13,0,18.26,0,0.009134,0.03
12,dt_single_agent,109,low,37818.73,1,20.01,0,0.003524,0.01
12,dt_single_agent,110,low,53651.24,1,25.07,1,0.002925,0.01
12,dt_single_agent,111,high,14801.08,1,25.07,0,0.010541,0.03
12,dt_single_agent,112,medium,16583.33,0,20.91,1,0.005047,0.02
12,dt_single_agent,113,high,6150.4,0,19.18,0,0.012146,0.03
12,dt_single_agent,114,medium,13700.39,1,26.11,0,0.006607,0.02
12,dt_single_agent,115,low,44661.38,1,22.54,0,0.003823,0.01
12,dt_single_agent,116,low,56534.5,0,21.68,0,0.002606,0.01
12,dt_single_agent,117,low,39981.66,1,21.0,0,0.003639,0.01
12,dt_single_agent,118,high,6874.09,0,21.95,0,0.014644,0.03
12,dt_single_agent,119,low,38538.75,1,20.84,0,0.003527,0.01
13,dt_single_agent,0,low,41774.35,1,20.48,0,0.003526,0.01
13,dt_single_agent,1,high,8309.9,0,21.2,0,0.014765,0.03
13,dt_single_agent,2,low,30974.21,1,18.67,1,0.003307,0.01
13,dt_single_agent,3,high,9027.73,0,19.2,1,0.010357,0.03
13,dt_single_agent,4,high,6513.97,0,23.07,1,0.012617,0.03
13,dt_single_agent,5,high,6514.73,0,25.67,0,0.011927,0.03
13,dt_single_agent,6,medium,25227.44,1,16.17,0,0.005218,0.02
13,dt_single_agent,7,low,29899.99,1,19.9,0,0.003286,0.01
13,dt_single_agent,8,medium,11900.97,0,18.56,0,0.005789,0.02
13,dt_single_agent,9,high,12274.51,0,16.38,0,0.012388,0.03
13,dt_single_agent,10,medium,13337.86,1,22.56,0,0.00566,0.02
13,dt_single_agent,11,high,6880.3,1,19.0,0,0.010538,0.03
13,dt_single_agent,12,medium,18740.04,0,22.43,0,0.008766,0.02
13,dt_single_agent,13,low,42497.61,1,21.92,0,0.002569,0.01
13,dt_single_agent,14,low,42859.03,1,16.89,0,0.002956,0.01
13,dt_single_agent,15,medium,15501.21,0,23.58,0,0.006143,0.02
13,dt_single_agent,16,low,21979.2,1,25.2,0,0.002502,0.01
13,dt_single_agent,17,medium,9387.63,0,24.52,1,0.006699,0.02
13,dt_single_agent,18,low,33496.62,1,18.66,0,0.003418,0.01
13,dt_single_agent,19,high,11199.91,0,21.61,0,0.008432,0.03
13,dt_single_agent,20,low,43573.8,1,22.97,0,0.00324,0.01
13,dt_single_agent,21,high,6513.47,0,25.63,1,0.010348,0.03
13,dt_single_agent,22,high,4712.29,0,23.33,0,0.009442,0.03
13,dt_single_agent,23,high,2553.84,0,20.2,0,0.010996,0.03
13,dt_single_agent,24,medium,14429.41,1,23.28,0,0.005197,0.02
13,dt_single_agent,25,high,6874.64,0,19.38,1,0.009195,0.03
13,dt_single_agent,26,low,38174.1,1,20.35,1,0.004725,0.01
13,dt_single_agent,27,low,52585.21,1,22.41,0,0.002967,0.01
13,dt_single_agent,28,medium,17668.12,0,20.18,1,0.007527,0.02
13,dt_single_agent,29,high,6875.02,0,23.75,0,0.011635,0.03
13,dt_single_agent,30,low,37096.67,1,21.54,0,0.003411,0.01
13,dt_single_agent,31,medium,17304.67,0,18.6,0,0.006434,0.02
13,dt_single_agent,32,low,30616.94,1,26.41,0,0.003171,0.01
13,dt_single_agent,33,high,5803.05,0,22.22,0,0.011149,0.03
13,dt_single_agent,34,high,5429.96,1,14.83,0,0.016329,0.03
13,dt_single_agent,35,medium,13702.35,0,20.46,0,0.005091,0.02
13,dt_single_agent,36,low,56175.8,1,22.53,1,0.002845,0.01
13,dt_single_agent,37,high,7960.52,0,21.94,0,0.010035,0.03
13,dt_single_agent,38,high,9391.69,0,20.56,0,0.009675,0.03
13,dt_single_agent,39,low,41776.69,1,22.49,0,0.003308,0.01
13,dt_single_agent,40,high,11192.76,1,22.86,0,0.010879,0.03
13,dt_single_agent,41,high,2560.22,0,17.64,0,0.015825,0.03
13,dt_single_agent,42,high,7234.11,0,16.88,1,0.008316,0.03
13,dt_single_agent,43,low,48973.89,1,16.91,1,0.002459,0.01
13,dt_single_agent,44,low,43943.23,1,15.47,1,0.003815,0.01
13,dt_single_agent,45,medium,10104.27,1,21.47,1,0.005646,0.02
13,dt_single_agent,46,high,6517.3,0,24.3,0,0.013276,0.03
13,dt_single_agent,47,high,3275.59,0,20.11,0,0.014506,0.03
13,dt_single_agent,48,high,5436.4,0,26.02,0,0.011466,0.03
13,dt_single_agent,49,medium,16946.27,0,19.61,0,0.005894,0.02
13,dt_single_agent,50,low,34936.07,1,19.12,0,0.002171,0.01
13,dt_single_agent,51,low,42133.47,1,20.49,0,0.003453,0.01
13,dt_single_agent,52,low,43574.75,0,20.94,0,0.003153,0.01
13,dt_single_agent,53,low,42857.48,1,18.43,0,0.003136,0.01
13,dt_single_agent,54,medium,19104.57,0,26.27,1,0.005207,0.02
13,dt_single_agent,55,medium,5774.92,1,18.19,0,0.005583,0.02
13,dt_single_agent,56,medium,33510.81,0,16.5,0,0.00532,0.02
13,dt_single_agent,57,medium,12265.18,1,22.43,0,0.007199,0.02
13,dt_single_agent,58,high,7594.96,0,18.82,0,0.012513,0.03
13,dt_single_agent,59,medium,8305.93,0,19.69,0,0.006986,0.02
13,dt_single_agent,60,medium,15500.56,1,19.14,0,0.006222,0.02
13,dt_single_agent,61,medium,6863.96,1,19.41,0,0.006305,0.02
13,dt_single_agent,62,low,39260.38,1,25.54,0,0.003351,0.01
13,dt_single_agent,63,high,11554.1,0,20.06,0,0.01245,0.03
13,dt_single_agent,64,medium,12625.65,1,20.49,1,0.004194,0.02
13,dt_single_agent,65,high,4709.13,0,22.61,0,0.014248,0.03
13,dt_single_agent,66,high,15873.1,0,19.08,1,0.01047,0.03
13,dt_single_agent,67,low,47178.8,1,23.5,0,0.00357,0.01
13,dt_single_agent,68,medium,12617.35,1,15.69,0,0.005907,0.02
13,dt_single_agent,69,high,5796.74,0,20.6,1,0.011138,0.03
13,dt_single_agent,70,low,32421.23,1,21.07,0,0.003284,0.01
13,dt_single_agent,71,high,11917.87,0,18.8,1,0.009621,0.03
13,dt_single_agent,72,low,29176.99,1,19.73,0,0.003766,0.01
13,dt_single_agent,73,medium,15144.11,0,24.02,0,0.00647,0.02
13,dt_single_agent,74,low,50778.01,1,18.63,0,0.0028,0.01
13,dt_single_agent,75,medium,14775.61,0,17.04,0,0.00543,0.02
13,dt_single_agent,76,medium,20178.72,1,20.14,0,0.006162,0.02
13,dt_single_agent,77,low,41056.96,1,18.35,0,0.003075,0.01
13,dt_single_agent,78,high,11550.15,1,21.46,0,0.01329,0.03
13,dt_single_agent,79,medium,17299.14,0,23.62,0,0.006606,0.02
13,dt_single_agent,80,low,52580.31,1,23.85,0,0.003197,0.01
13,dt_single_agent,81,low,50057.31,1,23.75,0,0.003272,0.01
13,dt_single_agent,82,medium,6505.11,0,17.58,0,0.006309,0.02
13,dt_single_agent,83,low,47898.0,1,18.58,0,0.002598,0.01
13,dt_single_agent,84,medium,14787.27,0,17.77,0,0.007041,0.02
13,dt_single_agent,85,high,7231.09,0,20.68,0,0.015085,0.03
13,dt_single_agent,86,medium,12262.77,1,20.15,0,0.005705,0.02
13,dt_single_agent,87,high,10472.29,1,17.38,0,0.010638,0.03
13,dt_single_agent,88,medium,12979.95,0,17.51,0,0.006621,0.02
13,dt_single_agent,89,high,9402.68,0,18.06,0,0.013979,0.03
13,dt_single_agent,90,low,29898.47,1,24.51,0,0.003948,0.01
13,dt_single_agent,91,low,44297.75,1,16.88,0,0.00236,0.01
13,dt_single_agent,92,medium,6863.12,0,23.18,0,0.005896,0.02
13,dt_single_agent,93,medium,12981.73,0,23.0,1,0.005941,0.02
13,dt_single_agent,94,low,57617.88,1,18.47,0,0.002861,0.01
13,dt_single_agent,95,low,45737.64,1,21.27,1,0.002311,0.01
13,dt_single_agent,96,medium,23782.29,0,17.27,0,0.004861,0.02
13,dt_single_agent,97,high,15152.83,1,20.83,0,0.01208,0.03
13,dt_single_agent,98,high,5428.44,0,22.61,0,0.011871,0.03
13,dt_single_agent,99,low,33859.29,1,20.26,0,0.003831,0.01
13,dt_single_agent,100,high,3636.25,0,21.25,0,0.013011,0.03
13,dt_single_agent,101,medium,15137.12,1,24.65,1,0.007385,0.02
13,dt_single_agent,102,low,41058.85,1,19.29,0,0.004149,0.01
13,dt_single_agent,103,medium,21984.81,0,16.05,0,0.006145,0.02
13,dt_single_agent,104,medium,9387.73,1,18.86,0,0.005714,0.02
13,dt_single_agent,105,low,40338.69,1,20.91,0,0.003266,0.01
13,dt_single_agent,106,medium,21983.03,0,19.26,0,0.006389,0.02
13,dt_single_agent,107,medium,27020.41,1,17.0,0,0.00644,0.02
13,dt_single_agent,108,high,8311.38,0,19.94,0,0.01468,0.03
13,dt_single_agent,109,low,46100.34,1,20.42,0,0.003098,0.01
13,dt_single_agent,110,low,55098.69,1,18.78,0,0.00303,0.01
13,dt_single_agent,111,low,47544.31,1,23.32,0,0.002483,0.01
13,dt_single_agent,112,medium,10102.3,0,18.68,0,0.00597,0.02
13,dt_single_agent,113,medium,10098.97,1,17.04,0,0.005314,0.02
13,dt_single_agent,114,medium,15866.55,0,21.48,0,0.007836,0.02
13,dt_single_agent,115,high,12637.11,1,22.07,0,0.014174,0.03
13,dt_single_agent,116,high,4720.15,1,24.61,0,0.011446,0.03
13,dt_single_agent,117,high,1830.41,0,20.89,0,0.01108,0.03
13,dt_single_agent,118,medium,13699.69,0,20.78,0,0.008219,0.02
13,dt_single_agent,119,high,3994.01,0,23.48,0,0.014288,0.03
14,dt_single_agent,0,medium,31705.05,1,23.41,0,0.004716,0.02
14,dt_single_agent,1,high,4353.04,0,21.63,0,0.012363,0.03
14,dt_single_agent,2,high,8311.94,0,22.3,0,0.012815,0.03
14,dt_single_agent,3,high,8314.94,0,21.31,1,0.012506,0.03
14,dt_single_agent,4,high,9036.69,0,21.11,0,0.015733,0.03
14,dt_single_agent,5,high,4351.49,0,20.16,0,0.010883,0.03
14,dt_single_agent,6,medium,19459.72,1,21.39,1,0.007182,0.02
14,dt_single_agent,7,medium,6137.27,1,19.77,0,0.005764,0.02
14,dt_single_agent,8,low,43216.45,1,23.77,0,0.004001,0.01
14,dt_single_agent,9,high,14066.37,1,20.11,0,0.006588,0.03
14,dt_single_agent,10,medium,15142.68,1,19.71,0,0.006085,0.02
14,dt_single_agent,11,medium,14783.78,1,29.19,0,0.006636,0.02
14,dt_single_agent,12,low,44661.79,1,22.78,0,0.002451,0.01
14,dt_single_agent,13,high,10836.72,0,18.77,0,0.011588,0.03
14,dt_single_agent,14,medium,12981.66,0,23.53,0,0.006518,0.02
14,dt_single_agent,15,medium,7583.11,1,18.76,0,0.007334,0.02
14,dt_single_agent,16,medium,17667.23,0,21.04,0,0.005693,0.02
14,dt_single_agent,17,high,2191.36,1,20.63,0,0.011615,0.03
14,dt_single_agent,18,medium,28465.18,0,18.29,0,0.005217,0.02
14,dt_single_agent,19,low,48617.1,1,17.82,0,0.003555,0.01
14,dt_single_agent,20,high,10838.41,0,19.02,1,0.012834,0.03
14,dt_single_agent,21,low,27383.45,1,21.67,0,0.002646,0.01
14,dt_single_agent,22,low,50060.95,1,21.81,1,0.00264,0.01
14,dt_single_agent,23,high,5794.46,0,22.09,0,0.010648,0.03
14,dt_single_agent,24,high,6515.05,0,18.0,1,0.013165,0.03
14,dt_single_agent,25,high,2555.59,1,22.46,0,0.010111,0.03
14,dt_single_agent,26,high,11552.4,1,19.48,0,0.010123,0.03
14,dt_single_agent,27,high,5074.12,0,16.16,0,0.011622,0.03
14,dt_single_agent,28,medium,23785.09,1,21.95,0,0.006444,0.02
14,dt_single_agent,29,high,4349.6,1,16.55,0,0.012619,0.03
14,dt_single_agent,30,medium,23776.51,0,20.57,0,0.006786,0.02
14,dt_single_agent,31,medium,15131.66,0,25.56,0,0.005886,0.02
14,dt_single_agent,32,high,3272.53,0,19.61,0,0.013313,0.03
14,dt_single_agent,33,medium,27018.29,0,21.72,0,0.004278,0.02
14,dt_single_agent,34,high,3275.97,0,21.31,0,0.010696,0.03
14,dt_single_agent,35,medium,21984.99,0,23.23,0,0.005385,0.02
14,dt_single_agent,36,high,14069.62,0,21.79,0,0.012505,0.03
14,dt_single_agent,37,low,39621.13,1,23.69,0,0.003549,0.01
14,dt_single_agent,38,low,37457.09,1,26.14,0,0.003233,0.01
14,dt_single_agent,39,high,6513.06,1,21.71,0,0.012887,0.03
14,dt_single_agent,40,low,53290.31,1,22.37,0,0.002515,0.01
14,dt_single_agent,41,low,46457.63,1,24.66,0,0.003657,0.01
14,dt_single_agent,42,medium,12982.81,0,20.95,0,0.005908,0.02
14,dt_single_agent,43,medium,35304.71,1,20.84,0,0.005176,0.02
14,dt_single_agent,44,high,1836.1,0,20.43,0,0.0146,0.03
14,dt_single_agent,45,medium,30984.66,1,21.47,1,0.005561,0.02
14,dt_single_agent,46,low,34942.33,1,22.46,0,0.002807,0.01
14,dt_single_agent,47,low,39615.18,1,21.71,0,0.003195,0.01
14,dt_single_agent,48,medium,10462.84,0,18.34,0,0.005534,0.02
14,dt_single_agent,49,low,30622.74,1,22.13,0,0.003045,0.01
14,dt_single_agent,50,low,52928.48,0,23.05,0,0.001771,0.01
14,dt_single_agent,51,high,6151.47,0,21.4,0,0.013896,0.03
14,dt_single_agent,52,low,47902.14,1,21.35,0,0.003047,0.01
14,dt_single_agent,53,medium,17662.84,1,20.9,0,0.004931,0.02
14,dt_single_agent,54,high,7955.14,0,21.74,1,0.012983,0.03
14,dt_single_agent,55,medium,10827.69,1,19.07,1,0.005976,0.02
14,dt_single_agent,56,high,7237.0,0,16.95,0,0.013858,0.03
14,dt_single_agent,57,medium,24500.48,1,23.46,0,0.005752,0.02
14,dt_single_agent,58,high,9031.07,0,25.54,0,0.008865,0.03
14,dt_single_agent,59,low,44661.9,1,22.99,0,0.002702,0.01
14,dt_single_agent,60,low,47540.42,1,17.18,0,0.002988,0.01
14,dt_single_agent,61,medium,25582.41,1,24.26,0,0.005116,0.02
14,dt_single_agent,62,low,46811.79,1,24.44,0,0.003635,0.01
14,dt_single_agent,63,high,5791.33,0,22.76,0,0.013388,0.03
14,dt_single_agent,64,low,34215.13,1,23.45,0,0.002371,0.01
14,dt_single_agent,65,high,9400.99,1,22.59,0,0.011881,0.03
14,dt_single_agent,66,medium,12975.51,0,25.67,0,0.005352,0.02
14,dt_single_agent,67,high,5067.81,0,19.5,0,0.013531,0.03
14,dt_single_agent,68,low,33858.74,1,20.56,0,0.002992,0.01
14,dt_single_agent,69,medium,11901.68,1,19.42,1,0.00745,0.02
14,dt_single_agent,70,high,4709.48,0,20.03,0,0.011801,0.03
14,dt_single_agent,71,low,56179.18,1,22.73,0,0.003065,0.01
14,dt_single_agent,72,high,3633.36,0,23.52,0,0.014497,0.03
14,dt_single_agent,73,high,2192.84,0,21.2,1,0.014388,0.03
14,dt_single_agent,74,low,41778.49,1,20.97,0,0.002964,0.01
14,dt_single_agent,75,medium,20542.75,1,25.72,0,0.006113,0.02
14,dt_single_agent,76,high,11190.86,0,23.74,0,0.009133,0.03
14,dt_single_agent,77,medium,4345.61,0,22.54,0,0.006175,0.02
14,dt_single_agent,78,low,49334.93,0,22.29,0,0.003555,0.01
14,dt_single_agent,79,low,63026.49,1,21.16,1,0.002381,0.01
14,dt_single_agent,80,medium,15861.96,1,21.16,1,0.00514,0.02
14,dt_single_agent,81,medium,19107.34,1,22.77,0,0.004904,0.02
14,dt_single_agent,82,low,58700.98,1,13.06,0,0.002552,0.01
14,dt_single_agent,83,medium,18740.62,1,16.27,0,0.005589,0.02
14,dt_single_agent,84,medium,20547.24,1,15.78,0,0.004707,0.02
14,dt_single_agent,85,low,36730.55,1,19.55,0,0.002097,0.01
14,dt_single_agent,86,medium,18024.74,1,16.13,0,0.007087,0.02
14,dt_single_agent,87,high,3992.22,0,22.67,1,0.012828,0.03
14,dt_single_agent,88,high,3996.49,0,25.39,0,0.014673,0.03
14,dt_single_agent,89,high,6512.41,1,19.91,0,0.013345,0.03
14,dt_single_agent,90,high,9029.59,0,17.81,0,0.011717,0.03
14,dt_single_agent,91,high,5067.83,0,19.59,0,0.015183,0.03
14,dt_single_agent,92,low,51859.61,1,21.79,0,0.002792,0.01
14,dt_single_agent,93,high,3637.46,0,21.85,0,0.012883,0.03
14,dt_single_agent,94,low,38177.36,1,20.05,0,0.002766,0.01
14,dt_single_agent,95,low,53662.58,1,21.94,0,0.002411,0.01
14,dt_single_agent,96,medium,9382.47,0,21.92,0,0.00537,0.02
14,dt_single_agent,97,high,9390.88,1,20.06,0,0.011898,0.03
14,dt_single_agent,98,high,10829.83,0,20.22,0,0.011212,0.03
14,dt_single_agent,99,low,37822.33,1,19.75,0,0.002305,0.01
14,dt_single_agent,100,medium,16579.21,1,20.01,0,0.006895,0.02
14,dt_single_agent,101,high,9749.78,0,26.88,0,0.012732,0.03
14,dt_single_agent,102,medium,21622.09,0,25.62,0,0.005491,0.02
14,dt_single_agent,103,medium,16219.87,0,24.11,0,0.00742,0.02
14,dt_single_agent,104,low,48617.99,0,23.46,0,0.003021,0.01
14,dt_single_agent,105,low,56897.82,1,24.51,0,0.002482,0.01
14,dt_single_agent,106,medium,11542.89,1,26.55,0,0.006312,0.02
14,dt_single_agent,107,low,45735.89,1,22.79,0,0.003244,0.01
14,dt_single_agent,108,medium,10098.72,1,17.68,0,0.006914,0.02
14,dt_single_agent,109,high,3993.3,0,20.78,1,0.011928,0.03
14,dt_single_agent,110,low,41057.58,1,21.19,0,0.00312,0.01
14,dt_single_agent,111,high,7598.75,0,24.45,0,0.014045,0.03
14,dt_single_agent,112,high,9756.37,1,21.63,0,0.010403,0.03
14,dt_single_agent,113,low,64450.56,1,22.28,0,0.002638,0.01
14,dt_single_agent,114,high,6873.81,0,23.24,0,0.015275,0.03
14,dt_single_agent,115,medium,19822.56,1,24.7,1,0.007719,0.02
14,dt_single_agent,116,low,45014.5,1,18.59,0,0.002229,0.01
14,dt_single_agent,117,high,5072.18,0,24.13,0,0.01513,0.03
14,dt_single_agent,118,low,51861.9,1,16.92,1,0.002621,0.01
14,dt_single_agent,119,low,58698.94,1,24.71,0,0.002485,0.01
15,dt_single_agent,0,medium,16220.78,0,17.72,0,0.004589,0.02
15,dt_single_agent,1,high,7231.76,1,17.63,1,0.013277,0.03
15,dt_single_agent,2,low,59421.59,1,22.88,0,0.002883,0.01
15,dt_single_agent,3,medium,18024.08,1,19.53,0,0.006169,0.02
15,dt_single_agent,4,high,1834.42,0,15.39,1,0.016566,0.03
15,dt_single_agent,5,medium,7585.79,0,15.88,0,0.007082,0.02
15,dt_single_agent,6,high,3275.22,0,19.8,0,0.014121,0.03
15,dt_single_agent,7,medium,4347.65,1,22.92,0,0.006109,0.02
15,dt_single_agent,8,medium,15503.64,0,24.87,0,0.005073,0.02
15,dt_single_agent,9,medium,21253.94,1,23.01,1,0.004903,0.02
15,dt_single_agent,10,high,9752.44,0,17.2,0,0.011072,0.03
15,dt_single_agent,11,high,5072.86,1,20.7,0,0.014035,0.03
15,dt_single_agent,12,low,36743.59,1,22.4,0,0.0031,0.01
15,dt_single_agent,13,high,7598.28,1,23.28,0,0.01003,0.03
15,dt_single_agent,14,high,5438.06,0,21.55,0,0.012214,0.03
15,dt_single_agent,15,high,4348.25,0,19.67,0,0.012841,0.03
15,dt_single_agent,16,medium,22696.94,0,22.62,1,0.005556,0.02
15,dt_single_agent,17,high,6881.33,0,22.27,0,0.01115,0.03
15,dt_single_agent,18,low,35651.48,1,17.5,1,0.003589,0.01
15,dt_single_agent,19,high,5070.73,0,23.02,0,0.012295,0.03
15,dt_single_agent,20,medium,24505.56,0,22.66,0,0.005221,0.02
15,dt_single_agent,21,medium,36385.33,1,21.92,1,0.004766,0.02
15,dt_single_agent,22,medium,16581.4,1,21.41,0,0.007783,0.02
15,dt_single_agent,23,low,37819.84,1,15.81,1,0.003171,0.01
15,dt_single_agent,24,medium,15147.69,0,25.15,0,0.006788,0.02
15,dt_single_agent,25,low,58699.66,1,14.29,1,0.002129,0.01
15,dt_single_agent,26,medium,10103.94,0,22.91,0,0.00537,0.02
15,dt_single_agent,27,high,9046.23,0,16.72,0,0.013338,0.03
15,dt_single_agent,28,high,10118.1,0,24.15,0,0.011311,0.03
15,dt_single_agent,29,medium,13337.2,1,20.15,0,0.006621,0.02
15,dt_single_agent,30,low,40342.57,1,17.57,0,0.003071,0.01
15,dt_single_agent,31,medium,18743.92,1,19.63,0,0.004968,0.02
15,dt_single_agent,32,high,4356.02,1,16.09,1,0.011555,0.03
15,dt_single_agent,33,low,31341.21,1,22.53,0,0.003886,0.01
15,dt_single_agent,34,low,42500.67,1,20.44,0,0.003016,0.01
15,dt_single_agent,35,medium,15498.74,1,21.96,0,0.004975,0.02
15,dt_single_agent,36,low,58333.93,1,22.5,0,0.00238,0.01
15,dt_single_agent,37,medium,20179.57,1,16.33,1,0.005082,0.02
15,dt_single_agent,38,medium,22708.36,1,18.47,0,0.006483,0.02
15,dt_single_agent,39,low,45376.39,1,20.64,0,0.003759,0.01
15,dt_single_agent,40,medium,15146.87,0,21.03,0,0.00494,0.02
15,dt_single_agent,41,high,7956.86,0,23.8,0,0.011953,0.03
15,dt_single_agent,42,low,36022.82,0,21.19,0,0.003516,0.01
15,dt_single_agent,43,medium,8304.67,1,17.86,0,0.007094,0.02
15,dt_single_agent,44,medium,19463.05,1,20.32,0,0.007434,0.02
15,dt_single_agent,45,high,6147.33,0,20.39,0,0.012825,0.03
15,dt_single_agent,46,low,35295.47,1,19.58,1,0.003492,0.01
15,dt_single_agent,47,high,2551.11,0,21.38,0,0.010908,0.03
15,dt_single_agent,48,medium,11541.26,0,22.09,0,0.006568,0.02
15,dt_single_agent,49,low,41773.64,1,20.37,0,0.003525,0.01
15,dt_single_agent,50,high,11192.09,0,18.08,0,0.014429,0.03
15,dt_single_agent,51,low,58325.55,1,18.5,0,0.002985,0.01
15,dt_single_agent,52,low,53657.12,1,23.67,0,0.002493,0.01
15,dt_single_agent,53,high,6160.78,1,25.68,0,0.010913,0.03
15,dt_single_agent,54,low,28821.8,1,17.95,0,0.003313,0.01
15,dt_single_agent,55,low,28097.98,1,25.37,0,0.003049,0.01
15,dt_single_agent,56,medium,11903.87,1,20.2,0,0.004783,0.02
15,dt_single_agent,57,low,28463.81,1,21.43,0,0.003395,0.01
15,dt_single_agent,58,high,8669.49,1,17.95,1,0.012529,0.03
15,dt_single_agent,59,medium,12627.33,1,17.54,0,0.005668,0.02
15,dt_single_agent,60,low,23413.54,1,20.09,0,0.003079,0.01
15,dt_single_agent,61,high,2556.77,0,16.17,0,0.012273,0.03
15,dt_single_agent,62,low,40699.86,1,19.4,0,0.002131,0.01
15,dt_single_agent,63,low,48616.59,1,19.26,0,0.002974,0.01
15,dt_single_agent,64,high,9035.03,1,23.15,1,0.011942,0.03
15,dt_single_agent,65,high,11910.92,0,22.7,0,0.008404,0.03
15,dt_single_agent,66,high,7948.41,1,20.65,0,0.010535,0.03
15,dt_single_agent,67,high,4352.66,0,22.59,0,0.011922,0.03
15,dt_single_agent,68,low,42858.9,1,19.86,0,0.00343,0.01
15,dt_single_agent,69,high,14430.88,0,21.45,0,0.012618,0.03
15,dt_single_agent,70,low,44297.12,1,23.9,1,0.002849,0.01
15,dt_single_agent,71,low,60852.41,1,18.73,0,0.00234,0.01
15,dt_single_agent,72,medium,14061.36,1,23.56,0,0.006886,0.02
15,dt_single_agent,73,low,43579.05,1,19.57,0,0.002752,0.01
15,dt_single_agent,74,medium,8305.76,0,16.45,0,0.007994,0.02
15,dt_single_agent,75,medium,22350.52,1,16.28,1,0.005448,0.02
15,dt_single_agent,76,high,11197.83,0,22.36,0,0.011068,0.03
15,dt_single_agent,77,low,41060.99,1,22.17,1,0.0031,0.01
15,dt_single_agent,78,high,4711.43,1,19.09,0,0.01278,0.03
15,dt_single_agent,79,medium,25941.53,0,23.08,0,0.004636,0.02
15,dt_single_agent,80,high,12993.05,0,22.16,0,0.010477,0.03
15,dt_single_agent,81,high,2550.44,0,20.85,0,0.011006,0.03
15,dt_single_agent,82,low,28820.19,1,19.65,0,0.003947,0.01
15,dt_single_agent,83,high,5436.26,1,19.28,0,0.013305,0.03
15,dt_single_agent,84,high,7233.94,1,18.2,1,0.01415,0.03
15,dt_single_agent,85,low,40338.42,1,22.62,0,0.003335,0.01
15,dt_single_agent,86,medium,23423.69,1,20.43,0,0.006431,0.02
15,dt_single_agent,87,low,28819.24,1,23.96,0,0.004577,0.01
15,dt_single_agent,88,low,8658.82,0,25.29,1,0.002119,0.01
15,dt_single_agent,89,medium,28102.78,1,17.4,0,0.00428,0.02
15,dt_single_agent,90,low,52217.43,1,23.28,0,0.003002,0.01
15,dt_single_agent,91,high,8314.44,0,20.29,0,0.014116,0.03
15,dt_single_agent,92,high,4347.35,0,22.71,0,0.013607,0.03
15,dt_single_agent,93,high,5793.96,0,23.21,0,0.011621,0.03
15,dt_single_agent,94,low,39617.21,1,20.09,1,0.003119,0.01
15,dt_single_agent,95,high,3996.15,0,20.35,1,0.014417,0.03
15,dt_single_agent,96,medium,20902.59,0,23.61,0,0.006411,0.02
15,dt_single_agent,97,high,7954.72,1,20.73,0,0.009658,0.03
15,dt_single_agent,98,medium,12623.16,0,17.91,1,0.008416,0.02
15,dt_single_agent,99,low,38899.15,1,23.56,0,0.003294,0.01
15,dt_single_agent,100,medium,27384.29,1,21.19,1,0.006479,0.02
15,dt_single_agent,101,medium,13341.68,1,22.88,0,0.00597,0.02
15,dt_single_agent,102,medium,8664.08,1,20.46,0,0.005929,0.02
15,dt_single_agent,103,medium,18379.06,1,23.62,1,0.005307,0.02
15,dt_single_agent,104,low,29537.53,0,20.99,1,0.003048,0.01
15,dt_single_agent,105,high,7235.65,1,21.61,0,0.011264,0.03
15,dt_single_agent,106,low,28818.15,1,22.61,0,0.003718,0.01
15,dt_single_agent,107,high,3993.3,1,19.71,0,0.016535,0.03
15,dt_single_agent,108,high,6512.18,0,21.49,0,0.012365,0.03
15,dt_single_agent,109,medium,22707.27,1,19.18,1,0.006012,0.02
15,dt_single_agent,110,medium,14423.02,0,17.02,0,0.005486,0.02
15,dt_single_agent,111,low,47895.38,1,18.84,0,0.00339,0.01
15,dt_single_agent,112,high,3636.07,0,12.81,0,0.015354,0.03
15,dt_single_agent,113,high,13715.96,0,20.02,0,0.01132,0.03
15,dt_single_agent,114,low,40699.91,1,21.91,1,0.004032,0.01
15,dt_single_agent,115,high,3271.23,0,20.61,0,0.012982,0.03
15,dt_single_agent,116,medium,19109.22,1,23.91,1,0.005651,0.02
15,dt_single_agent,117,medium,18748.44,1,20.1,0,0.006871,0.02
15,dt_single_agent,118,medium,11545.22,1,20.39,1,0.00746,0.02
15,dt_single_agent,119,medium,15145.18,1,23.71,0,0.007427,0.02
16,dt_single_agent,0,medium,32780.43,0,19.64,0,0.005276,0.02
16,dt_single_agent,1,medium,14063.57,1,21.92,0,0.004083,0.02
16,dt_single_agent,2,low,24494.13,1,27.63,1,0.002881,0.01
16,dt_single_agent,3,high,4707.49,0,20.34,0,0.01317,0.03
16,dt_single_agent,4,high,6509.42,1,18.7,0,0.010253,0.03
16,dt_single_agent,5,high,5791.13,0,18.56,0,0.009626,0.03
16,dt_single_agent,6,high,7597.3,1,24.6,0,0.011547,0.03
16,dt_single_agent,7,high,7590.41,1,23.39,0,0.017979,0.03
16,dt_single_agent,8,medium,30255.58,1,22.25,0,0.004563,0.02
16,dt_single_agent,9,medium,6853.26,0,22.51,0,0.006696,0.02
16,dt_single_agent,10,high,1833.81,0,23.25,0,0.013514,0.03
16,dt_single_agent,11,medium,12620.87,1,21.84,0,0.005363,0.02
16,dt_single_agent,12,high,4352.87,0,20.71,0,0.013581,0.03
16,dt_single_agent,13,medium,11898.24,0,18.74,1,0.005922,0.02
16,dt_single_agent,14,high,5074.1,1,20.3,0,0.010141,0.03
16,dt_single_agent,15,low,28091.05,1,20.93,1,0.003848,0.01
16,dt_single_agent,16,low,36382.69,0,20.08,0,0.002554,0.01
16,dt_single_agent,17,high,11551.85,0,20.37,0,0.011134,0.03
16,dt_single_agent,18,medium,24864.28,0,19.6,0,0.006138,0.02
16,dt_single_agent,19,medium,9027.26,1,17.71,1,0.006399,0.02
16,dt_single_agent,20,high,2910.07,0,23.35,0,0.012755,0.03
16,dt_single_agent,21,low,61933.73,1,19.29,0,0.00283,0.01
16,dt_single_agent,22,low,34937.3,1,23.85,0,0.003257,0.01
16,dt_single_agent,23,low,38175.17,1,23.54,0,0.002874,0.01
16,dt_single_agent,24,low,32776.69,1,18.05,0,0.00281,0.01
16,dt_single_agent,25,low,51135.01,1,23.57,1,0.003258,0.01
16,dt_single_agent,26,low,44660.01,1,22.8,1,0.003747,0.01
16,dt_single_agent,27,low,30259.17,0,22.77,0,0.002388,0.01
16,dt_single_agent,28,high,2557.25,1,23.45,0,0.009056,0.03
16,dt_single_agent,29,high,15870.89,0,17.78,0,0.009234,0.03
16,dt_single_agent,30,medium,5788.55,0,24.98,0,0.005976,0.02
16,dt_single_agent,31,low,50414.83,1,21.02,0,0.002956,0.01
16,dt_single_agent,32,medium,23061.16,0,22.12,0,0.00685,0.02
16,dt_single_agent,33,medium,15147.11,1,23.04,0,0.003979,0.02
16,dt_single_agent,34,high,14429.78,0,27.45,0,0.010337,0.03
16,dt_single_agent,35,medium,9743.71,1,17.1,0,0.005779,0.02
16,dt_single_agent,36,low,51853.7,1,21.82,0,0.003392,0.01
16,dt_single_agent,37,low,27375.39,1,21.55,0,0.00307,0.01
16,dt_single_agent,38,low,47174.84,1,22.21,1,0.003001,0.01
16,dt_single_agent,39,low,47541.56,1,22.69,0,0.003579,0.01
16,dt_single_agent,40,low,36382.0,1,25.12,1,0.003241,0.01
16,dt_single_agent,41,high,15517.94,0,19.93,0,0.008073,0.03
16,dt_single_agent,42,medium,6854.19,0,25.41,0,0.004826,0.02
16,dt_single_agent,43,high,1480.16,0,20.52,0,0.011696,0.03
16,dt_single_agent,44,low,32060.08,0,23.57,0,0.002858,0.01
16,dt_single_agent,45,low,29184.06,1,18.48,0,0.004147,0.01
16,dt_single_agent,46,high,9393.98,1,28.33,1,0.012059,0.03
16,dt_single_agent,47,high,9036.22,0,22.06,1,0.009095,0.03
16,dt_single_agent,48,medium,9368.74,1,21.99,0,0.00434,0.02
16,dt_single_agent,49,medium,13346.19,0,22.34,0,0.006816,0.02
16,dt_single_agent,50,low,42494.15,1,18.44,0,0.003364,0.01
16,dt_single_agent,51,high,7230.08,1,17.77,0,0.010203,0.03
16,dt_single_agent,52,high,2195.22,0,25.0,1,0.014723,0.03
16,dt_single_agent,53,low,43936.69,1,20.56,0,0.003773,0.01
16,dt_single_agent,54,medium,13345.65,1,17.25,1,0.007019,0.02
16,dt_single_agent,55,low,34936.02,0,18.04,0,0.003604,0.01
16,dt_single_agent,56,medium,18023.94,0,23.78,0,0.004505,0.02
16,dt_single_agent,57,medium,16582.22,0,19.56,0,0.006641,0.02
16,dt_single_agent,58,low,43938.92,1,22.92,0,0.003203,0.01
16,dt_single_agent,59,high,1835.88,1,16.86,0,0.011134,0.03
16,dt_single_agent,60,medium,7938.67,0,21.15,0,0.006952,0.02
16,dt_single_agent,61,high,5427.7,1,20.84,0,0.011847,0.03
16,dt_single_agent,62,high,5431.89,0,19.18,0,0.010565,0.03
16,dt_single_agent,63,high,5785.03,1,23.47,0,0.011973,0.03
16,dt_single_agent,64,medium,15507.01,1,22.67,1,0.005409,0.02
16,dt_single_agent,65,medium,26311.4,1,17.88,0,0.006528,0.02
16,dt_single_agent,66,medium,20184.57,0,20.79,0,0.007681,0.02
16,dt_single_agent,67,low,39263.9,1,19.83,1,0.002876,0.01
16,dt_single_agent,68,high,3273.41,0,23.18,0,0.009944,0.03
16,dt_single_agent,69,low,42141.97,0,25.4,0,0.002884,0.01
16,dt_single_agent,70,low,36377.36,1,19.67,0,0.003165,0.01
16,dt_single_agent,71,medium,15143.74,1,18.5,1,0.006491,0.02
16,dt_single_agent,72,medium,16934.91,0,19.52,0,0.005939,0.02
16,dt_single_agent,73,low,59424.05,1,21.06,0,0.001786,0.01
16,dt_single_agent,74,medium,7579.93,1,20.76,0,0.005409,0.02
16,dt_single_agent,75,low,53662.7,1,19.62,0,0.002662,0.01
16,dt_single_agent,76,medium,17305.15,0,21.12,0,0.006498,0.02
16,dt_single_agent,77,low,51502.34,1,16.15,1,0.003193,0.01
16,dt_single_agent,78,high,12631.99,0,15.21,0,0.011846,0.03
16,dt_single_agent,79,medium,30624.22,0,14.27,0,0.003861,0.02
16,dt_single_agent,80,low,37098.57,1,17.15,0,0.003465,0.01
16,dt_single_agent,81,medium,5424.58,1,21.56,0,0.005904,0.02
16,dt_single_agent,82,high,5432.36,0,23.01,0,0.01388,0.03
16,dt_single_agent,83,low,54732.51,1,22.93,0,0.003099,0.01
16,dt_single_agent,84,low,55454.4,1,18.54,0,0.003071,0.01
16,dt_single_agent,85,low,48261.4,1,21.65,0,0.002838,0.01
16,dt_single_agent,86,medium,11903.96,0,18.46,0,0.008349,0.02
16,dt_single_agent,87,medium,9744.38,0,19.56,1,0.006446,0.02
16,dt_single_agent,88,medium,20545.52,0,14.58,0,0.004818,0.02
16,dt_single_agent,89,high,6156.56,1,23.43,0,0.015041,0.03
16,dt_single_agent,90,low,43938.05,1,20.03,0,0.00343,0.01
16,dt_single_agent,91,medium,16944.14,0,20.02,0,0.00574,0.02
16,dt_single_agent,92,medium,19465.23,0,16.79,0,0.006328,0.02
16,dt_single_agent,93,medium,10823.23,0,28.01,1,0.007157,0.02
16,dt_single_agent,94,low,52579.89,0,29.11,0,0.003047,0.01
16,dt_single_agent,95,low,48975.39,1,23.07,0,0.003071,0.01
16,dt_single_agent,96,high,6518.72,0,18.35,0,0.013905,0.03
16,dt_single_agent,97,low,48618.94,1,23.38,0,0.003037,0.01
16,dt_single_agent,98,high,4712.34,0,18.11,0,0.011652,0.03
16,dt_single_agent,99,low,21258.06,1,18.03,0,0.003125,0.01
16,dt_single_agent,100,high,10470.59,1,23.99,0,0.012725,0.03
16,dt_single_agent,101,low,36738.02,1,22.07,0,0.002501,0.01
16,dt_single_agent,102,high,2919.21,0,24.21,0,0.014535,0.03
16,dt_single_agent,103,low,48977.15,1,19.75,0,0.002248,0.01
16,dt_single_agent,104,low,40699.36,1,20.42,0,0.002574,0.01
16,dt_single_agent,105,low,43939.57,1,18.58,0,0.003733,0.01
16,dt_single_agent,106,medium,14788.33,0,16.11,0,0.00665,0.02
16,dt_single_agent,107,low,39979.76,1,21.36,0,0.003587,0.01
16,dt_single_agent,108,high,15508.56,0,22.62,0,0.009257,0.03
16,dt_single_agent,109,medium,19455.59,1,17.4,0,0.005943,0.02
16,dt_single_agent,110,low,27380.77,1,18.61,1,0.002928,0.01
16,dt_single_agent,111,high,8314.74,1,18.19,0,0.012791,0.03
16,dt_single_agent,112,low,39977.62,1,21.81,0,0.003232,0.01
16,dt_single_agent,113,low,77772.75,1,17.0,0,0.002239,0.01
16,dt_single_agent,114,high,4359.79,0,19.55,1,0.011048,0.03
16,dt_single_agent,115,high,2548.32,0,19.95,0,0.012817,0.03
16,dt_single_agent,116,high,6510.48,1,23.01,0,0.011484,0.03
16,dt_single_agent,117,medium,23063.23,1,14.9,0,0.00576,0.02
16,dt_single_agent,118,low,36738.01,1,19.65,0,0.003,0.01
16,dt_single_agent,119,low,37458.03,1,23.09,0,0.003693,0.01
17,dt_single_agent,0,medium,9019.46,0,19.67,0,0.00609,0.02
17,dt_single_agent,1,low,42862.4,1,20.91,0,0.003348,0.01
17,dt_single_agent,2,medium,16586.26,0,15.53,0,0.006641,0.02
17,dt_single_agent,3,low,48617.08,1,25.05,1,0.002986,0.01
17,dt_single_agent,4,medium,12266.12,1,21.62,1,0.006074,0.02
17,dt_single_agent,5,high,2547.81,0,21.17,0,0.015218,0.03
17,dt_single_agent,6,medium,16229.31,0,22.31,0,0.00617,0.02
17,dt_single_agent,7,high,12628.97,1,17.44,0,0.008163,0.03
17,dt_single_agent,8,medium,23060.97,1,24.4,1,0.007258,0.02
17,dt_single_agent,9,low,35302.8,1,20.02,1,0.002428,0.01
17,dt_single_agent,10,high,6872.49,0,18.05,0,0.010727,0.03
17,dt_single_agent,11,low,39617.38,0,18.4,0,0.002891,0.01
17,dt_single_agent,12,low,31341.55,0,19.57,0,0.002928,0.01
17,dt_single_agent,13,low,38539.15,1,15.35,0,0.003734,0.01
17,dt_single_agent,14,low,41416.75,1,18.94,1,0.003854,0.01
17,dt_single_agent,15,medium,16586.13,1,18.39,0,0.006747,0.02
17,dt_single_agent,16,high,4000.1,1,25.13,0,0.012227,0.03
17,dt_single_agent,17,medium,24864.69,0,25.74,0,0.005591,0.02
17,dt_single_agent,18,low,35296.29,1,17.76,0,0.00373,0.01
17,dt_single_agent,19,low,46818.35,1,21.75,1,0.0027,0.01
17,dt_single_agent,20,low,54013.95,1,20.18,0,0.002544,0.01
17,dt_single_agent,21,medium,16582.82,0,18.83,0,0.005832,0.02
17,dt_single_agent,22,high,9402.2,0,20.21,0,0.010358,0.03
17,dt_single_agent,23,high,7952.19,0,19.99,0,0.011911,0.03
17,dt_single_agent,24,low,50413.92,1,23.51,0,0.002984,0.01
17,dt_single_agent,25,low,46101.33,1,18.91,0,0.0029,0.01
17,dt_single_agent,26,high,7227.65,0,19.02,0,0.01438,0.03
17,dt_single_agent,27,medium,26306.64,0,23.65,0,0.00536,0.02
17,dt_single_agent,28,low,43220.87,1,25.16,0,0.002648,0.01
17,dt_single_agent,29,low,29898.73,1,16.44,0,0.003342,0.01
17,dt_single_agent,30,low,32418.9,1,19.59,0,0.003499,0.01
17,dt_single_agent,31,high,4355.88,1,19.51,0,0.012566,0.03
17,dt_single_agent,32,low,64094.17,1,23.41,0,0.002628,0.01
17,dt_single_agent,33,high,4719.77,0,17.66,0,0.009765,0.03
17,dt_single_agent,34,low,43219.83,1,20.84,0,0.003198,0.01
17,dt_single_agent,35,medium,11540.81,0,17.61,0,0.004849,0.02
17,dt_single_agent,36,medium,10463.07,1,24.75,0,0.00641,0.02
17,dt_single_agent,37,medium,9742.58,0,23.08,0,0.005135,0.02
17,dt_single_agent,38,low,54021.08,1,24.48,1,0.002716,0.01
17,dt_single_agent,39,high,2910.67,0,23.83,0,0.010348,0.03
17,dt_single_agent,40,high,6150.25,0,21.07,1,0.013125,0.03
17,dt_single_agent,41,high,3622.97,0,19.29,0,0.012203,0.03
17,dt_single_agent,42,low,38893.0,1,24.04,0,0.003055,0.01
17,dt_single_agent,43,medium,15140.49,0,17.8,1,0.003517,0.02
17,dt_single_agent,44,medium,8304.87,0,15.45,0,0.00671,0.02
17,dt_single_agent,45,medium,18019.98,1,22.9,1,0.00476,0.02
17,dt_single_agent,46,high,9031.5,0,19.82,0,0.009322,0.03
17,dt_single_agent,47,medium,20546.49,1,19.95,0,0.007607,0.02
17,dt_single_agent,48,medium,21987.85,1,22.21,0,0.006128,0.02
17,dt_single_agent,49,high,7237.7,0,20.47,0,0.015082,0.03
17,dt_single_agent,50,low,43934.26,1,22.26,0,0.003283,0.01
17,dt_single_agent,51,low,50409.54,1,22.84,0,0.003466,0.01
17,dt_single_agent,52,medium,11182.14,1,22.18,0,0.004776,0.02
17,dt_single_agent,53,low,55454.57,1,27.37,0,0.002585,0.01
17,dt_single_agent,54,low,53653.84,1,27.23,1,0.002385,0.01
17,dt_single_agent,55,low,63010.02,1,19.42,0,0.002592,0.01
17,dt_single_agent,56,high,5437.35,0,24.28,0,0.012875,0.03
17,dt_single_agent,57,medium,3257.79,0,21.93,0,0.006224,0.02
17,dt_single_agent,58,low,34938.86,1,20.88,0,0.002941,0.01
17,dt_single_agent,59,low,36382.06,1,25.3,0,0.003261,0.01
17,dt_single_agent,60,low,50059.42,1,19.94,0,0.002947,0.01
17,dt_single_agent,61,high,9752.14,1,17.12,0,0.01253,0.03
17,dt_single_agent,62,low,65898.52,0,21.94,1,0.002229,0.01
17,dt_single_agent,63,high,5435.38,0,25.59,0,0.017083,0.03
17,dt_single_agent,64,low,47175.77,1,17.62,0,0.002947,0.01
17,dt_single_agent,65,high,2909.14,1,15.47,0,0.01179,0.03
17,dt_single_agent,66,medium,24502.91,0,18.84,0,0.004323,0.02
17,dt_single_agent,67,medium,15138.37,1,16.45,0,0.006916,0.02
17,dt_single_agent,68,low,42862.08,0,27.74,0,0.00347,0.01
17,dt_single_agent,69,low,48616.63,1,21.83,0,0.002527,0.01
17,dt_single_agent,70,low,48979.77,0,19.61,0,0.002812,0.01
17,dt_single_agent,71,medium,15499.82,0,24.7,1,0.00549,0.02
17,dt_single_agent,72,low,53655.08,0,21.4,0,0.002426,0.01
17,dt_single_agent,73,low,40342.57,1,25.48,0,0.003164,0.01
17,dt_single_agent,74,high,15157.95,0,16.38,0,0.011856,0.03
17,dt_single_agent,75,low,54016.95,1,19.93,0,0.002437,0.01
17,dt_single_agent,76,high,12272.69,0,17.52,0,0.014318,0.03
17,dt_single_agent,77,medium,27381.47,0,27.18,0,0.005355,0.02
17,dt_single_agent,78,low,52583.57,1,22.32,0,0.002597,0.01
17,dt_single_agent,79,medium,13336.65,1,22.67,0,0.00763,0.02
17,dt_single_agent,80,high,11199.52,0,24.43,0,0.010888,0.03
17,dt_single_agent,81,medium,18029.13,1,17.53,0,0.005628,0.02
17,dt_single_agent,82,low,29898.58,0,21.99,0,0.003257,0.01
17,dt_single_agent,83,medium,12982.88,0,17.47,0,0.00487,0.02
17,dt_single_agent,84,medium,9741.79,1,17.9,0,0.005127,0.02
17,dt_single_agent,85,high,7592.26,1,19.56,0,0.012166,0.03
17,dt_single_agent,86,high,5787.87,0,22.83,0,0.011503,0.03
17,dt_single_agent,87,low,32423.14,1,29.46,0,0.003161,0.01
17,dt_single_agent,88,medium,11183.63,0,21.2,0,0.005175,0.02
17,dt_single_agent,89,medium,19817.12,1,22.3,0,0.007281,0.02
17,dt_single_agent,90,medium,18735.88,0,17.85,0,0.006533,0.02
17,dt_single_agent,91,high,12637.17,0,19.61,0,0.008896,0.03
17,dt_single_agent,92,low,33863.41,1,14.54,0,0.003457,0.01
17,dt_single_agent,93,low,36376.78,1,19.21,0,0.002542,0.01
17,dt_single_agent,94,low,4336.66,0,23.11,0,0.002518,0.01
17,dt_single_agent,95,medium,18380.13,1,16.39,1,0.008642,0.02
17,dt_single_agent,96,medium,15136.9,1,21.6,0,0.006662,0.02
17,dt_single_agent,97,medium,17299.37,0,26.5,0,0.006137,0.02
17,dt_single_agent,98,medium,21257.82,1,19.23,0,0.005456,0.02
17,dt_single_agent,99,high,11548.16,0,21.71,0,0.011206,0.03
17,dt_single_agent,100,medium,7943.99,1,24.88,0,0.007124,0.02
17,dt_single_agent,101,low,19094.08,0,17.04,0,0.002645,0.01
17,dt_single_agent,102,low,82108.0,1,21.8,0,0.001632,0.01
17,dt_single_agent,103,high,9392.46,0,22.67,0,0.010869,0.03
17,dt_single_agent,104,medium,10104.11,1,21.31,0,0.006599,0.02
17,dt_single_agent,105,low,30975.83,1,17.35,0,0.002785,0.01
17,dt_single_agent,106,medium,17659.63,1,22.13,0,0.005425,0.02
17,dt_single_agent,107,high,14790.77,0,17.19,1,0.01181,0.03
17,dt_single_agent,108,high,5438.23,0,26.21,0,0.009762,0.03
17,dt_single_agent,109,high,1831.28,0,23.63,0,0.012527,0.03
17,dt_single_agent,110,low,57620.74,1,23.23,0,0.002332,0.01
17,dt_single_agent,111,medium,14422.87,1,20.49,0,0.005876,0.02
17,dt_single_agent,112,low,31697.72,1,21.22,0,0.003025,0.01
17,dt_single_agent,113,high,7596.06,0,23.18,0,0.013366,0.03
17,dt_single_agent,114,low,65541.23,1,22.68,0,0.002303,0.01
17,dt_single_agent,115,high,1829.09,0,18.41,0,0.011783,0.03
17,dt_single_agent,116,low,35653.12,1,23.2,0,0.003299,0.01
17,dt_single_agent,117,high,4711.41,0,20.18,0,0.013417,0.03
17,dt_single_agent,118,medium,24864.24,0,21.89,1,0.004792,0.02
17,dt_single_agent,119,medium,34942.65,1,19.98,0,0.003717,0.02
18,dt_single_agent,0,low,47904.34,1,22.66,0,0.002729,0.01
18,dt_single_agent,1,high,6872.12,0,21.85,0,0.009301,0.03
18,dt_single_agent,2,low,48254.31,1,24.84,0,0.003231,0.01
18,dt_single_agent,3,high,1837.34,1,21.78,0,0.014965,0.03
18,dt_single_agent,4,medium,20187.13,1,16.9,0,0.005264,0.02
18,dt_single_agent,5,high,9753.93,0,18.11,0,0.011596,0.03
18,dt_single_agent,6,high,5071.62,0,17.79,0,0.010969,0.03
18,dt_single_agent,7,high,9027.7,0,20.95,0,0.012564,0.03
18,dt_single_agent,8,low,70931.97,1,24.19,0,0.002095,0.01
18,dt_single_agent,9,medium,16936.55,1,17.44,0,0.006245,0.02
18,dt_single_agent,10,high,8671.36,0,22.39,0,0.011426,0.03
18,dt_single_agent,11,medium,3981.64,0,23.62,0,0.008083,0.02
18,dt_single_agent,12,medium,7577.88,1,19.78,0,0.005944,0.02
18,dt_single_agent,13,medium,14059.77,1,21.29,0,0.006127,0.02
18,dt_single_agent,14,low,27378.38,0,23.04,0,0.002754,0.01
18,dt_single_agent,15,low,44300.39,1,22.7,1,0.003109,0.01
18,dt_single_agent,16,low,27380.08,1,22.59,1,0.003563,0.01
18,dt_single_agent,17,low,61217.72,1,25.36,0,0.002759,0.01
18,dt_single_agent,18,high,5065.43,0,19.58,0,0.016176,0.03
18,dt_single_agent,19,high,6867.12,0,24.18,0,0.011901,0.03
18,dt_single_agent,20,low,44660.64,1,18.87,0,0.003584,0.01
18,dt_single_agent,21,high,8316.05,0,20.54,0,0.013887,0.03
18,dt_single_agent,22,low,44664.42,1,18.33,0,0.00316,0.01
18,dt_single_agent,23,high,8304.08,0,22.64,0,0.006532,0.03
18,dt_single_agent,24,high,7599.9,1,23.45,0,0.013701,0.03
18,dt_single_agent,25,low,75611.03,0,24.07,0,0.001985,0.01
18,dt_single_agent,26,low,43223.71,1,18.74,0,0.00252,0.01
18,dt_single_agent,27,high,9388.74,1,23.34,0,0.012292,0.03
18,dt_single_agent,28,medium,9753.3,1,18.0,0,0.00696,0.02
18,dt_single_agent,29,high,7949.15,1,23.71,0,0.008993,0.03
18,dt_single_agent,30,medium,10463.04,0,18.1,0,0.006062,0.02
18,dt_single_agent,31,medium,14781.59,1,23.72,0,0.00559,0.02
18,dt_single_agent,32,medium,17668.98,1,21.46,1,0.005557,0.02
18,dt_single_agent,33,medium,12984.51,1,22.14,0,0.004854,0.02
18,dt_single_agent,34,low,52221.05,1,23.43,0,0.002731,0.01
18,dt_single_agent,35,high,5433.5,1,17.57,0,0.012275,0.03
18,dt_single_agent,36,high,4351.18,0,14.83,0,0.013804,0.03
18,dt_single_agent,37,high,18040.81,1,17.14,1,0.010028,0.03
18,dt_single_agent,38,medium,14787.38,1,16.66,0,0.004756,0.02
18,dt_single_agent,39,medium,20179.93,0,16.9,0,0.006015,0.02
18,dt_single_agent,40,medium,17305.93,1,22.72,0,0.004958,0.02
18,dt_single_agent,41,high,6149.67,1,28.88,0,0.012018,0.03
18,dt_single_agent,42,high,6149.44,0,20.16,0,0.014972,0.03
18,dt_single_agent,43,high,9030.59,0,19.66,0,0.011454,0.03
18,dt_single_agent,44,low,41052.0,1,21.91,1,0.003029,0.01
18,dt_single_agent,45,medium,20177.62,1,19.3,0,0.005713,0.02
18,dt_single_agent,46,medium,14065.71,1,22.27,0,0.004944,0.02
18,dt_single_agent,47,medium,5066.09,0,27.13,0,0.005356,0.02
18,dt_single_agent,48,medium,6861.24,0,20.0,0,0.006224,0.02
18,dt_single_agent,49,high,12993.01,0,21.93,0,0.013918,0.03
18,dt_single_agent,50,medium,10820.59,1,19.82,0,0.005271,0.02
18,dt_single_agent,51,low,64811.59,1,18.39,0,0.002375,0.01
18,dt_single_agent,52,high,3276.54,0,20.4,1,0.010411,0.03
18,dt_single_agent,53,medium,15497.8,1,21.75,1,0.00663,0.02
18,dt_single_agent,54,low,53662.26,1,19.68,1,0.003175,0.01
18,dt_single_agent,55,low,54020.07,1,20.25,0,0.002931,0.01
18,dt_single_agent,56,high,7947.07,0,28.97,0,0.012207,0.03
18,dt_single_agent,57,medium,26660.52,1,27.67,0,0.006562,0.02
18,dt_single_agent,58,low,31691.31,1,27.31,0,0.003648,0.01
18,dt_single_agent,59,medium,18737.42,1,22.33,0,0.006593,0.02
18,dt_single_agent,60,high,5792.67,0,22.39,1,0.009039,0.03
18,dt_single_agent,61,high,11910.8,1,17.36,0,0.011031,0.03
18,dt_single_agent,62,high,2202.25,0,20.45,0,0.00938,0.03
18,dt_single_agent,63,high,9394.44,0,22.63,0,0.009534,0.03
18,dt_single_agent,64,medium,8299.33,0,23.67,0,0.006257,0.02
18,dt_single_agent,65,low,54012.96,1,21.54,1,0.003043,0.01
18,dt_single_agent,66,medium,14062.47,0,22.72,0,0.006423,0.02
18,dt_single_agent,67,medium,13338.66,1,18.65,0,0.006079,0.02
18,dt_single_agent,68,high,3634.1,0,20.89,0,0.010569,0.03
18,dt_single_agent,69,high,9032.91,0,17.62,1,0.011322,0.03
18,dt_single_agent,70,low,31689.69,1,24.68,0,0.003263,0.01
18,dt_single_agent,71,medium,24144.49,0,25.71,0,0.005615,0.02
18,dt_single_agent,72,medium,22707.74,1,17.52,0,0.006174,0.02
18,dt_single_agent,73,medium,12261.87,1,19.13,0,0.006249,0.02
18,dt_single_agent,74,medium,14790.74,0,25.02,0,0.007006,0.02
18,dt_single_agent,75,high,6870.16,0,21.6,0,0.013511,0.03
18,dt_single_agent,76,high,10833.54,0,25.07,1,0.010592,0.03
18,dt_single_agent,77,medium,11901.81,1,19.6,0,0.00488,0.02
18,dt_single_agent,78,medium,22702.85,1,16.78,0,0.004874,0.02
18,dt_single_agent,79,low,39257.0,1,19.61,0,0.003341,0.01
18,dt_single_agent,80,low,46450.98,1,21.98,0,0.002738,0.01
18,dt_single_agent,81,medium,21623.38,0,21.11,0,0.005108,0.02
18,dt_single_agent,82,low,28813.0,1,17.53,0,0.004081,0.01
18,dt_single_agent,83,high,8676.95,0,26.87,1,0.008903,0.03
18,dt_single_agent,84,medium,12981.83,1,25.97,0,0.004049,0.02
18,dt_single_agent,85,high,10470.14,0,21.13,1,0.008372,0.03
18,dt_single_agent,86,low,72374.37,1,20.16,1,0.002403,0.01
18,dt_single_agent,87,high,6145.11,0,20.57,0,0.010402,0.03
18,dt_single_agent,88,medium,21985.77,1,15.94,0,0.005168,0.02
18,dt_single_agent,89,high,9750.08,0,16.49,0,0.010354,0.03
18,dt_single_agent,90,medium,22340.92,0,23.3,1,0.006335,0.02
18,dt_single_agent,91,high,9752.21,0,21.32,0,0.012344,0.03
18,dt_single_agent,92,low,36383.05,0,18.77,0,0.003051,0.01
18,dt_single_agent,93,low,45017.41,1,23.09,0,0.003013,0.01
18,dt_single_agent,94,low,47899.85,1,21.83,1,0.00301,0.01
18,dt_single_agent,95,medium,15495.46,0,17.51,1,0.004506,0.02
18,dt_single_agent,96,low,47898.21,1,17.64,0,0.003142,0.01
18,dt_single_agent,97,high,4352.16,0,23.89,0,0.013026,0.03
18,dt_single_agent,98,medium,15859.27,1,20.19,0,0.004426,0.02
18,dt_single_agent,99,medium,15861.47,1,16.88,0,0.006887,0.02
18,dt_single_agent,100,low,48979.18,1,19.76,1,0.00327,0.01
18,dt_single_agent,101,low,40695.62,1,20.62,1,0.002484,0.01
18,dt_single_agent,102,low,43580.79,1,24.96,0,0.003381,0.01
18,dt_single_agent,103,low,60140.36,1,17.41,1,0.002573,0.01
18,dt_single_agent,104,low,46449.25,1,25.0,0,0.00375,0.01
18,dt_single_agent,105,low,48619.9,1,21.95,0,0.003196,0.01
18,dt_single_agent,106,low,35297.44,1,25.95,0,0.003884,0.01
18,dt_single_agent,107,low,45024.67,1,19.22,0,0.002954,0.01
18,dt_single_agent,108,low,48620.43,1,22.39,1,0.003412,0.01
18,dt_single_agent,109,low,16573.93,0,22.78,0,0.002144,0.01
18,dt_single_agent,110,low,33501.35,1,17.76,0,0.002955,0.01
18,dt_single_agent,111,low,51134.8,1,16.07,0,0.002678,0.01
18,dt_single_agent,112,low,41780.39,1,23.87,0,0.00355,0.01
18,dt_single_agent,113,high,1837.09,1,22.46,0,0.012025,0.03
18,dt_single_agent,114,high,2195.46,1,23.29,0,0.012856,0.03
18,dt_single_agent,115,low,43942.09,1,19.33,1,0.003557,0.01
18,dt_single_agent,116,medium,28816.8,1,18.19,0,0.006208,0.02
18,dt_single_agent,117,low,57613.81,1,25.64,0,0.002923,0.01
18,dt_single_agent,118,medium,45745.67,1,14.66,1,0.003075,0.02
18,dt_single_agent,119,high,3991.88,0,23.56,0,0.014775,0.03
19,dt_single_agent,0,low,53296.83,1,20.29,0,0.002655,0.01
19,dt_single_agent,1,low,32773.42,1,21.63,0,0.003483,0.01
19,dt_single_agent,2,medium,18382.83,0,21.54,0,0.005229,0.02
19,dt_single_agent,3,medium,8305.87,0,23.13,0,0.006568,0.02
19,dt_single_agent,4,low,64456.55,1,23.89,0,0.002425,0.01
19,dt_single_agent,5,low,43944.04,1,22.33,0,0.0031,0.01
19,dt_single_agent,6,medium,23784.64,1,23.98,0,0.004344,0.02
19,dt_single_agent,7,medium,19460.28,1,18.9,0,0.004994,0.02
19,dt_single_agent,8,medium,5061.56,1,24.63,0,0.005114,0.02
19,dt_single_agent,9,medium,29183.62,0,21.51,0,0.004072,0.02
19,dt_single_agent,10,low,40695.42,1,17.33,0,0.003308,0.01
19,dt_single_agent,11,medium,19104.37,0,22.2,1,0.006012,0.02
19,dt_single_agent,12,low,39977.75,1,23.5,0,0.002361,0.01
19,dt_single_agent,13,medium,14061.71,0,20.8,0,0.006769,0.02
19,dt_single_agent,14,high,3995.37,0,18.7,0,0.010746,0.03
19,dt_single_agent,15,medium,9023.97,0,17.52,0,0.005523,0.02
19,dt_single_agent,16,high,6151.77,1,18.1,0,0.013829,0.03
19,dt_single_agent,17,high,5799.79,0,22.52,1,0.01245,0.03
19,dt_single_agent,18,medium,15136.8,1,23.7,0,0.006196,0.02
19,dt_single_agent,19,medium,19100.85,1,20.74,0,0.006726,0.02
19,dt_single_agent,20,low,44298.52,1,28.04,0,0.002803,0.01
19,dt_single_agent,21,low,35294.28,1,25.12,0,0.003703,0.01
19,dt_single_agent,22,low,43936.08,1,20.72,0,0.003253,0.01
19,dt_single_agent,23,medium,8302.52,1,20.15,0,0.004339,0.02
19,dt_single_agent,24,medium,13343.09,1,20.32,0,0.00671,0.02
19,dt_single_agent,25,low,42139.26,1,26.26,0,0.003743,0.01
19,dt_single_agent,26,medium,24863.09,1,27.18,0,0.004934,0.02
19,dt_single_agent,27,high,3991.54,0,17.38,0,0.012578,0.03
19,dt_single_agent,28,medium,18376.61,0,22.76,0,0.005847,0.02
19,dt_single_agent,29,low,63018.29,1,20.84,1,0.002764,0.01
19,dt_single_agent,30,low,30974.67,1,19.09,1,0.002012,0.01
19,dt_single_agent,31,low,45023.49,1,19.7,1,0.003169,0.01
19,dt_single_agent,32,high,6879.53,0,22.14,0,0.009594,0.03
19,dt_single_agent,33,high,2555.83,0,22.69,0,0.010607,0.03
19,dt_single_agent,34,medium,11538.52,0,19.64,0,0.006524,0.02
19,dt_single_agent,35,medium,8308.9,1,20.59,0,0.006096,0.02
19,dt_single_agent,36,medium,13709.38,0,14.25,0,0.006831,0.02
19,dt_single_agent,37,low,51862.33,1,20.58,0,0.003006,0.01
19,dt_single_agent,38,low,39979.66,1,21.89,1,0.002745,0.01
19,dt_single_agent,39,medium,16945.76,1,15.53,0,0.004135,0.02
19,dt_single_agent,40,low,59053.78,1,19.86,0,0.00294,0.01
19,dt_single_agent,41,medium,15141.39,0,17.52,0,0.006137,0.02
19,dt_single_agent,42,medium,12264.5,1,25.73,0,0.00645,0.02
19,dt_single_agent,43,low,55463.22,1,22.91,0,0.00323,0.01
19,dt_single_agent,44,low,39261.78,1,22.19,0,0.003578,0.01
19,dt_single_agent,45,medium,15863.55,0,26.41,0,0.005735,0.02
19,dt_single_agent,46,medium,20903.41,1,23.04,1,0.006211,0.02
19,dt_single_agent,47,high,5792.72,0,22.96,0,0.011343,0.03
19,dt_single_agent,48,low,47535.49,1,19.81,0,0.003021,0.01
19,dt_single_agent,49,low,23783.31,1,21.11,0,0.003405,0.01
19,dt_single_agent,50,high,5072.9,0,20.8,0,0.01517,0.03
19,dt_single_agent,51,medium,10459.16,0,23.67,1,0.00697,0.02
19,dt_single_agent,52,high,10114.45,0,29.8,0,0.01403,0.03
19,dt_single_agent,53,low,45017.06,1,17.36,0,0.003586,0.01
19,dt_single_agent,54,low,56892.48,1,23.19,0,0.003042,0.01
19,dt_single_agent,55,low,39974.24,1,25.12,0,0.002192,0.01
19,dt_single_agent,56,high,1835.42,0,17.79,0,0.011898,0.03
19,dt_single_agent,57,medium,21983.44,0,17.81,0,0.005959,0.02
19,dt_single_agent,58,high,3631.87,1,22.37,0,0.01317,0.03
19,dt_single_agent,59,medium,5063.56,1,21.5,0,0.006477,0.02
19,dt_single_agent,60,medium,10102.18,0,17.44,1,0.005658,0.02
19,dt_single_agent,61,medium,13341.65,1,23.18,0,0.006376,0.02
19,dt_single_agent,62,high,4712.02,0,17.53,0,0.010172,0.03
19,dt_single_agent,63,low,34214.31,0,22.12,0,0.002724,0.01
19,dt_single_agent,64,high,4348.49,1,19.46,0,0.013487,0.03
19,dt_single_agent,65,medium,16943.63,0,18.33,1,0.006879,0.02
19,dt_single_agent,66,low,31698.51,1,23.49,0,0.002834,0.01
19,dt_single_agent,67,high,5801.58,0,18.76,1,0.012507,0.03
19,dt_single_agent,68,high,5070.69,0,22.24,0,0.010591,0.03
19,dt_single_agent,69,high,17315.72,0,20.1,1,0.010795,0.03
19,dt_single_agent,70,medium,13701.3,0,20.16,0,0.006549,0.02
19,dt_single_agent,71,high,8676.79,0,18.54,1,0.013373,0.03
19,dt_single_agent,72,high,11199.6,0,23.57,0,0.011226,0.03
19,dt_single_agent,73,medium,22342.31,0,23.19,1,0.006015,0.02
19,dt_single_agent,74,medium,9742.3,1,18.35,0,0.006615,0.02
19,dt_single_agent,75,low,29175.37,1,24.18,1,0.00313,0.01
19,dt_single_agent,76,medium,3629.21,1,21.41,0,0.006126,0.02
19,dt_single_agent,77,medium,22341.83,0,20.34,1,0.00781,0.02
19,dt_single_agent,78,medium,15865.32,1,21.03,0,0.006029,0.02
19,dt_single_agent,79,medium,23067.26,0,20.43,0,0.006352,0.02
19,dt_single_agent,80,low,16941.0,1,17.92,0,0.002913,0.01
19,dt_single_agent,81,high,9753.44,0,18.21,0,0.012634,0.03
19,dt_single_agent,82,medium,9742.58,1,13.46,0,0.005996,0.02
19,dt_single_agent,83,medium,21251.97,0,19.39,0,0.005196,0.02
19,dt_single_agent,84,high,8314.16,0,18.35,0,0.015962,0.03
19,dt_single_agent,85,high,6873.56,0,18.04,0,0.014529,0.03
19,dt_single_agent,86,low,45382.89,1,18.89,0,0.002443,0.01
19,dt_single_agent,87,high,5066.4,0,17.39,0,0.011556,0.03
19,dt_single_agent,88,low,45382.8,1,18.72,0,0.002613,0.01
19,dt_single_agent,89,high,15509.84,0,22.24,0,0.011862,0.03
19,dt_single_agent,90,low,56179.75,1,19.22,0,0.003091,0.01
19,dt_single_agent,91,medium,6504.98,1,16.93,1,0.008302,0.02
19,dt_single_agent,92,low,43948.79,1,19.82,0,0.003074,0.01
19,dt_single_agent,93,low,42504.25,0,17.57,0,0.002725,0.01
19,dt_single_agent,94,high,11913.87,0,18.8,0,0.014414,0.03
19,dt_single_agent,95,low,47173.98,1,16.56,1,0.003731,0.01
19,dt_single_agent,96,low,39625.3,1,19.32,0,0.00252,0.01
19,dt_single_agent,97,medium,18741.3,1,24.24,0,0.005125,0.02
19,dt_single_agent,98,medium,15863.57,0,16.82,0,0.006302,0.02
19,dt_single_agent,99,high,11551.26,0,22.53,0,0.012007,0.03
19,dt_single_agent,100,medium,12260.65,1,17.79,1,0.007022,0.02
19,dt_single_agent,101,low,62298.86,1,23.18,0,0.00212,0.01
19,dt_single_agent,102,low,44662.56,1,21.09,0,0.002551,0.01
19,dt_single_agent,103,low,50408.61,1,18.66,0,0.002717,0.01
19,dt_single_agent,104,high,7234.52,1,19.81,0,0.008677,0.03
19,dt_single_agent,105,low,59776.59,1,18.18,0,0.002143,0.01
19,dt_single_agent,106,high,8667.12,0,21.54,0,0.013079,0.03
19,dt_single_agent,107,low,34218.6,1,18.27,0,0.003318,0.01
19,dt_single_agent,108,high,16587.91,1,23.29,0,0.011013,0.03
19,dt_single_agent,109,high,7598.22,0,22.77,0,0.012384,0.03
19,dt_single_agent,110,high,3991.79,0,24.15,0,0.014709,0.03
19,dt_single_agent,111,low,44298.0,1,18.34,1,0.003045,0.01
19,dt_single_agent,112,high,3988.69,0,24.25,0,0.01066,0.03
19,dt_single_agent,113,high,7950.39,0,21.85,0,0.010754,0.03
19,dt_single_agent,114,medium,9382.31,0,21.17,0,0.006976,0.02
19,dt_single_agent,115,low,23779.39,1,18.67,0,0.00348,0.01
19,dt_single_agent,116,low,52214.65,0,23.39,0,0.003186,0.01
19,dt_single_agent,117,medium,21980.19,1,24.74,0,0.005588,0.02
19,dt_single_agent,118,low,58328.64,1,21.42,0,0.002112,0.01
19,dt_single_agent,119,high,3994.07,0,26.86,1,0.012522,0.03
20,dt_single_agent,0,high,4356.78,1,21.37,0,0.015326,0.03
20,dt_single_agent,1,high,7949.96,1,25.96,0,0.011402,0.03
20,dt_single_agent,2,high,3994.74,0,21.71,0,0.010002,0.03
20,dt_single_agent,3,high,6515.81,0,20.5,0,0.011522,0.03
20,dt_single_agent,4,medium,7228.16,0,20.39,0,0.006372,0.02
20,dt_single_agent,5,low,54015.49,1,18.16,0,0.003134,0.01
20,dt_single_agent,6,high,4713.76,0,27.38,0,0.013131,0.03
20,dt_single_agent,7,medium,10461.77,1,21.13,0,0.004859,0.02
20,dt_single_agent,8,medium,36744.07,0,22.28,0,0.004595,0.02
20,dt_single_agent,9,high,8670.66,0,20.23,0,0.010871,0.03
20,dt_single_agent,10,medium,16584.08,1,23.55,1,0.005607,0.02
20,dt_single_agent,11,medium,19097.15,0,17.74,0,0.003759,0.02
20,dt_single_agent,12,high,3633.29,1,19.04,0,0.00815,0.03
20,dt_single_agent,13,low,52584.63,1,23.83,1,0.003283,0.01
20,dt_single_agent,14,medium,18387.26,0,27.68,0,0.005894,0.02
20,dt_single_agent,15,medium,15502.41,0,15.55,0,0.006296,0.02
20,dt_single_agent,16,high,7228.04,1,18.61,0,0.011182,0.03
20,dt_single_agent,17,high,8312.17,0,22.75,0,0.011783,0.03
20,dt_single_agent,18,low,20534.13,1,26.54,0,0.003665,0.01
20,dt_single_agent,19,high,6512.4,0,18.1,0,0.012734,0.03
20,dt_single_agent,20,low,56535.23,1,19.25,0,0.002382,0.01
20,dt_single_agent,21,high,6876.62,0,25.88,0,0.013072,0.03
20,dt_single_agent,22,medium,14788.0,1,20.96,1,0.00734,0.02
20,dt_single_agent,23,medium,9026.01,1,18.64,0,0.004956,0.02
20,dt_single_agent,24,high,7952.16,0,18.48,0,0.012671,0.03
20,dt_single_agent,25,low,47178.87,1,23.57,0,0.002806,0.01
20,dt_single_agent,26,low,38185.94,1,20.99,0,0.003907,0.01
20,dt_single_agent,27,low,65177.54,1,18.86,0,0.00246,0.01
20,dt_single_agent,28,medium,14060.59,0,21.06,0,0.004994,0.02
20,dt_single_agent,29,high,2911.36,0,23.8,0,0.013876,0.03
20,dt_single_agent,30,medium,19460.39,1,13.65,0,0.004796,0.02
20,dt_single_agent,31,low,49697.09,1,22.95,0,0.002951,0.01
20,dt_single_agent,32,low,52578.03,1,21.56,0,0.002733,0.01
20,dt_single_agent,33,high,5789.79,0,19.55,0,0.012623,0.03
20,dt_single_agent,34,low,48618.43,1,26.62,1,0.002779,0.01
20,dt_single_agent,35,high,12637.66,0,20.95,0,0.010611,0.03
20,dt_single_agent,36,low,40704.88,1,18.51,0,0.002665,0.01
20,dt_single_agent,37,high,2910.88,0,20.17,0,0.014627,0.03
20,dt_single_agent,38,low,32418.35,1,17.98,0,0.002931,0.01
20,dt_single_agent,39,high,7959.67,1,21.71,0,0.014381,0.03
20,dt_single_agent,40,high,2555.92,0,27.66,1,0.008532,0.03
20,dt_single_agent,41,high,3996.46,0,17.73,0,0.013028,0.03
20,dt_single_agent,42,high,15876.15,0,26.75,0,0.011083,0.03
20,dt_single_agent,43,high,3269.34,0,19.31,0,0.011107,0.03
20,dt_single_agent,44,low,51858.38,1,22.09,0,0.001834,0.01
20,dt_single_agent,45,low,36015.64,1,25.3,0,0.003604,0.01
20,dt_single_agent,46,medium,19468.15,1,21.07,0,0.004834,0.02
20,dt_single_agent,47,high,6506.88,1,24.09,0,0.01009,0.03
20,dt_single_agent,48,low,55818.68,1,24.68,0,0.002604,0.01
20,dt_single_agent,49,low,51494.38,1,21.85,0,0.002978,0.01
20,dt_single_agent,50,high,3632.84,1,18.74,0,0.015167,0.03
20,dt_single_agent,51,high,13356.74,0,24.58,0,0.008861,0.03
20,dt_single_agent,52,medium,24146.65,1,19.56,0,0.00703,0.02
20,dt_single_agent,53,medium,13708.23,1,20.42,0,0.0051,0.02
20,dt_single_agent,54,low,23421.83,1,18.84,0,0.003798,0.01
20,dt_single_agent,55,medium,7225.54,0,23.66,0,0.006624,0.02
20,dt_single_agent,56,high,13347.25,0,25.6,1,0.012009,0.03
20,dt_single_agent,57,low,46458.37,0,23.97,0,0.002824,0.01
20,dt_single_agent,58,high,8673.21,1,16.62,0,0.015087,0.03
20,dt_single_agent,59,medium,22700.37,0,17.28,0,0.005245,0.02
20,dt_single_agent,60,high,12276.02,1,26.6,0,0.011398,0.03
20,dt_single_agent,61,medium,16229.07,0,17.57,0,0.005244,0.02
20,dt_single_agent,62,high,6157.19,0,20.48,0,0.013911,0.03
20,dt_single_agent,63,low,42493.15,1,20.7,0,0.002851,0.01
20,dt_single_agent,64,low,44662.14,1,26.21,0,0.00234,0.01
20,dt_single_agent,65,high,6866.46,0,20.58,0,0.017733,0.03
20,dt_single_agent,66,low,49339.76,1,22.92,0,0.003539,0.01
20,dt_single_agent,67,low,69496.27,1,20.63,0,0.002483,0.01
20,dt_single_agent,68,medium,21262.52,1,19.14,0,0.006305,0.02
20,dt_single_agent,69,medium,12623.81,1,17.3,0,0.003911,0.02
20,dt_single_agent,70,high,5788.32,1,23.64,0,0.01287,0.03
20,dt_single_agent,71,medium,21982.43,0,23.17,0,0.005217,0.02
20,dt_single_agent,72,medium,25220.39,0,25.22,0,0.007063,0.02
20,dt_single_agent,73,medium,13703.55,0,17.79,0,0.005688,0.02
20,dt_single_agent,74,medium,17655.37,1,23.78,0,0.00653,0.02
20,dt_single_agent,75,high,7595.71,0,22.58,0,0.012556,0.03
20,dt_single_agent,76,high,8315.28,0,19.86,0,0.011356,0.03
20,dt_single_agent,77,medium,26663.5,0,18.15,0,0.005617,0.02
20,dt_single_agent,78,high,4349.6,0,18.96,1,0.011293,0.03
20,dt_single_agent,79,high,13353.36,1,22.42,0,0.013467,0.03
20,dt_single_agent,80,high,5429.53,0,19.54,0,0.010545,0.03
20,dt_single_agent,81,high,9397.43,0,22.6,0,0.012802,0.03
20,dt_single_agent,82,low,41422.62,1,22.64,1,0.002929,0.01
20,dt_single_agent,83,low,43938.78,1,18.53,0,0.00261,0.01
20,dt_single_agent,84,medium,7942.03,1,24.88,0,0.006065,0.02
20,dt_single_agent,85,medium,19827.64,1,23.48,0,0.005021,0.02
20,dt_single_agent,86,high,2552.52,0,21.61,0,0.01313,0.03
20,dt_single_agent,87,low,57257.98,1,18.16,1,0.002318,0.01
20,dt_single_agent,88,high,3634.65,0,16.51,0,0.012839,0.03
20,dt_single_agent,89,medium,12986.41,0,18.47,0,0.007778,0.02
20,dt_single_agent,90,medium,10102.95,0,21.58,1,0.004316,0.02
20,dt_single_agent,91,medium,25586.24,1,26.75,0,0.00556,0.02
20,dt_single_agent,92,medium,8298.44,1,19.3,0,0.004076,0.02
20,dt_single_agent,93,low,46100.57,1,17.55,0,0.003368,0.01
20,dt_single_agent,94,medium,23419.55,1,21.83,0,0.004939,0.02
20,dt_single_agent,95,medium,5781.93,1,19.33,0,0.005182,0.02
20,dt_single_agent,96,high,7955.73,1,19.3,0,0.010199,0.03
20,dt_single_agent,97,low,43930.78,1,24.39,0,0.003807,0.01
20,dt_single_agent,98,high,7229.62,0,20.65,0,0.012938,0.03
20,dt_single_agent,99,low,46459.3,1,17.02,1,0.002925,0.01
20,dt_single_agent,100,medium,17661.5,1,19.74,0,0.004994,0.02
20,dt_single_agent,101,medium,33145.46,1,24.67,0,0.005119,0.02
20,dt_single_agent,102,low,29177.36,1,20.07,0,0.003735,0.01
20,dt_single_agent,103,high,5081.8,0,26.94,0,0.012696,0.03
20,dt_single_agent,104,low,34939.48,1,23.77,0,0.003386,0.01
20,dt_single_agent,105,low,55461.78,1,19.83,0,0.003068,0.01
20,dt_single_agent,106,low,61210.34,0,19.0,0,0.002548,0.01
20,dt_single_agent,107,medium,20910.51,0,19.88,0,0.007782,0.02
20,dt_single_agent,108,high,6147.37,0,24.11,0,0.01208,0.03
20,dt_single_agent,109,medium,15143.46,1,18.63,0,0.006245,0.02
20,dt_single_agent,110,high,3633.3,0,20.42,0,0.012006,0.03
20,dt_single_agent,111,low,70211.76,1,19.03,0,0.002423,0.01
20,dt_single_agent,112,low,49701.48,1,21.47,0,0.002799,0.01
20,dt_single_agent,113,high,6512.09,0,12.85,0,0.011443,0.03
20,dt_single_agent,114,medium,19456.8,0,22.74,0,0.007947,0.02
20,dt_single_agent,115,low,29180.39,1,23.47,0,0.002908,0.01
20,dt_single_agent,116,medium,12618.63,0,23.29,0,0.006783,0.02
20,dt_single_agent,117,medium,20545.25,1,16.59,0,0.006195,0.02
20,dt_single_agent,118,high,1474.57,1,18.55,0,0.011148,0.03
20,dt_single_agent,119,high,9393.67,0,23.25,0,0.009958,0.03
21,dt_single_agent,0,low,37102.77,1,20.53,0,0.003509,0.01
21,dt_single_agent,1,low,30619.8,1,20.13,0,0.002708,0.01
21,dt_single_agent,2,high,7950.64,0,19.11,0,0.014181,0.03
21,dt_single_agent,3,medium,14423.38,1,21.3,0,0.005786,0.02
21,dt_single_agent,4,high,6879.62,1,27.56,0,0.009234,0.03
21,dt_single_agent,5,high,11914.4,1,23.35,0,0.01345,0.03
21,dt_single_agent,6,high,5796.19,0,21.98,0,0.011858,0.03
21,dt_single_agent,7,medium,17312.43,0,15.3,0,0.0064,0.02
21,dt_single_agent,8,medium,5057.76,0,19.21,0,0.006377,0.02
21,dt_single_agent,9,low,47541.57,1,22.77,0,0.003414,0.01
21,dt_single_agent,10,medium,26299.01,1,20.4,0,0.006284,0.02
21,dt_single_agent,11,high,9030.95,0,18.09,0,0.014448,0.03
21,dt_single_agent,12,high,6505.52,0,16.56,0,0.014154,0.03
21,dt_single_agent,13,low,45376.78,1,17.51,0,0.003143,0.01
21,dt_single_agent,14,medium,11908.34,1,23.29,1,0.007125,0.02
21,dt_single_agent,15,medium,8306.85,1,20.87,1,0.005226,0.02
21,dt_single_agent,16,low,36738.82,1,19.38,0,0.003158,0.01
21,dt_single_agent,17,medium,26669.76,1,23.94,0,0.006409,0.02
21,dt_single_agent,18,medium,23780.96,0,18.56,0,0.005279,0.02
21,dt_single_agent,19,medium,19103.01,1,19.2,0,0.003639,0.02
21,dt_single_agent,20,medium,14064.42,1,20.48,0,0.006229,0.02
21,dt_single_agent,21,low,70211.44,1,18.27,0,0.002473,0.01
21,dt_single_agent,22,low,41061.56,1,19.02,0,0.00299,0.01
21,dt_single_agent,23,low,42863.67,1,22.93,0,0.003663,0.01
21,dt_single_agent,24,high,6147.55,0,25.71,1,0.012046,0.03
21,dt_single_agent,25,high,4359.19,0,18.43,0,0.011634,0.03
21,dt_single_agent,26,medium,16948.01,1,19.23,0,0.004893,0.02
21,dt_single_agent,27,medium,17665.82,0,17.3,0,0.008072,0.02
21,dt_single_agent,28,high,6514.28,0,17.33,0,0.013518,0.03
21,dt_single_agent,29,high,2554.08,0,19.18,0,0.009368,0.03
21,dt_single_agent,30,low,45368.95,1,13.94,0,0.002921,0.01
21,dt_single_agent,31,low,57978.37,1,18.7,0,0.002207,0.01
21,dt_single_agent,32,high,13358.43,0,20.88,0,0.008599,0.03
21,dt_single_agent,33,low,38535.12,1,17.63,0,0.003361,0.01
21,dt_single_agent,34,medium,16942.28,1,21.67,0,0.004967,0.02
21,dt_single_agent,35,medium,20906.17,0,29.54,0,0.008127,0.02
21,dt_single_agent,36,high,2910.22,0,17.97,0,0.012701,0.03
21,dt_single_agent,37,medium,25217.78,1,24.01,0,0.004505,0.02
21,dt_single_agent,38,medium,21618.05,0,22.71,0,0.004147,0.02
21,dt_single_agent,39,low,35652.63,1,24.38,0,0.003415,0.01
21,dt_single_agent,40,low,37829.09,1,25.37,0,0.003371,0.01
21,dt_single_agent,41,medium,14787.28,1,16.75,0,0.006359,0.02
21,dt_single_agent,42,high,9752.26,0,19.85,0,0.013202,0.03
21,dt_single_agent,43,medium,19824.82,1,19.28,0,0.007296,0.02
21,dt_single_agent,44,high,15873.65,1,22.61,1,0.011033,0.03
21,dt_single_agent,45,high,4352.28,1,25.3,1,0.009552,0.03
21,dt_single_agent,46,medium,20183.36,1,17.57,0,0.006977,0.02
21,dt_single_agent,47,low,47898.99,1,22.1,0,0.00243,0.01
21,dt_single_agent,48,medium,18019.59,1,23.9,1,0.006315,0.02
21,dt_single_agent,49,medium,10457.08,0,21.41,0,0.006704,0.02
21,dt_single_agent,50,low,29538.13,1,25.21,0,0.002664,0.01
21,dt_single_agent,51,high,4713.34,0,20.59,0,0.012532,0.03
21,dt_single_agent,52,low,53299.73,1,18.98,0,0.002766,0.01
21,dt_single_agent,53,high,12276.47,1,24.91,1,0.008827,0.03
21,dt_single_agent,54,medium,28460.44,0,18.68,0,0.005863,0.02
21,dt_single_agent,55,high,10111.1,0,22.43,0,0.009135,0.03
21,dt_single_agent,56,low,52222.5,1,21.89,0,0.00235,0.01
21,dt_single_agent,57,medium,13345.2,1,22.96,0,0.006847,0.02
21,dt_single_agent,58,high,6510.19,0,19.91,0,0.008498,0.03
21,dt_single_agent,59,low,60848.19,1,17.5,0,0.002743,0.01
21,dt_single_agent,60,low,63739.31,1,20.47,0,0.002667,0.01
21,dt_single_agent,61,low,40337.77,1,19.34,0,0.002052,0.01
21,dt_single_agent,62,low,38899.03,1,24.61,1,0.002648,0.01
21,dt_single_agent,63,low,38174.76,1,30.64,0,0.003572,0.01
21,dt_single_agent,64,low,30976.59,1,23.18,0,0.003983,0.01
21,dt_single_agent,65,high,5435.33,0,21.34,0,0.012407,0.03
21,dt_single_agent,66,high,7232.05,0,20.92,0,0.013456,0.03
21,dt_single_agent,67,low,42144.41,1,18.47,0,0.002806,0.01
21,dt_single_agent,68,high,7590.63,0,23.61,0,0.011339,0.03
21,dt_single_agent,69,medium,7934.74,1,20.99,0,0.005764,0.02
21,dt_single_agent,70,low,30980.93,1,19.87,1,0.003882,0.01
21,dt_single_agent,71,high,1828.9,1,21.03,0,0.010307,0.03
21,dt_single_agent,72,low,33502.57,1,17.54,0,0.003672,0.01
21,dt_single_agent,73,low,61584.54,1,21.3,0,0.002368,0.01
21,dt_single_agent,74,high,8315.63,1,29.35,0,0.013256,0.03
21,dt_single_agent,75,low,51855.03,1,18.93,0,0.002991,0.01
21,dt_single_agent,76,low,47537.45,1,22.5,0,0.002832,0.01
21,dt_single_agent,77,high,2553.56,0,19.51,0,0.01127,0.03
21,dt_single_agent,78,high,8311.13,0,22.28,0,0.013288,0.03
21,dt_single_agent,79,high,9029.51,0,25.91,0,0.014133,0.03
21,dt_single_agent,80,high,3993.58,0,20.16,0,0.01406,0.03
21,dt_single_agent,81,medium,25943.75,0,20.43,0,0.006238,0.02
21,dt_single_agent,82,high,6874.34,0,17.79,0,0.014612,0.03
21,dt_single_agent,83,medium,21620.01,0,17.89,0,0.006323,0.02
21,dt_single_agent,84,low,35294.17,1,20.34,0,0.00341,0.01
21,dt_single_agent,85,medium,20908.95,1,22.52,0,0.004901,0.02
21,dt_single_agent,86,high,7591.59,0,19.29,1,0.015655,0.03
21,dt_single_agent,87,low,49700.18,1,14.95,0,0.002625,0.01
21,dt_single_agent,88,high,5787.97,1,23.75,0,0.013848,0.03
21,dt_single_agent,89,low,64818.98,0,20.78,0,0.001811,0.01
21,dt_single_agent,90,low,50780.35,1,20.37,1,0.002741,0.01
21,dt_single_agent,91,medium,10464.71,1,21.3,0,0.005763,0.02
21,dt_single_agent,92,high,14435.17,1,21.28,0,0.012057,0.03
21,dt_single_agent,93,low,61574.46,1,17.21,0,0.002008,0.01
21,dt_single_agent,94,medium,6864.24,1,19.29,0,0.005142,0.02
21,dt_single_agent,95,medium,24144.22,0,18.08,0,0.007149,0.02
21,dt_single_agent,96,high,12632.96,0,13.16,0,0.010394,0.03
21,dt_single_agent,97,medium,16579.88,1,25.11,1,0.005076,0.02
21,dt_single_agent,98,high,2912.69,0,21.53,0,0.011647,0.03
21,dt_single_agent,99,low,39617.1,1,16.66,0,0.003258,0.01
21,dt_single_agent,100,high,2912.96,0,19.96,0,0.015071,0.03
21,dt_single_agent,101,low,63372.87,0,23.68,0,0.002725,0.01
21,dt_single_agent,102,low,51505.89,1,22.28,0,0.002896,0.01
21,dt_single_agent,103,low,43203.63,1,23.76,0,0.003288,0.01
21,dt_single_agent,104,high,4714.64,0,24.0,0,0.010236,0.03
21,dt_single_agent,105,high,7591.56,0,16.22,1,0.010257,0.03
21,dt_single_agent,106,medium,15504.34,0,21.79,0,0.005447,0.02
21,dt_single_agent,107,low,36740.22,1,26.75,1,0.004089,0.01
21,dt_single_agent,108,low,44299.51,1,21.09,0,0.003235,0.01
21,dt_single_agent,109,low,40698.38,0,17.99,0,0.003039,0.01
21,dt_single_agent,110,medium,13351.78,0,13.87,0,0.006182,0.02
21,dt_single_agent,111,high,7594.5,0,24.3,0,0.014074,0.03
21,dt_single_agent,112,low,49334.85,1,17.63,0,0.003552,0.01
21,dt_single_agent,113,low,33137.52,0,21.43,0,0.003206,0.01
21,dt_single_agent,114,high,11556.4,0,24.22,1,0.012654,0.03
21,dt_single_agent,115,medium,13700.31,1,27.34,1,0.006781,0.02
21,dt_single_agent,116,low,38542.04,1,20.76,0,0.003277,0.01
21,dt_single_agent,117,medium,19461.28,0,19.8,0,0.005948,0.02
21,dt_single_agent,118,medium,12624.67,1,13.89,0,0.007149,0.02
21,dt_single_agent,119,low,49336.02,0,16.86,0,0.003548,0.01
22,dt_single_agent,0,medium,19104.72,0,19.18,0,0.006041,0.02
22,dt_single_agent,1,medium,15506.38,1,23.17,0,0.007222,0.02
22,dt_single_agent,2,high,3634.88,1,19.79,0,0.010177,0.03
22,dt_single_agent,3,medium,19827.89,0,23.2,0,0.00681,0.02
22,dt_single_agent,4,low,75978.95,1,22.55,0,0.002179,0.01
22,dt_single_agent,5,medium,20896.49,0,17.24,1,0.006623,0.02
22,dt_single_agent,6,high,6156.83,0,24.95,1,0.012708,0.03
22,dt_single_agent,7,medium,15146.11,0,24.12,0,0.006514,0.02
22,dt_single_agent,8,medium,28102.79,0,15.65,0,0.006135,0.02
22,dt_single_agent,9,medium,30984.88,1,21.6,0,0.003756,0.02
22,dt_single_agent,10,high,7953.91,0,19.89,0,0.011525,0.03
22,dt_single_agent,11,low,50420.54,1,16.3,0,0.002915,0.01
22,dt_single_agent,12,medium,9378.04,0,22.33,0,0.006484,0.02
22,dt_single_agent,13,low,46812.86,0,23.05,0,0.003321,0.01
22,dt_single_agent,14,high,5790.82,1,25.72,0,0.009681,0.03
22,dt_single_agent,15,low,54370.48,1,20.58,0,0.002854,0.01
22,dt_single_agent,16,low,67337.5,1,17.68,0,0.001722,0.01
22,dt_single_agent,17,low,63016.93,1,14.72,0,0.0027,0.01
22,dt_single_agent,18,medium,10457.61,0,19.48,0,0.007859,0.02
22,dt_single_agent,19,high,2557.73,1,23.69,0,0.013437,0.03
22,dt_single_agent,20,medium,16581.88,0,25.9,0,0.006328,0.02
22,dt_single_agent,21,medium,7941.28,1,17.78,0,0.006289,0.02
22,dt_single_agent,22,high,18391.65,0,18.68,0,0.010079,0.03
22,dt_single_agent,23,low,52577.51,1,17.17,0,0.00321,0.01
22,dt_single_agent,24,medium,7580.83,1,20.92,0,0.005626,0.02
22,dt_single_agent,25,low,47540.82,1,20.76,0,0.002987,0.01
22,dt_single_agent,26,medium,9741.94,0,21.79,0,0.005619,0.02
22,dt_single_agent,27,medium,26301.93,1,21.41,0,0.006458,0.02
22,dt_single_agent,28,medium,14422.56,0,22.35,0,0.005687,0.02
22,dt_single_agent,29,medium,13704.76,1,20.51,0,0.005779,0.02
22,dt_single_agent,30,high,7235.19,0,16.08,1,0.010136,0.03
22,dt_single_agent,31,medium,22696.15,1,29.96,1,0.003997,0.02
22,dt_single_agent,32,medium,23419.18,1,16.49,0,0.005985,0.02
22,dt_single_agent,33,low,39974.69,1,22.71,0,0.004104,0.01
22,dt_single_agent,34,high,6154.08,0,14.77,0,0.009759,0.03
22,dt_single_agent,35,low,36016.59,1,22.71,0,0.003369,0.01
22,dt_single_agent,36,low,44654.91,1,25.87,0,0.003563,0.01
22,dt_single_agent,37,high,11196.27,0,19.25,0,0.006016,0.03
22,dt_single_agent,38,low,42136.79,1,17.05,0,0.00317,0.01
22,dt_single_agent,39,high,4714.81,0,21.2,0,0.011142,0.03
22,dt_single_agent,40,high,6877.31,0,22.91,0,0.011507,0.03
22,dt_single_agent,41,medium,14790.9,1,19.94,0,0.005112,0.02
22,dt_single_agent,42,medium,27748.15,0,20.78,0,0.006186,0.02
22,dt_single_agent,43,medium,9748.83,1,19.6,0,0.005358,0.02
22,dt_single_agent,44,low,40697.48,1,21.22,1,0.00328,0.01
22,dt_single_agent,45,high,6149.97,0,16.87,0,0.008344,0.03
22,dt_single_agent,46,low,33859.73,1,21.96,0,0.003055,0.01
22,dt_single_agent,47,medium,19109.99,0,16.17,0,0.006778,0.02
22,dt_single_agent,48,high,3271.87,0,21.78,0,0.010934,0.03
22,dt_single_agent,49,low,33148.13,1,17.51,0,0.002637,0.01
22,dt_single_agent,50,medium,15863.28,1,21.07,0,0.007053,0.02
22,dt_single_agent,51,medium,31703.16,1,13.57,0,0.005123,0.02
22,dt_single_agent,52,low,56542.37,1,21.38,0,0.003044,0.01
22,dt_single_agent,53,low,55455.17,0,17.79,0,0.002148,0.01
22,dt_single_agent,54,medium,10817.31,1,20.92,1,0.005942,0.02
22,dt_single_agent,55,low,35303.31,1,20.6,0,0.003823,0.01
22,dt_single_agent,56,low,46096.44,1,21.31,0,0.003002,0.01
22,dt_single_agent,57,low,53658.72,1,19.37,1,0.003026,0.01
22,dt_single_agent,58,high,5074.76,0,20.7,0,0.008555,0.03
22,dt_single_agent,59,high,6873.25,1,21.85,1,0.0086,0.03
22,dt_single_agent,60,medium,18742.01,1,19.15,0,0.007469,0.02
22,dt_single_agent,61,high,2910.86,0,24.46,0,0.013685,0.03
22,dt_single_agent,62,low,39977.17,1,25.43,0,0.003713,0.01
22,dt_single_agent,63,medium,16576.42,1,22.73,1,0.006146,0.02
22,dt_single_agent,64,medium,10461.44,0,21.99,0,0.006725,0.02
22,dt_single_agent,65,high,14788.2,0,22.45,0,0.01176,0.03
22,dt_single_agent,66,medium,5776.88,1,21.39,0,0.004947,0.02
22,dt_single_agent,67,low,51493.85,1,28.8,0,0.002537,0.01
22,dt_single_agent,68,medium,26303.57,1,24.11,0,0.005,0.02
22,dt_single_agent,69,high,10476.22,1,18.48,0,0.012711,0.03
22,dt_single_agent,70,low,46459.95,1,21.16,0,0.003306,0.01
22,dt_single_agent,71,high,7955.04,0,18.16,0,0.013138,0.03
22,dt_single_agent,72,medium,11182.59,1,19.24,1,0.007836,0.02
22,dt_single_agent,73,low,54016.18,1,23.23,0,0.002633,0.01
22,dt_single_agent,74,low,50056.72,1,17.37,0,0.003244,0.01
22,dt_single_agent,75,high,12275.4,1,24.0,0,0.011085,0.03
22,dt_single_agent,76,low,34938.5,1,27.53,0,0.00281,0.01
22,dt_single_agent,77,low,45740.77,1,23.0,1,0.0031,0.01
22,dt_single_agent,78,high,4701.44,0,22.73,0,0.011728,0.03
22,dt_single_agent,79,high,7594.84,0,22.4,1,0.012062,0.03
22,dt_single_agent,80,high,9032.19,0,18.42,0,0.011826,0.03
22,dt_single_agent,81,medium,25943.98,1,15.46,0,0.006471,0.02
22,dt_single_agent,82,high,6876.33,0,18.61,0,0.014319,0.03
22,dt_single_agent,83,medium,11908.13,0,20.35,0,0.006043,0.02
22,dt_single_agent,84,medium,23424.32,1,22.29,1,0.005699,0.02
22,dt_single_agent,85,high,7590.4,0,19.62,0,0.007654,0.03
22,dt_single_agent,86,medium,13345.55,0,19.73,1,0.008571,0.02
22,dt_single_agent,87,low,78136.97,1,22.19,0,0.002142,0.01
22,dt_single_agent,88,high,10478.95,0,19.77,0,0.012319,0.03
22,dt_single_agent,89,low,60496.18,1,25.75,0,0.002368,0.01
22,dt_single_agent,90,low,55095.62,0,20.43,1,0.001916,0.01
22,dt_single_agent,91,medium,25949.17,1,19.91,0,0.005774,0.02
22,dt_single_agent,92,low,46813.62,1,18.1,1,0.003064,0.01
22,dt_single_agent,93,low,41409.56,0,17.16,0,0.002745,0.01
22,dt_single_agent,94,high,7959.14,0,19.92,0,0.009236,0.03
22,dt_single_agent,95,low,55452.21,1,25.36,1,0.003151,0.01
22,dt_single_agent,96,high,6160.28,0,19.75,1,0.01414,0.03
22,dt_single_agent,97,high,7596.69,0,19.91,0,0.013514,0.03
22,dt_single_agent,98,medium,11545.74,1,16.81,0,0.007872,0.02
22,dt_single_agent,99,low,47182.63,1,18.63,0,0.002795,0.01
22,dt_single_agent,100,low,32779.13,1,26.57,0,0.002536,0.01
22,dt_single_agent,101,high,9753.26,1,15.15,0,0.012545,0.03
22,dt_single_agent,102,medium,15143.51,0,19.4,0,0.004951,0.02
22,dt_single_agent,103,high,9398.28,0,21.46,1,0.012495,0.03
22,dt_single_agent,104,medium,14065.26,0,22.65,1,0.005167,0.02
22,dt_single_agent,105,medium,22341.41,1,27.22,0,0.003946,0.02
22,dt_single_agent,106,high,11196.92,0,16.02,0,0.01367,0.03
22,dt_single_agent,107,high,6875.47,0,19.76,0,0.01011,0.03
22,dt_single_agent,108,low,39976.51,1,19.96,0,0.002856,0.01
22,dt_single_agent,109,low,36746.6,1,23.47,0,0.003329,0.01
22,dt_single_agent,110,low,42500.87,1,19.15,0,0.003385,0.01
22,dt_single_agent,111,medium,19817.27,1,19.9,0,0.005917,0.02
22,dt_single_agent,112,low,32778.8,0,17.88,0,0.004024,0.01
22,dt_single_agent,113,high,2914.16,0,22.97,0,0.013604,0.03
22,dt_single_agent,114,medium,15505.8,1,27.14,0,0.004791,0.02
22,dt_single_agent,115,high,4714.79,0,20.63,0,0.01098,0.03
22,dt_single_agent,116,low,54015.66,1,23.73,0,0.002116,0.01
22,dt_single_agent,117,medium,29186.02,1,22.57,0,0.004785,0.02
22,dt_single_agent,118,high,14434.49,0,13.99,0,0.009796,0.03
22,dt_single_agent,119,high,5070.37,1,20.33,0,0.01312,0.03
23,dt_single_agent,0,low,42503.84,1,20.95,0,0.002855,0.01
23,dt_single_agent,1,high,4350.59,0,16.05,0,0.015297,0.03
23,dt_single_agent,2,medium,16590.6,1,19.12,0,0.006307,0.02
23,dt_single_agent,3,medium,16952.98,0,24.5,1,0.007666,0.02
23,dt_single_agent,4,high,10831.14,0,25.88,0,0.014323,0.03
23,dt_single_agent,5,low,58699.74,1,22.13,0,0.001609,0.01
23,dt_single_agent,6,high,12268.13,0,17.11,0,0.013052,0.03
23,dt_single_agent,7,high,11192.53,0,20.16,1,0.013521,0.03
23,dt_single_agent,8,medium,18385.75,0,25.57,0,0.006194,0.02
23,dt_single_agent,9,high,2196.82,0,22.77,0,0.012906,0.03
23,dt_single_agent,10,low,49701.78,1,22.73,0,0.002808,0.01
23,dt_single_agent,11,low,41058.14,1,16.84,0,0.002569,0.01
23,dt_single_agent,12,low,39270.86,1,22.2,0,0.002376,0.01
23,dt_single_agent,13,low,38540.26,0,27.19,0,0.00401,0.01
23,dt_single_agent,14,low,46453.68,1,20.86,0,0.003577,0.01
23,dt_single_agent,15,low,48976.66,1,19.25,0,0.00281,0.01
23,dt_single_agent,16,medium,15501.03,1,21.98,0,0.007562,0.02
23,dt_single_agent,17,high,5795.24,1,18.62,0,0.009752,0.03
23,dt_single_agent,18,low,29175.5,1,17.54,1,0.003467,0.01
23,dt_single_agent,19,high,2195.06,0,18.33,0,0.01039,0.03
23,dt_single_agent,20,medium,25582.65,0,23.68,0,0.005891,0.02
23,dt_single_agent,21,medium,7945.32,0,25.23,0,0.007178,0.02
23,dt_single_agent,22,low,40697.13,1,22.54,0,0.003519,0.01
23,dt_single_agent,23,high,6512.79,0,23.01,0,0.00859,0.03
23,dt_single_agent,24,medium,13344.46,0,19.48,0,0.006116,0.02
23,dt_single_agent,25,medium,13700.13,1,22.72,0,0.004597,0.02
23,dt_single_agent,26,medium,11904.5,0,23.45,0,0.006678,0.02
23,dt_single_agent,27,medium,21980.57,1,24.7,1,0.004996,0.02
23,dt_single_agent,28,high,5796.6,1,21.56,0,0.01389,0.03
23,dt_single_agent,29,medium,20185.29,1,22.12,0,0.005207,0.02
23,dt_single_agent,30,medium,9747.01,1,16.49,0,0.00471,0.02
23,dt_single_agent,31,medium,22344.9,1,15.97,0,0.005323,0.02
23,dt_single_agent,32,low,56896.28,1,21.46,0,0.002636,0.01
23,dt_single_agent,33,low,46460.84,0,19.59,0,0.002993,0.01
23,dt_single_agent,34,low,38895.82,0,19.32,0,0.003546,0.01
23,dt_single_agent,35,medium,11542.61,0,21.8,0,0.005838,0.02
23,dt_single_agent,36,medium,11544.2,0,21.71,0,0.005465,0.02
23,dt_single_agent,37,low,48975.14,1,21.69,0,0.001753,0.01
23,dt_single_agent,38,low,40341.07,1,19.23,0,0.003405,0.01
23,dt_single_agent,39,medium,13710.08,0,22.0,0,0.005029,0.02
23,dt_single_agent,40,high,1478.33,0,22.47,0,0.00754,0.03
23,dt_single_agent,41,medium,17311.75,0,21.04,0,0.006091,0.02
23,dt_single_agent,42,high,5436.95,0,16.13,0,0.013856,0.03
23,dt_single_agent,43,low,24141.77,1,17.65,0,0.003555,0.01
23,dt_single_agent,44,high,4717.68,1,18.1,0,0.012881,0.03
23,dt_single_agent,45,low,56176.88,1,16.44,0,0.002759,0.01
23,dt_single_agent,46,medium,22701.6,1,20.9,0,0.005805,0.02
23,dt_single_agent,47,low,32778.63,1,22.19,0,0.003153,0.01
23,dt_single_agent,48,medium,28820.24,0,24.35,0,0.005104,0.02
23,dt_single_agent,49,high,3986.52,0,21.49,0,0.013601,0.03
23,dt_single_agent,50,high,2191.73,0,19.96,1,0.012247,0.03
23,dt_single_agent,51,medium,3983.41,1,14.54,0,0.005052,0.02
23,dt_single_agent,52,high,4345.97,0,18.15,0,0.013869,0.03
23,dt_single_agent,53,high,5434.45,0,16.26,0,0.01356,0.03
23,dt_single_agent,54,medium,7223.68,1,18.55,0,0.006363,0.02
23,dt_single_agent,55,high,7585.02,0,26.65,0,0.0124,0.03
23,dt_single_agent,56,medium,4705.56,1,22.01,1,0.006323,0.02
23,dt_single_agent,57,high,5068.36,0,23.1,0,0.012483,0.03
23,dt_single_agent,58,high,12991.49,0,19.29,0,0.014238,0.03
23,dt_single_agent,59,low,47897.2,1,21.18,0,0.002758,0.01
23,dt_single_agent,60,medium,10103.17,1,21.28,0,0.004702,0.02
23,dt_single_agent,61,medium,22707.34,0,18.97,0,0.008195,0.02
23,dt_single_agent,62,medium,11901.61,1,19.42,0,0.005965,0.02
23,dt_single_agent,63,low,33497.76,1,17.53,1,0.003243,0.01
23,dt_single_agent,64,low,39617.83,1,20.55,0,0.003353,0.01
23,dt_single_agent,65,low,48258.06,1,16.28,0,0.00197,0.01
23,dt_single_agent,66,high,5798.46,1,22.84,0,0.007259,0.03
23,dt_single_agent,67,medium,16938.33,0,23.13,0,0.006206,0.02
23,dt_single_agent,68,medium,38544.79,0,19.92,0,0.004542,0.02
23,dt_single_agent,69,low,45010.28,1,20.11,1,0.003918,0.01
23,dt_single_agent,70,high,6508.24,0,21.69,0,0.008911,0.03
23,dt_single_agent,71,low,41775.3,0,21.47,0,0.003217,0.01
23,dt_single_agent,72,low,45384.54,1,19.18,1,0.00258,0.01
23,dt_single_agent,73,high,7585.09,1,20.94,0,0.011824,0.03
23,dt_single_agent,74,low,37457.47,1,18.57,0,0.003134,0.01
23,dt_single_agent,75,medium,18738.78,0,18.07,0,0.007122,0.02
23,dt_single_agent,76,high,3274.89,0,16.52,0,0.012254,0.03
23,dt_single_agent,77,low,46098.55,1,23.86,0,0.002502,0.01
23,dt_single_agent,78,high,3995.8,0,22.98,0,0.0126,0.03
23,dt_single_agent,79,medium,15865.69,1,19.35,0,0.005895,0.02
23,dt_single_agent,80,high,7590.41,0,17.42,0,0.010272,0.03
23,dt_single_agent,81,low,40699.15,1,14.87,0,0.002972,0.01
23,dt_single_agent,82,low,31700.02,1,20.43,0,0.003669,0.01
23,dt_single_agent,83,low,53293.13,1,19.92,0,0.003243,0.01
23,dt_single_agent,84,low,54017.84,1,21.81,0,0.003061,0.01
23,dt_single_agent,85,high,19466.53,0,18.34,0,0.009185,0.03
23,dt_single_agent,86,low,38173.96,1,18.69,0,0.003569,0.01
23,dt_single_agent,87,low,52937.6,1,21.23,1,0.002684,0.01
23,dt_single_agent,88,low,59771.97,1,16.51,1,0.00279,0.01
23,dt_single_agent,89,medium,16218.05,0,18.9,0,0.006029,0.02
23,dt_single_agent,90,low,61215.4,1,19.35,1,0.002254,0.01
23,dt_single_agent,91,low,65897.95,0,21.72,0,0.002103,0.01
23,dt_single_agent,92,high,7223.77,0,18.97,0,0.012291,0.03
23,dt_single_agent,93,medium,13342.99,0,22.78,0,0.009451,0.02
23,dt_single_agent,94,low,31338.86,1,18.41,0,0.003099,0.01
23,dt_single_agent,95,high,1833.92,0,18.36,0,0.010622,0.03
23,dt_single_agent,96,high,5068.03,0,20.23,0,0.011948,0.03
23,dt_single_agent,97,high,6148.08,0,21.78,0,0.011246,0.03
23,dt_single_agent,98,medium,17661.66,0,25.87,0,0.006631,0.02
23,dt_single_agent,99,medium,11540.26,0,21.11,1,0.005507,0.02
23,dt_single_agent,100,high,5437.4,0,18.36,0,0.014623,0.03
23,dt_single_agent,101,low,34934.36,1,19.72,0,0.002675,0.01
23,dt_single_agent,102,low,30971.33,0,19.58,0,0.002675,0.01
23,dt_single_agent,103,medium,8305.65,1,16.86,0,0.005696,0.02
23,dt_single_agent,104,high,3994.39,1,17.41,0,0.013147,0.03
23,dt_single_agent,105,medium,11184.37,0,25.13,0,0.006288,0.02
23,dt_single_agent,106,medium,26659.11,1,16.97,0,0.006531,0.02
23,dt_single_agent,107,medium,14781.52,0,24.35,0,0.006372,0.02
23,dt_single_agent,108,medium,12625.03,0,23.55,0,0.006473,0.02
23,dt_single_agent,109,high,5796.22,0,20.49,0,0.010703,0.03
23,dt_single_agent,110,low,51851.37,1,19.5,0,0.002421,0.01
23,dt_single_agent,111,medium,9739.67,0,20.96,0,0.004661,0.02
23,dt_single_agent,112,medium,16586.26,1,15.56,0,0.005252,0.02
23,dt_single_agent,113,low,30968.14,1,20.16,0,0.003842,0.01
23,dt_single_agent,114,low,47904.98,1,16.68,0,0.002962,0.01
23,dt_single_agent,115,medium,9025.78,0,20.01,0,0.007061,0.02
23,dt_single_agent,116,medium,14060.59,0,19.58,0,0.006852,0.02
23,dt_single_agent,117,high,3992.5,0,20.94,0,0.015621,0.03
23,dt_single_agent,118,low,48252.59,1,19.55,0,0.00324,0.01
23,dt_single_agent,119,low,44657.65,1,22.3,0,0.003198,0.01
24,dt_single_agent,0,high,6161.4,1,25.09,0,0.011279,0.03
24,dt_single_agent,1,low,45377.93,1,17.93,1,0.002626,0.01
24,dt_single_agent,2,high,3271.08,0,22.41,0,0.010126,0.03
24,dt_single_agent,3,low,50777.59,0,21.42,0,0.002206,0.01
24,dt_single_agent,4,medium,19105.63,0,24.0,0,0.007164,0.02
24,dt_single_agent,5,low,54012.72,1,21.37,0,0.002953,0.01
24,dt_single_agent,6,high,6146.9,0,25.6,1,0.011504,0.03
24,dt_single_agent,7,low,29174.28,1,14.35,0,0.003211,0.01
24,dt_single_agent,8,high,10478.27,0,16.46,0,0.013169,0.03
24,dt_single_agent,9,low,53296.59,1,23.98,0,0.002394,0.01
24,dt_single_agent,10,medium,8303.19,1,22.77,0,0.005093,0.02
24,dt_single_agent,11,low,44300.06,1,22.95,0,0.002323,0.01
24,dt_single_agent,12,low,44659.48,1,15.01,0,0.003094,0.01
24,dt_single_agent,13,medium,10463.4,0,25.49,0,0.005261,0.02
24,dt_single_agent,14,high,10116.92,1,24.54,0,0.012523,0.03
24,dt_single_agent,15,low,38898.38,1,15.42,0,0.002823,0.01
24,dt_single_agent,16,high,10472.93,0,19.87,0,0.018681,0.03
24,dt_single_agent,17,high,6150.25,1,22.32,0,0.012416,0.03
24,dt_single_agent,18,low,53652.71,1,19.97,0,0.00304,0.01
24,dt_single_agent,19,medium,9746.77,1,19.2,0,0.005492,0.02
24,dt_single_agent,20,medium,13341.81,0,18.65,0,0.00721,0.02
24,dt_single_agent,21,low,43221.48,1,18.94,0,0.003362,0.01
24,dt_single_agent,22,medium,18382.45,0,26.49,0,0.004635,0.02
24,dt_single_agent,23,high,1835.7,1,23.31,0,0.010091,0.03
24,dt_single_agent,24,high,4703.59,1,17.91,0,0.012792,0.03
24,dt_single_agent,25,medium,17665.52,1,20.02,0,0.007263,0.02
24,dt_single_agent,26,medium,9020.24,0,20.51,0,0.005957,0.02
24,dt_single_agent,27,low,46101.54,1,24.06,0,0.003233,0.01
24,dt_single_agent,28,low,47535.55,1,16.65,0,0.002738,0.01
24,dt_single_agent,29,high,8674.13,1,21.55,0,0.014627,0.03
24,dt_single_agent,30,medium,15147.22,1,24.3,1,0.007076,0.02
24,dt_single_agent,31,high,11198.85,0,21.01,1,0.01305,0.03
24,dt_single_agent,32,medium,9020.67,1,20.65,0,0.00546,0.02
24,dt_single_agent,33,medium,14788.74,1,21.18,0,0.006612,0.02
24,dt_single_agent,34,low,25937.63,1,20.15,0,0.003955,0.01
24,dt_single_agent,35,medium,21625.39,0,19.29,1,0.006685,0.02
24,dt_single_agent,36,medium,27024.11,0,26.35,1,0.006311,0.02
24,dt_single_agent,37,medium,5055.46,1,17.93,0,0.004191,0.02
24,dt_single_agent,38,high,7595.78,0,14.86,0,0.013454,0.03
24,dt_single_agent,39,medium,20904.92,1,19.22,0,0.005841,0.02
24,dt_single_agent,40,high,2193.47,0,25.03,0,0.013767,0.03
24,dt_single_agent,41,high,7226.72,0,20.32,0,0.007215,0.03
24,dt_single_agent,42,low,33135.38,1,20.38,0,0.002985,0.01
24,dt_single_agent,43,high,12988.46,0,19.43,0,0.009035,0.03
24,dt_single_agent,44,low,43578.8,1,21.7,0,0.003042,0.01
24,dt_single_agent,45,medium,19110.32,1,23.5,0,0.005679,0.02
24,dt_single_agent,46,medium,22701.17,1,19.41,1,0.007446,0.02
24,dt_single_agent,47,low,39259.35,1,27.56,0,0.003112,0.01
24,dt_single_agent,48,high,2916.13,0,23.34,0,0.013375,0.03
24,dt_single_agent,49,high,4347.48,0,17.06,0,0.011625,0.03
24,dt_single_agent,50,high,4713.24,1,20.88,0,0.008091,0.03
24,dt_single_agent,51,medium,8302.81,0,17.89,0,0.006917,0.02
24,dt_single_agent,52,low,61577.67,1,18.53,0,0.002364,0.01
24,dt_single_agent,53,high,7594.26,0,22.08,1,0.010579,0.03
24,dt_single_agent,54,medium,11541.32,1,19.21,0,0.007296,0.02
24,dt_single_agent,55,high,7228.23,0,18.16,0,0.012286,0.03
24,dt_single_agent,56,medium,16221.25,1,16.97,0,0.005626,0.02
24,dt_single_agent,57,high,2556.85,1,17.67,0,0.010703,0.03
24,dt_single_agent,58,medium,7943.12,1,20.38,0,0.004433,0.02
24,dt_single_agent,59,low,37454.73,1,21.78,0,0.003441,0.01
24,dt_single_agent,60,high,2196.59,0,20.61,0,0.013406,0.03
24,dt_single_agent,61,low,37100.62,1,18.56,1,0.003251,0.01
24,dt_single_agent,62,high,5787.1,0,20.89,0,0.011129,0.03
24,dt_single_agent,63,low,34572.8,1,16.14,0,0.002899,0.01
24,dt_single_agent,64,medium,20184.53,1,21.69,0,0.00513,0.02
24,dt_single_agent,65,medium,16589.25,1,23.12,1,0.004943,0.02
24,dt_single_agent,66,medium,19829.86,0,18.88,0,0.005318,0.02
24,dt_single_agent,67,low,43576.65,1,28.53,0,0.003076,0.01
24,dt_single_agent,68,high,11191.17,0,22.44,0,0.011341,0.03
24,dt_single_agent,69,low,63378.2,1,22.31,0,0.002566,0.01
24,dt_single_agent,70,high,4355.5,1,20.41,0,0.010507,0.03
24,dt_single_agent,71,medium,20182.69,1,16.71,0,0.006606,0.02
24,dt_single_agent,72,high,15156.08,0,20.07,0,0.011569,0.03
24,dt_single_agent,73,medium,15861.92,0,22.61,0,0.005862,0.02
24,dt_single_agent,74,high,5430.44,0,17.82,0,0.016529,0.03
24,dt_single_agent,75,low,48621.48,1,16.55,0,0.002678,0.01
24,dt_single_agent,76,low,50415.69,1,23.78,0,0.003259,0.01
24,dt_single_agent,77,medium,16584.3,1,24.52,1,0.006129,0.02
24,dt_single_agent,78,medium,13701.22,1,14.44,0,0.00699,0.02
24,dt_single_agent,79,low,52223.69,0,14.72,0,0.002865,0.01
24,dt_single_agent,80,low,48979.3,1,17.98,0,0.002337,0.01
24,dt_single_agent,81,high,3996.99,0,18.31,0,0.009992,0.03
24,dt_single_agent,82,medium,28467.1,0,17.1,0,0.005172,0.02
24,dt_single_agent,83,high,10830.33,0,18.6,0,0.006042,0.03
24,dt_single_agent,84,medium,11540.31,0,17.57,0,0.006273,0.02
24,dt_single_agent,85,high,7589.09,0,19.63,0,0.010712,0.03
24,dt_single_agent,86,high,7589.46,0,25.65,0,0.013373,0.03
24,dt_single_agent,87,high,6147.76,0,25.2,0,0.016921,0.03
24,dt_single_agent,88,low,36739.65,1,17.71,1,0.003501,0.01
24,dt_single_agent,89,medium,27384.37,0,21.45,0,0.004888,0.02
24,dt_single_agent,90,high,3636.15,0,19.76,0,0.011221,0.03
24,dt_single_agent,91,medium,11547.25,1,16.82,0,0.005529,0.02
24,dt_single_agent,92,medium,15148.88,1,22.79,0,0.004701,0.02
24,dt_single_agent,93,medium,14784.6,1,23.61,0,0.006439,0.02
24,dt_single_agent,94,medium,43943.77,1,21.99,0,0.004021,0.02
24,dt_single_agent,95,medium,8304.26,1,30.86,1,0.005064,0.02
24,dt_single_agent,96,low,38900.9,1,20.46,0,0.003173,0.01
24,dt_single_agent,97,medium,20907.83,0,22.47,0,0.007303,0.02
24,dt_single_agent,98,medium,15495.86,0,17.28,0,0.006653,0.02
24,dt_single_agent,99,medium,15508.7,1,13.48,0,0.005912,0.02
24,dt_single_agent,100,high,8671.0,0,19.78,0,0.013891,0.03
24,dt_single_agent,101,low,45022.33,1,21.68,0,0.002933,0.01
24,dt_single_agent,102,low,57257.55,1,18.24,0,0.002949,0.01
24,dt_single_agent,103,low,50415.3,1,20.08,0,0.002942,0.01
24,dt_single_agent,104,medium,6147.19,0,21.79,0,0.00679,0.02
24,dt_single_agent,105,medium,9022.42,1,20.06,0,0.007135,0.02
24,dt_single_agent,106,medium,27025.31,0,18.62,0,0.006535,0.02
24,dt_single_agent,107,low,74534.93,1,27.48,0,0.002268,0.01
24,dt_single_agent,108,high,8315.03,1,20.35,0,0.011569,0.03
24,dt_single_agent,109,low,39617.8,1,21.09,0,0.00276,0.01
24,dt_single_agent,110,low,44657.76,1,22.48,0,0.002764,0.01
24,dt_single_agent,111,medium,19462.93,1,23.91,0,0.005373,0.02
24,dt_single_agent,112,medium,9024.26,1,21.26,0,0.007396,0.02
24,dt_single_agent,113,high,6873.52,0,19.37,1,0.011304,0.03
24,dt_single_agent,114,medium,3623.55,1,19.76,0,0.007021,0.02
24,dt_single_agent,115,high,10477.35,0,25.51,1,0.010878,0.03
24,dt_single_agent,116,medium,16218.39,1,17.15,0,0.008377,0.02
24,dt_single_agent,117,low,49697.61,1,18.74,0,0.002889,0.01
24,dt_single_agent,118,high,5793.65,0,23.84,0,0.014803,0.03
24,dt_single_agent,119,low,36735.52,1,25.22,0,0.002942,0.01
25,dt_single_agent,0,medium,9020.09,0,24.79,0,0.00824,0.02
25,dt_single_agent,1,high,7598.98,0,21.54,0,0.013327,0.03
25,dt_single_agent,2,low,46818.76,1,21.24,0,0.002907,0.01
25,dt_single_agent,3,low,34576.79,1,23.0,0,0.003274,0.01
25,dt_single_agent,4,high,11549.74,0,24.07,0,0.00986,0.03
25,dt_single_agent,5,high,6506.03,0,16.02,0,0.014051,0.03
25,dt_single_agent,6,high,5433.63,1,18.32,0,0.015387,0.03
25,dt_single_agent,7,high,9030.97,0,21.85,0,0.01485,0.03
25,dt_single_agent,8,high,3277.08,0,20.73,0,0.014627,0.03
25,dt_single_agent,9,high,5433.58,1,24.58,0,0.011554,0.03
25,dt_single_agent,10,high,5426.46,0,24.69,0,0.012708,0.03
25,dt_single_agent,11,high,6155.49,0,24.34,0,0.010662,0.03
25,dt_single_agent,12,medium,24504.42,1,18.13,1,0.004716,0.02
25,dt_single_agent,13,high,5425.52,1,17.53,0,0.012008,0.03
25,dt_single_agent,14,low,36739.58,1,17.49,0,0.00394,0.01
25,dt_single_agent,15,high,7230.85,1,20.13,0,0.013639,0.03
25,dt_single_agent,16,medium,14424.49,0,14.78,0,0.005187,0.02
25,dt_single_agent,17,medium,10818.34,0,23.76,0,0.005348,0.02
25,dt_single_agent,18,low,44664.99,1,19.3,0,0.00309,0.01
25,dt_single_agent,19,low,47181.19,1,22.26,0,0.002549,0.01
25,dt_single_agent,20,low,45375.1,1,18.58,0,0.003061,0.01
25,dt_single_agent,21,low,41056.79,1,25.97,0,0.00243,0.01
25,dt_single_agent,22,low,39247.34,1,18.0,0,0.002861,0.01
25,dt_single_agent,23,medium,14788.3,0,18.67,0,0.004663,0.02
25,dt_single_agent,24,high,15510.91,0,15.34,1,0.012068,0.03
25,dt_single_agent,25,low,41419.02,1,20.56,0,0.002282,0.01
25,dt_single_agent,26,high,2560.62,0,19.83,0,0.010666,0.03
25,dt_single_agent,27,medium,18027.78,0,23.9,0,0.005745,0.02
25,dt_single_agent,28,medium,19100.24,1,20.59,0,0.006128,0.02
25,dt_single_agent,29,medium,17656.66,0,19.98,1,0.00435,0.02
25,dt_single_agent,30,medium,9391.1,0,22.41,1,0.005269,0.02
25,dt_single_agent,31,low,56535.65,1,23.14,0,0.001882,0.01
25,dt_single_agent,32,low,54022.12,1,22.34,0,0.002648,0.01
25,dt_single_agent,33,medium,4338.56,1,22.87,0,0.006073,0.02
25,dt_single_agent,34,high,4351.08,1,16.09,0,0.015282,0.03
25,dt_single_agent,35,high,14792.47,1,21.06,0,0.01228,0.03
25,dt_single_agent,36,high,13715.48,1,22.5,0,0.009792,0.03
25,dt_single_agent,37,low,45013.01,1,19.09,1,0.003624,0.01
25,dt_single_agent,38,low,3977.42,0,24.41,0,0.002056,0.01
25,dt_single_agent,39,medium,19103.97,0,27.78,0,0.006914,0.02
25,dt_single_agent,40,medium,15509.08,1,24.39,0,0.00598,0.02
25,dt_single_agent,41,high,2547.26,0,16.55,0,0.009735,0.03
25,dt_single_agent,42,low,49342.07,1,20.06,0,0.002589,0.01
25,dt_single_agent,43,medium,11183.38,1,19.94,0,0.004443,0.02
25,dt_single_agent,44,low,28822.16,1,19.88,0,0.002629,0.01
25,dt_single_agent,45,medium,9743.14,1,23.54,0,0.005749,0.02
25,dt_single_agent,46,medium,11186.35,1,25.75,0,0.004039,0.02
25,dt_single_agent,47,low,51140.84,1,18.22,1,0.003417,0.01
25,dt_single_agent,48,low,48619.63,1,26.68,0,0.003164,0.01
25,dt_single_agent,49,low,48261.29,1,16.45,0,0.003586,0.01
25,dt_single_agent,50,medium,25222.66,0,15.63,0,0.005103,0.02
25,dt_single_agent,51,high,6872.9,0,28.19,0,0.008025,0.03
25,dt_single_agent,52,medium,17310.47,1,18.9,1,0.008667,0.02
25,dt_single_agent,53,high,3273.94,0,24.72,0,0.014684,0.03
25,dt_single_agent,54,medium,10098.84,1,15.93,1,0.005549,0.02
25,dt_single_agent,55,low,61574.97,1,17.83,0,0.002113,0.01
25,dt_single_agent,56,medium,16945.08,0,18.73,0,0.005565,0.02
25,dt_single_agent,57,medium,15505.55,1,16.41,0,0.00572,0.02
25,dt_single_agent,58,high,3993.52,0,18.51,1,0.013956,0.03
25,dt_single_agent,59,high,3270.77,0,20.68,0,0.012388,0.03
25,dt_single_agent,60,high,7234.63,0,18.79,0,0.007531,0.03
25,dt_single_agent,61,medium,20184.56,0,22.61,0,0.006129,0.02
25,dt_single_agent,62,medium,5785.25,0,20.34,0,0.004263,0.02
25,dt_single_agent,63,medium,14414.74,1,19.87,0,0.006714,0.02
25,dt_single_agent,64,medium,27022.11,0,21.09,0,0.005163,0.02
25,dt_single_agent,65,low,43217.53,1,27.88,0,0.003926,0.01
25,dt_single_agent,66,low,23058.12,0,16.21,0,0.002096,0.01
25,dt_single_agent,67,high,3275.93,0,17.36,0,0.011461,0.03
25,dt_single_agent,68,medium,15860.12,1,23.71,0,0.006701,0.02
25,dt_single_agent,69,medium,14421.04,0,20.21,0,0.006876,0.02
25,dt_single_agent,70,low,60501.85,1,21.09,0,0.002799,0.01
25,dt_single_agent,71,high,2190.58,0,21.45,0,0.010831,0.03
25,dt_single_agent,72,low,34575.28,1,19.15,0,0.001862,0.01
25,dt_single_agent,73,low,52941.28,1,22.21,0,0.002783,0.01
25,dt_single_agent,74,high,12993.48,0,20.75,0,0.012141,0.03
25,dt_single_agent,75,high,7592.75,0,21.24,0,0.011653,0.03
25,dt_single_agent,76,high,5434.66,1,18.03,0,0.01201,0.03
25,dt_single_agent,77,medium,5420.41,0,29.14,1,0.006366,0.02
25,dt_single_agent,78,medium,16589.31,1,17.76,0,0.006616,0.02
25,dt_single_agent,79,high,4709.87,0,22.82,0,0.008891,0.03
25,dt_single_agent,80,low,43231.13,1,22.48,0,0.003358,0.01
25,dt_single_agent,81,low,37461.73,1,19.99,0,0.003001,0.01
25,dt_single_agent,82,medium,12269.03,1,22.67,0,0.005041,0.02
25,dt_single_agent,83,medium,25218.59,1,18.34,0,0.00672,0.02
25,dt_single_agent,84,medium,14066.16,0,21.53,0,0.005811,0.02
25,dt_single_agent,85,low,52213.21,1,21.21,0,0.003286,0.01
25,dt_single_agent,86,low,45013.58,1,19.25,0,0.002911,0.01
25,dt_single_agent,87,medium,17300.98,1,15.83,0,0.006677,0.02
25,dt_single_agent,88,high,9036.09,0,19.38,0,0.012306,0.03
25,dt_single_agent,89,low,38895.65,1,20.74,0,0.003658,0.01
25,dt_single_agent,90,high,5800.98,0,22.89,0,0.008527,0.03
25,dt_single_agent,91,medium,19470.5,1,22.33,0,0.005726,0.02
25,dt_single_agent,92,medium,13351.11,0,22.27,0,0.006079,0.02
25,dt_single_agent,93,high,7956.64,0,19.12,0,0.013642,0.03
25,dt_single_agent,94,low,37092.67,1,22.01,0,0.003556,0.01
25,dt_single_agent,95,medium,20190.39,1,21.14,1,0.006865,0.02
25,dt_single_agent,96,high,2187.95,0,20.32,0,0.013901,0.03
25,dt_single_agent,97,high,5437.95,0,17.58,0,0.012167,0.03
25,dt_single_agent,98,medium,21629.12,0,15.3,0,0.003611,0.02
25,dt_single_agent,99,low,32776.23,1,23.35,0,0.003114,0.01
25,dt_single_agent,100,high,19125.71,0,20.02,0,0.007278,0.03
25,dt_single_agent,101,high,7233.41,0,18.71,0,0.010145,0.03
25,dt_single_agent,102,medium,12985.43,1,23.63,0,0.005305,0.02
25,dt_single_agent,103,low,50053.51,1,20.18,0,0.002758,0.01
25,dt_single_agent,104,high,5795.36,0,23.81,0,0.014458,0.03
25,dt_single_agent,105,medium,10828.27,1,23.58,0,0.007292,0.02
25,dt_single_agent,106,medium,21264.71,0,21.32,0,0.005377,0.02
25,dt_single_agent,107,high,3996.77,0,15.83,1,0.012447,0.03
25,dt_single_agent,108,low,51853.94,1,23.28,0,0.002621,0.01
25,dt_single_agent,109,medium,16949.45,1,18.5,0,0.00656,0.02
25,dt_single_agent,110,low,48624.56,1,19.18,0,0.002555,0.01
25,dt_single_agent,111,high,9748.9,0,20.0,0,0.01541,0.03
25,dt_single_agent,112,medium,23789.19,1,19.63,0,0.006948,0.02
25,dt_single_agent,113,high,4353.54,1,21.82,1,0.010372,0.03
25,dt_single_agent,114,medium,12632.52,1,18.18,0,0.005268,0.02
25,dt_single_agent,115,high,6873.14,1,19.81,0,0.011211,0.03
25,dt_single_agent,116,low,55821.41,1,20.13,0,0.003076,0.01
25,dt_single_agent,117,medium,33859.65,1,20.73,0,0.003991,0.02
25,dt_single_agent,118,high,15515.33,0,22.87,0,0.011385,0.03
25,dt_single_agent,119,high,7585.68,0,22.95,0,0.010763,0.03
26,dt_single_agent,0,high,9757.29,0,18.49,0,0.011805,0.03
26,dt_single_agent,1,high,5792.47,1,16.72,0,0.007429,0.03
26,dt_single_agent,2,medium,19468.39,0,21.64,1,0.006463,0.02
26,dt_single_agent,3,high,5073.25,1,25.57,0,0.013461,0.03
26,dt_single_agent,4,high,6156.82,0,16.4,0,0.013696,0.03
26,dt_single_agent,5,high,4714.79,1,20.88,0,0.013259,0.03
26,dt_single_agent,6,medium,17304.85,1,21.23,0,0.005601,0.02
26,dt_single_agent,7,medium,15864.21,1,23.53,0,0.006068,0.02
26,dt_single_agent,8,high,14434.02,0,20.4,0,0.012509,0.03
26,dt_single_agent,9,low,56176.19,1,20.39,0,0.002926,0.01
26,dt_single_agent,10,medium,13703.2,0,23.08,0,0.007345,0.02
26,dt_single_agent,11,low,33140.24,1,22.61,0,0.003558,0.01
26,dt_single_agent,12,medium,15864.63,1,20.66,0,0.005895,0.02
26,dt_single_agent,13,medium,11908.03,1,21.55,0,0.004697,0.02
26,dt_single_agent,14,high,9394.21,0,25.06,0,0.010556,0.03
26,dt_single_agent,15,high,6873.86,0,24.7,0,0.008688,0.03
26,dt_single_agent,16,high,6502.33,0,20.9,0,0.011493,0.03
26,dt_single_agent,17,medium,14783.6,1,21.73,0,0.005991,0.02
26,dt_single_agent,18,medium,4700.08,1,23.99,0,0.005674,0.02
26,dt_single_agent,19,low,28102.67,0,22.67,1,0.002192,0.01
26,dt_single_agent,20,high,3269.04,0,20.8,0,0.012313,0.03
26,dt_single_agent,21,low,42502.57,1,22.05,0,0.002405,0.01
26,dt_single_agent,22,low,39975.13,1,25.08,0,0.003225,0.01
26,dt_single_agent,23,high,10470.6,1,19.0,0,0.005257,0.03
26,dt_single_agent,24,high,2914.83,0,18.37,0,0.012562,0.03
26,dt_single_agent,25,low,34932.8,0,24.08,1,0.004648,0.01
26,dt_single_agent,26,medium,12981.28,1,19.26,0,0.005554,0.02
26,dt_single_agent,27,medium,21622.41,0,22.95,0,0.006571,0.02
26,dt_single_agent,28,medium,6862.63,1,24.18,0,0.004284,0.02
26,dt_single_agent,29,medium,18022.62,1,22.39,1,0.005133,0.02
26,dt_single_agent,30,low,52930.77,1,19.56,1,0.002779,0.01
26,dt_single_agent,31,high,2554.54,0,17.87,1,0.011274,0.03
26,dt_single_agent,32,low,44298.87,1,21.46,1,0.002279,0.01
26,dt_single_agent,33,high,6156.93,1,16.04,0,0.014668,0.03
26,dt_single_agent,34,low,46457.4,1,20.17,1,0.001838,0.01
26,dt_single_agent,35,low,48973.88,1,21.26,0,0.003451,0.01
26,dt_single_agent,36,low,29535.25,1,22.58,1,0.003064,0.01
26,dt_single_agent,37,medium,11544.57,1,28.43,0,0.006418,0.02
26,dt_single_agent,38,high,8667.3,0,21.23,1,0.011294,0.03
26,dt_single_agent,39,medium,14417.21,0,20.11,1,0.006079,0.02
26,dt_single_agent,40,high,2557.85,0,19.77,0,0.013915,0.03
26,dt_single_agent,41,medium,24502.93,1,24.81,1,0.00632,0.02
26,dt_single_agent,42,medium,8299.8,1,20.27,0,0.006448,0.02
26,dt_single_agent,43,high,10831.48,1,17.24,0,0.0077,0.03
26,dt_single_agent,44,medium,5059.4,1,16.57,0,0.007929,0.02
26,dt_single_agent,45,low,33861.1,1,24.33,0,0.002976,0.01
26,dt_single_agent,46,medium,21981.58,0,16.81,1,0.004927,0.02
26,dt_single_agent,47,high,6511.55,0,16.14,0,0.00974,0.03
26,dt_single_agent,48,high,10473.55,0,22.96,0,0.011936,0.03
26,dt_single_agent,49,high,7954.37,0,22.41,0,0.00951,0.03
26,dt_single_agent,50,high,5792.22,0,21.54,0,0.013829,0.03
26,dt_single_agent,51,low,45018.33,1,18.42,0,0.002955,0.01
26,dt_single_agent,52,medium,14778.95,1,20.88,0,0.005108,0.02
26,dt_single_agent,53,medium,21622.99,0,22.86,0,0.00552,0.02
26,dt_single_agent,54,medium,12259.41,0,14.77,0,0.00591,0.02
26,dt_single_agent,55,medium,15868.28,1,22.62,0,0.005997,0.02
26,dt_single_agent,56,medium,13699.76,0,21.79,1,0.006711,0.02
26,dt_single_agent,57,low,54376.42,1,17.4,1,0.002894,0.01
26,dt_single_agent,58,low,47178.24,1,17.28,0,0.002566,0.01
26,dt_single_agent,59,low,43212.39,1,22.67,0,0.003501,0.01
26,dt_single_agent,60,medium,5780.44,1,14.39,0,0.005994,0.02
26,dt_single_agent,61,medium,19824.85,0,25.11,0,0.006564,0.02
26,dt_single_agent,62,low,49341.77,1,19.82,0,0.002829,0.01
26,dt_single_agent,63,medium,11901.61,0,22.09,0,0.006472,0.02
26,dt_single_agent,64,medium,15500.88,0,19.25,0,0.0067,0.02
26,dt_single_agent,65,high,10113.63,1,17.72,0,0.010719,0.03
26,dt_single_agent,66,medium,17291.87,0,24.23,0,0.006049,0.02
26,dt_single_agent,67,low,50775.15,1,19.36,1,0.003327,0.01
26,dt_single_agent,68,low,46102.21,1,22.62,0,0.003058,0.01
26,dt_single_agent,69,low,52936.62,1,24.39,0,0.002538,0.01
26,dt_single_agent,70,medium,26305.89,1,26.41,0,0.003897,0.02
26,dt_single_agent,71,medium,20178.31,1,21.8,0,0.004158,0.02
26,dt_single_agent,72,high,12631.76,0,22.16,0,0.010494,0.03
26,dt_single_agent,73,low,55822.25,1,18.43,1,0.002143,0.01
26,dt_single_agent,74,medium,32058.5,0,17.27,0,0.004446,0.02
26,dt_single_agent,75,low,60136.18,1,20.38,0,0.002852,0.01
26,dt_single_agent,76,low,41408.57,1,22.01,0,0.002802,0.01
26,dt_single_agent,77,low,81022.26,0,26.13,0,0.002149,0.01
26,dt_single_agent,78,low,23063.04,0,26.99,0,0.001691,0.01
26,dt_single_agent,79,low,55811.66,1,25.01,0,0.002885,0.01
26,dt_single_agent,80,medium,12265.66,1,24.56,0,0.006129,0.02
26,dt_single_agent,81,high,5430.14,0,23.16,0,0.010453,0.03
26,dt_single_agent,82,high,16227.65,0,19.09,0,0.01092,0.03
26,dt_single_agent,83,high,12992.34,1,18.56,0,0.008764,0.03
26,dt_single_agent,84,high,7591.5,1,21.62,0,0.012502,0.03
26,dt_single_agent,85,high,7587.63,0,21.0,1,0.011234,0.03
26,dt_single_agent,86,high,3628.54,0,18.86,0,0.014471,0.03
26,dt_single_agent,87,medium,5784.64,0,22.72,0,0.005833,0.02
26,dt_single_agent,88,high,10476.08,1,20.76,0,0.008228,0.03
26,dt_single_agent,89,medium,16212.47,1,24.88,0,0.004862,0.02
26,dt_single_agent,90,low,41055.93,1,22.66,1,0.003369,0.01
26,dt_single_agent,91,low,45741.13,1,22.59,0,0.003649,0.01
26,dt_single_agent,92,high,4346.62,0,23.58,0,0.010961,0.03
26,dt_single_agent,93,high,3634.46,0,20.42,0,0.011287,0.03
26,dt_single_agent,94,medium,8304.24,0,20.64,0,0.007792,0.02
26,dt_single_agent,95,high,10470.86,0,18.93,0,0.011032,0.03
26,dt_single_agent,96,low,33497.25,1,21.5,0,0.003509,0.01
26,dt_single_agent,97,medium,23421.94,1,25.01,0,0.006123,0.02
26,dt_single_agent,98,medium,9379.54,0,16.59,0,0.006866,0.02
26,dt_single_agent,99,low,40694.8,1,17.6,0,0.003274,0.01
26,dt_single_agent,100,high,6873.29,1,20.28,0,0.010226,0.03
26,dt_single_agent,101,high,7951.37,0,23.34,0,0.010606,0.03
26,dt_single_agent,102,medium,16220.77,0,21.43,0,0.00654,0.02
26,dt_single_agent,103,high,16586.06,1,21.27,0,0.010153,0.03
26,dt_single_agent,104,high,4712.49,0,17.85,0,0.012452,0.03
26,dt_single_agent,105,medium,16226.76,1,23.83,0,0.003893,0.02
26,dt_single_agent,106,low,41418.46,0,16.17,0,0.002378,0.01
26,dt_single_agent,107,medium,17669.89,1,17.57,0,0.005902,0.02
26,dt_single_agent,108,low,32412.61,1,17.19,0,0.002877,0.01
26,dt_single_agent,109,low,48610.9,0,16.1,0,0.002961,0.01
26,dt_single_agent,110,low,54377.2,1,20.61,0,0.002856,0.01
26,dt_single_agent,111,low,42867.18,1,16.57,0,0.003284,0.01
26,dt_single_agent,112,medium,22698.3,1,22.57,0,0.006642,0.02
26,dt_single_agent,113,medium,11900.42,1,20.36,0,0.006744,0.02
26,dt_single_agent,114,high,10112.3,0,19.48,0,0.011828,0.03
26,dt_single_agent,115,high,8311.34,0,22.15,0,0.014656,0.03
26,dt_single_agent,116,medium,22346.68,0,18.92,0,0.005902,0.02
26,dt_single_agent,117,high,2916.95,0,19.23,1,0.009005,0.03
26,dt_single_agent,118,high,6512.58,0,18.5,0,0.011016,0.03
26,dt_single_agent,119,low,43214.14,1,21.17,0,0.003325,0.01
27,dt_single_agent,0,medium,24507.55,1,20.7,0,0.00517,0.02
27,dt_single_agent,1,low,57256.04,1,18.34,0,0.00253,0.01
27,dt_single_agent,2,medium,12264.77,0,18.39,0,0.006551,0.02
27,dt_single_agent,3,medium,29179.45,0,24.98,0,0.004107,0.02
27,dt_single_agent,4,medium,17667.6,0,21.17,0,0.005612,0.02
27,dt_single_agent,5,medium,17310.4,0,15.77,1,0.006033,0.02
27,dt_single_agent,6,high,4351.13,0,22.42,0,0.014241,0.03
27,dt_single_agent,7,high,6509.48,0,20.36,0,0.016508,0.03
27,dt_single_agent,8,high,9029.19,0,22.98,0,0.012694,0.03
27,dt_single_agent,9,low,34223.83,1,22.6,0,0.003104,0.01
27,dt_single_agent,10,medium,10828.19,0,24.13,0,0.006474,0.02
27,dt_single_agent,11,medium,20540.39,0,20.27,1,0.004533,0.02
27,dt_single_agent,12,medium,23419.47,1,15.69,0,0.005089,0.02
27,dt_single_agent,13,medium,7228.21,1,24.25,0,0.007271,0.02
27,dt_single_agent,14,high,6163.36,0,24.92,0,0.011355,0.03
27,dt_single_agent,15,low,48254.7,1,21.04,0,0.003628,0.01
27,dt_single_agent,16,high,4710.76,0,14.74,0,0.008388,0.03
27,dt_single_agent,17,medium,11192.65,1,22.22,0,0.006003,0.02
27,dt_single_agent,18,low,32416.27,1,19.15,0,0.002472,0.01
27,dt_single_agent,19,low,42495.51,1,17.04,0,0.003504,0.01
27,dt_single_agent,20,low,57265.19,1,19.18,0,0.002245,0.01
27,dt_single_agent,21,high,6518.8,0,21.3,0,0.012689,0.03
27,dt_single_agent,22,medium,12983.98,1,22.46,0,0.004997,0.02
27,dt_single_agent,23,low,29542.08,1,19.12,0,0.003298,0.01
27,dt_single_agent,24,medium,19822.58,1,14.92,0,0.007165,0.02
27,dt_single_agent,25,high,4351.25,0,24.82,0,0.014286,0.03
27,dt_single_agent,26,high,2906.97,0,20.52,0,0.013273,0.03
27,dt_single_agent,27,medium,15868.65,0,18.72,0,0.005627,0.02
27,dt_single_agent,28,medium,10104.6,1,21.75,0,0.005348,0.02
27,dt_single_agent,29,high,6865.34,1,16.95,0,0.010623,0.03
27,dt_single_agent,30,medium,25219.57,1,22.69,0,0.005378,0.02
27,dt_single_agent,31,medium,7225.78,0,17.31,0,0.006613,0.02
27,dt_single_agent,32,low,28460.19,1,26.83,0,0.002919,0.01
27,dt_single_agent,33,medium,10462.71,1,15.41,0,0.006885,0.02
27,dt_single_agent,34,low,50059.61,1,25.46,0,0.003083,0.01
27,dt_single_agent,35,low,39979.78,1,18.32,0,0.003619,0.01
27,dt_single_agent,36,low,38539.09,1,21.94,0,0.003333,0.01
27,dt_single_agent,37,medium,10098.44,0,19.63,0,0.00568,0.02
27,dt_single_agent,38,high,13710.72,1,21.59,0,0.01363,0.03
27,dt_single_agent,39,low,36741.77,1,23.86,0,0.003818,0.01
27,dt_single_agent,40,medium,20901.71,0,21.43,0,0.005379,0.02
27,dt_single_agent,41,high,2197.99,0,19.88,0,0.009869,0.03
27,dt_single_agent,42,high,6871.85,1,18.93,0,0.012886,0.03
27,dt_single_agent,43,high,3629.15,1,19.97,0,0.011215,0.03
27,dt_single_agent,44,medium,17658.92,1,23.14,0,0.00685,0.02
27,dt_single_agent,45,low,41782.05,1,17.73,0,0.003067,0.01
27,dt_single_agent,46,low,64098.44,1,23.11,0,0.002679,0.01
27,dt_single_agent,47,low,36372.23,1,24.95,0,0.003188,0.01
27,dt_single_agent,48,high,10107.12,0,19.71,0,0.00951,0.03
27,dt_single_agent,49,low,42142.9,1,29.71,0,0.00388,0.01
27,dt_single_agent,50,low,50418.07,1,18.6,0,0.002778,0.01
27,dt_single_agent,51,low,41055.37,1,24.14,0,0.002724,0.01
27,dt_single_agent,52,low,32421.12,0,19.18,0,0.002776,0.01
27,dt_single_agent,53,low,46816.03,1,23.06,1,0.003037,0.01
27,dt_single_agent,54,medium,14420.62,0,20.74,0,0.007121,0.02
27,dt_single_agent,55,medium,14778.35,1,19.57,0,0.003897,0.02
27,dt_single_agent,56,low,37095.48,1,16.78,0,0.003256,0.01
27,dt_single_agent,57,high,5793.46,1,17.84,0,0.012094,0.03
27,dt_single_agent,58,low,29897.52,1,16.67,0,0.003203,0.01
27,dt_single_agent,59,low,44658.53,0,24.74,0,0.001911,0.01
27,dt_single_agent,60,medium,18026.91,0,21.01,0,0.005358,0.02
27,dt_single_agent,61,medium,17300.46,0,21.69,0,0.007101,0.02
27,dt_single_agent,62,low,49339.73,0,20.05,0,0.002607,0.01
27,dt_single_agent,63,high,3270.55,0,20.39,1,0.011524,0.03
27,dt_single_agent,64,low,55092.06,1,20.06,0,0.003088,0.01
27,dt_single_agent,65,high,11914.83,0,21.69,0,0.016512,0.03
27,dt_single_agent,66,low,42865.46,1,18.64,0,0.003731,0.01
27,dt_single_agent,67,high,6869.4,1,20.87,0,0.013294,0.03
27,dt_single_agent,68,low,47532.63,1,19.59,0,0.003438,0.01
27,dt_single_agent,69,medium,17661.07,1,15.58,0,0.005716,0.02
27,dt_single_agent,70,medium,14066.87,1,19.14,0,0.005998,0.02
27,dt_single_agent,71,low,45019.29,1,22.37,0,0.003221,0.01
27,dt_single_agent,72,low,63741.8,1,22.6,0,0.002653,0.01
27,dt_single_agent,73,high,9386.92,0,16.01,0,0.01196,0.03
27,dt_single_agent,74,high,3280.75,0,20.44,0,0.014349,0.03
27,dt_single_agent,75,low,48975.87,1,21.18,0,0.00267,0.01
27,dt_single_agent,76,high,7952.45,0,24.11,1,0.014651,0.03
27,dt_single_agent,77,medium,15497.18,0,26.66,0,0.005797,0.02
27,dt_single_agent,78,high,6867.41,1,22.75,0,0.01206,0.03
27,dt_single_agent,79,medium,12991.39,1,21.85,0,0.00725,0.02
27,dt_single_agent,80,medium,18023.77,1,22.25,1,0.007478,0.02
27,dt_single_agent,81,medium,5056.91,1,15.81,0,0.006365,0.02
27,dt_single_agent,82,medium,11182.1,1,16.59,0,0.006247,0.02
27,dt_single_agent,83,high,6506.6,1,14.99,0,0.010801,0.03
27,dt_single_agent,84,medium,10823.11,1,25.18,0,0.007097,0.02
27,dt_single_agent,85,high,6508.24,1,23.06,0,0.012926,0.03
27,dt_single_agent,86,low,42864.12,1,21.29,0,0.003188,0.01
27,dt_single_agent,87,low,31340.87,1,27.14,1,0.003492,0.01
27,dt_single_agent,88,high,2554.32,1,17.16,0,0.011192,0.03
27,dt_single_agent,89,medium,17303.95,0,19.05,0,0.005727,0.02
27,dt_single_agent,90,low,72022.5,1,18.52,0,0.001886,0.01
27,dt_single_agent,91,low,43579.67,1,24.84,0,0.002239,0.01
27,dt_single_agent,92,low,35657.77,1,22.47,0,0.003669,0.01
27,dt_single_agent,93,low,48617.54,1,20.57,0,0.003405,0.01
27,dt_single_agent,94,high,2910.15,0,15.45,0,0.01072,0.03
27,dt_single_agent,95,low,45736.69,0,18.95,0,0.001797,0.01
27,dt_single_agent,96,high,4710.78,1,30.01,0,0.012357,0.03
27,dt_single_agent,97,high,7235.01,0,20.83,0,0.010415,0.03
27,dt_single_agent,98,medium,16586.74,0,21.07,0,0.006874,0.02
27,dt_single_agent,99,medium,10466.41,0,26.51,0,0.004294,0.02
27,dt_single_agent,100,low,35296.45,1,24.21,0,0.003051,0.01
27,dt_single_agent,101,low,35295.45,0,20.53,1,0.002315,0.01
27,dt_single_agent,102,high,5071.62,0,27.09,0,0.011269,0.03
27,dt_single_agent,103,medium,16579.34,0,19.22,0,0.006556,0.02
27,dt_single_agent,104,medium,16219.21,0,19.89,0,0.005353,0.02
27,dt_single_agent,105,low,33499.23,1,15.97,0,0.003233,0.01
27,dt_single_agent,106,low,54735.77,1,19.01,0,0.003163,0.01
27,dt_single_agent,107,medium,12267.0,0,26.77,0,0.006459,0.02
27,dt_single_agent,108,medium,10820.02,1,22.23,0,0.005635,0.02
27,dt_single_agent,109,medium,16224.92,1,22.99,0,0.005004,0.02
27,dt_single_agent,110,medium,21626.33,1,20.1,0,0.006551,0.02
27,dt_single_agent,111,medium,18021.37,1,20.18,1,0.005685,0.02
27,dt_single_agent,112,low,39979.74,1,24.5,1,0.003469,0.01
27,dt_single_agent,113,medium,20544.51,0,17.14,0,0.005317,0.02
27,dt_single_agent,114,high,5066.75,1,19.34,0,0.010896,0.03
27,dt_single_agent,115,medium,24864.67,1,17.71,0,0.005445,0.02
27,dt_single_agent,116,high,6862.7,1,19.2,0,0.01364,0.03
27,dt_single_agent,117,high,8313.59,1,21.1,0,0.011566,0.03
27,dt_single_agent,118,high,3274.09,0,20.52,0,0.010879,0.03
27,dt_single_agent,119,low,48976.78,1,18.32,1,0.003004,0.01
28,dt_single_agent,0,medium,10468.41,0,20.34,0,0.006252,0.02
28,dt_single_agent,1,low,36379.53,1,22.39,1,0.003645,0.01
28,dt_single_agent,2,high,3271.37,0,19.76,0,0.01269,0.03
28,dt_single_agent,3,medium,21618.93,0,17.52,0,0.006541,0.02
28,dt_single_agent,4,high,10835.44,0,20.57,0,0.009591,0.03
28,dt_single_agent,5,high,3994.37,0,18.94,0,0.013421,0.03
28,dt_single_agent,6,high,12274.76,1,17.3,0,0.007611,0.03
28,dt_single_agent,7,low,16941.55,1,24.57,0,0.004098,0.01
28,dt_single_agent,8,medium,20180.4,0,21.2,1,0.005576,0.02
28,dt_single_agent,9,medium,6508.21,1,22.5,0,0.006631,0.02
28,dt_single_agent,10,high,3631.33,1,26.06,1,0.011971,0.03
28,dt_single_agent,11,high,5072.66,0,23.05,0,0.010122,0.03
28,dt_single_agent,12,high,10469.05,0,24.22,0,0.011467,0.03
28,dt_single_agent,13,high,6870.23,1,17.98,1,0.011185,0.03
28,dt_single_agent,14,high,6150.57,0,20.06,0,0.007891,0.03
28,dt_single_agent,15,medium,25223.8,1,18.19,0,0.006245,0.02
28,dt_single_agent,16,medium,23425.17,1,21.41,0,0.005896,0.02
28,dt_single_agent,17,low,28100.64,1,21.29,0,0.003448,0.01
28,dt_single_agent,18,high,2192.47,1,24.54,0,0.0117,0.03
28,dt_single_agent,19,high,8678.79,0,21.62,0,0.014585,0.03
28,dt_single_agent,20,high,4355.27,0,25.31,0,0.01264,0.03
28,dt_single_agent,21,low,45738.8,1,21.27,0,0.003308,0.01
28,dt_single_agent,22,high,8671.88,1,18.41,0,0.013803,0.03
28,dt_single_agent,23,high,9394.57,0,20.37,0,0.010239,0.03
28,dt_single_agent,24,high,9391.96,0,24.09,1,0.01191,0.03
28,dt_single_agent,25,medium,18023.89,1,16.01,0,0.005015,0.02
28,dt_single_agent,26,low,46102.85,1,24.06,0,0.002794,0.01
28,dt_single_agent,27,high,8675.71,0,21.56,0,0.010415,0.03
28,dt_single_agent,28,low,29180.95,1,23.65,0,0.002717,0.01
28,dt_single_agent,29,medium,14429.08,1,22.89,0,0.007917,0.02
28,dt_single_agent,30,medium,10096.16,0,25.43,0,0.006471,0.02
28,dt_single_agent,31,high,14801.17,0,22.13,0,0.011784,0.03
28,dt_single_agent,32,low,44298.9,1,19.97,0,0.003839,0.01
28,dt_single_agent,33,medium,3625.03,0,19.88,0,0.008259,0.02
28,dt_single_agent,34,medium,24867.37,1,18.27,1,0.004895,0.02
28,dt_single_agent,35,low,65906.94,0,23.41,0,0.001816,0.01
28,dt_single_agent,36,medium,9749.76,1,24.02,0,0.005516,0.02
28,dt_single_agent,37,low,63374.98,1,19.16,0,0.002668,0.01
28,dt_single_agent,38,high,14072.23,1,16.53,0,0.013428,0.03
28,dt_single_agent,39,high,9035.19,0,24.75,0,0.01478,0.03
28,dt_single_agent,40,medium,14781.64,1,20.99,0,0.007088,0.02
28,dt_single_agent,41,high,6506.11,0,24.77,0,0.014284,0.03
28,dt_single_agent,42,low,52940.46,1,22.41,0,0.003215,0.01
28,dt_single_agent,43,medium,17660.62,0,24.23,0,0.00676,0.02
28,dt_single_agent,44,low,36017.97,1,24.45,0,0.004198,0.01
28,dt_single_agent,45,high,13710.3,0,19.27,1,0.008952,0.03
28,dt_single_agent,46,medium,19106.33,1,21.53,0,0.007231,0.02
28,dt_single_agent,47,medium,13341.22,1,23.22,0,0.005993,0.02
28,dt_single_agent,48,medium,14065.79,0,23.79,0,0.004282,0.02
28,dt_single_agent,49,high,5437.33,0,17.57,0,0.014342,0.03
28,dt_single_agent,50,high,12632.19,1,22.41,0,0.013863,0.03
28,dt_single_agent,51,high,6153.84,0,23.55,0,0.011841,0.03
28,dt_single_agent,52,high,9753.98,0,27.15,0,0.010779,0.03
28,dt_single_agent,53,high,1833.96,0,20.3,0,0.011292,0.03
28,dt_single_agent,54,medium,19463.58,0,21.82,0,0.004945,0.02
28,dt_single_agent,55,low,42128.82,1,23.06,0,0.004067,0.01
28,dt_single_agent,56,medium,15865.45,1,23.46,0,0.006751,0.02
28,dt_single_agent,57,high,6868.27,0,20.5,0,0.010055,0.03
28,dt_single_agent,58,low,55816.41,1,22.18,0,0.002873,0.01
28,dt_single_agent,59,low,42502.82,1,22.63,0,0.002836,0.01
28,dt_single_agent,60,low,47536.19,1,23.72,0,0.003691,0.01
28,dt_single_agent,61,high,9030.28,0,21.02,1,0.013159,0.03
28,dt_single_agent,62,low,39614.65,1,23.55,0,0.003557,0.01
28,dt_single_agent,63,low,37454.42,1,19.41,0,0.003902,0.01
28,dt_single_agent,64,low,52221.98,1,23.94,0,0.003291,0.01
28,dt_single_agent,65,medium,13703.83,1,18.36,0,0.007501,0.02
28,dt_single_agent,66,medium,16581.25,0,20.11,0,0.005714,0.02
28,dt_single_agent,67,high,5069.06,1,18.43,0,0.01204,0.03
28,dt_single_agent,68,high,9400.07,1,17.2,0,0.011047,0.03
28,dt_single_agent,69,low,38903.24,1,20.35,0,0.003268,0.01
28,dt_single_agent,70,low,48258.0,1,30.06,0,0.00259,0.01
28,dt_single_agent,71,low,46100.2,1,22.44,0,0.003037,0.01
28,dt_single_agent,72,high,9027.14,0,19.56,0,0.013678,0.03
28,dt_single_agent,73,medium,7580.37,1,19.67,1,0.006258,0.02
28,dt_single_agent,74,medium,20892.96,0,22.91,0,0.005014,0.02
28,dt_single_agent,75,low,45735.72,1,23.07,0,0.003239,0.01
28,dt_single_agent,76,medium,10460.32,0,20.3,0,0.006436,0.02
28,dt_single_agent,77,high,3990.57,1,19.1,0,0.013064,0.03
28,dt_single_agent,78,high,3637.97,0,18.08,0,0.017139,0.03
28,dt_single_agent,79,medium,9745.55,1,18.67,0,0.007751,0.02
28,dt_single_agent,80,medium,14429.45,0,26.11,0,0.0055,0.02
28,dt_single_agent,81,high,3627.36,0,22.26,0,0.00819,0.03
28,dt_single_agent,82,low,45380.15,1,23.0,0,0.002911,0.01
28,dt_single_agent,83,low,32775.71,1,24.26,0,0.003434,0.01
28,dt_single_agent,84,medium,17672.28,0,18.33,0,0.007678,0.02
28,dt_single_agent,85,low,45733.93,1,20.07,0,0.003821,0.01
28,dt_single_agent,86,medium,17660.9,0,24.27,0,0.006308,0.02
28,dt_single_agent,87,medium,10101.74,1,16.98,1,0.005745,0.02
28,dt_single_agent,88,high,1836.81,0,22.41,1,0.011006,0.03
28,dt_single_agent,89,medium,27377.98,0,21.99,0,0.006352,0.02
28,dt_single_agent,90,low,45015.48,1,23.13,0,0.003099,0.01
28,dt_single_agent,91,medium,15145.4,1,15.85,1,0.005296,0.02
28,dt_single_agent,92,low,42848.68,1,22.39,0,0.00281,0.01
28,dt_single_agent,93,medium,28463.73,0,22.69,0,0.003885,0.02
28,dt_single_agent,94,high,11554.19,0,22.42,0,0.012377,0.03
28,dt_single_agent,95,high,8310.11,0,20.38,0,0.012503,0.03
28,dt_single_agent,96,low,38180.4,1,21.02,1,0.003654,0.01
28,dt_single_agent,97,medium,11549.1,1,24.68,0,0.006602,0.02
28,dt_single_agent,98,medium,5424.71,0,16.63,0,0.007136,0.02
28,dt_single_agent,99,high,4715.74,0,25.61,0,0.012109,0.03
28,dt_single_agent,100,low,40701.19,1,20.08,0,0.003508,0.01
28,dt_single_agent,101,medium,21267.4,0,25.17,1,0.006637,0.02
28,dt_single_agent,102,low,58692.46,1,24.65,1,0.001797,0.01
28,dt_single_agent,103,medium,17301.67,0,18.28,0,0.006579,0.02
28,dt_single_agent,104,high,4716.22,0,23.67,0,0.012934,0.03
28,dt_single_agent,105,high,9033.38,0,16.98,0,0.010318,0.03
28,dt_single_agent,106,high,3269.65,0,21.6,0,0.010283,0.03
28,dt_single_agent,107,high,5073.33,0,16.44,0,0.010033,0.03
28,dt_single_agent,108,medium,17299.61,0,12.21,0,0.006802,0.02
28,dt_single_agent,109,high,5796.27,0,17.64,0,0.014546,0.03
28,dt_single_agent,110,low,71299.81,1,21.7,1,0.002369,0.01
28,dt_single_agent,111,high,6869.29,0,25.74,0,0.013076,0.03
28,dt_single_agent,112,low,27731.18,1,17.28,0,0.002536,0.01
28,dt_single_agent,113,medium,15862.33,0,19.8,0,0.005986,0.02
28,dt_single_agent,114,low,25218.16,1,16.23,0,0.002393,0.01
28,dt_single_agent,115,medium,15504.36,1,19.57,1,0.004711,0.02
28,dt_single_agent,116,medium,11184.56,0,22.02,1,0.005148,0.02
28,dt_single_agent,117,high,2911.96,0,24.21,0,0.009827,0.03
28,dt_single_agent,118,medium,24141.94,0,21.87,0,0.00525,0.02
28,dt_single_agent,119,high,7596.78,0,18.96,0,0.009052,0.03
29,dt_single_agent,0,low,29533.25,1,24.59,0,0.003206,0.01
29,dt_single_agent,1,high,9034.53,0,21.51,0,0.014433,0.03
29,dt_single_agent,2,high,9398.64,0,20.38,0,0.010415,0.03
29,dt_single_agent,3,medium,16578.83,1,18.3,0,0.006096,0.02
29,dt_single_agent,4,high,9040.79,1,25.61,0,0.012609,0.03
29,dt_single_agent,5,high,3634.05,0,16.82,0,0.013897,0.03
29,dt_single_agent,6,low,43573.46,1,24.89,0,0.003183,0.01
29,dt_single_agent,7,low,47179.73,1,21.87,0,0.002982,0.01
29,dt_single_agent,8,medium,12261.44,1,17.16,1,0.006753,0.02
29,dt_single_agent,9,high,5430.29,0,22.64,1,0.01257,0.03
29,dt_single_agent,10,high,10108.21,0,23.95,0,0.009725,0.03
29,dt_single_agent,11,medium,16586.27,0,20.85,0,0.006204,0.02
29,dt_single_agent,12,high,10831.9,1,27.4,0,0.01126,0.03
29,dt_single_agent,13,high,6508.75,0,21.1,0,0.01159,0.03
29,dt_single_agent,14,low,40695.63,1,19.96,0,0.003285,0.01
29,dt_single_agent,15,high,4709.4,0,24.74,0,0.011529,0.03
29,dt_single_agent,16,high,9386.91,0,27.95,0,0.014598,0.03
29,dt_single_agent,17,medium,25943.76,1,23.52,0,0.005828,0.02
29,dt_single_agent,18,medium,11899.9,1,15.53,1,0.008499,0.02
29,dt_single_agent,19,low,29897.35,1,24.4,0,0.003035,0.01
29,dt_single_agent,20,high,6517.53,0,21.39,0,0.013752,0.03
29,dt_single_agent,21,high,6137.33,1,27.16,0,0.011713,0.03
29,dt_single_agent,22,high,11195.08,0,20.84,0,0.010482,0.03
29,dt_single_agent,23,high,4357.34,0,18.79,0,0.012252,0.03
29,dt_single_agent,24,low,22695.14,1,20.63,0,0.003683,0.01
29,dt_single_agent,25,high,11187.61,0,19.5,0,0.013341,0.03
29,dt_single_agent,26,low,34578.99,1,27.49,0,0.003309,0.01
29,dt_single_agent,27,medium,13696.36,1,17.68,1,0.005223,0.02
29,dt_single_agent,28,low,66977.06,1,19.06,0,0.002583,0.01
29,dt_single_agent,29,low,39257.92,0,23.99,1,0.003527,0.01
29,dt_single_agent,30,low,45025.0,0,15.49,0,0.002737,0.01
29,dt_single_agent,31,medium,6148.49,0,19.52,1,0.008051,0.02
29,dt_single_agent,32,low,45382.44,1,20.88,0,0.00331,0.01
29,dt_single_agent,33,medium,17300.52,1,20.05,0,0.006116,0.02
29,dt_single_agent,34,low,37823.09,1,18.24,0,0.003192,0.01
29,dt_single_agent,35,high,8313.21,0,22.2,0,0.011785,0.03
29,dt_single_agent,36,medium,16222.03,1,24.59,0,0.006315,0.02
29,dt_single_agent,37,high,7228.69,0,21.06,0,0.013743,0.03
29,dt_single_agent,38,high,7585.93,1,19.56,0,0.010401,0.03
29,dt_single_agent,39,low,34926.28,1,19.19,0,0.003386,0.01
29,dt_single_agent,40,high,11193.13,1,16.25,0,0.01082,0.03
29,dt_single_agent,41,high,5436.0,0,21.68,0,0.010888,0.03
29,dt_single_agent,42,low,78859.41,0,19.93,0,0.001834,0.01
29,dt_single_agent,43,medium,11543.62,1,21.88,0,0.005398,0.02
29,dt_single_agent,44,high,7236.09,0,16.68,0,0.013305,0.03
29,dt_single_agent,45,high,4715.96,1,23.92,0,0.010818,0.03
29,dt_single_agent,46,high,3990.16,1,17.97,0,0.014477,0.03
29,dt_single_agent,47,high,3277.02,0,24.05,0,0.012379,0.03
29,dt_single_agent,48,medium,13343.35,1,16.42,0,0.006097,0.02
29,dt_single_agent,49,medium,29545.68,1,14.88,0,0.005066,0.02
29,dt_single_agent,50,high,7236.88,0,22.0,0,0.013451,0.03
29,dt_single_agent,51,low,47175.68,0,24.09,0,0.001506,0.01
29,dt_single_agent,52,medium,15139.6,0,18.62,0,0.007503,0.02
29,dt_single_agent,53,high,4714.74,0,22.29,0,0.014882,0.03
29,dt_single_agent,54,high,9390.13,0,21.9,0,0.012299,0.03
29,dt_single_agent,55,low,42848.71,1,20.83,0,0.003803,0.01
29,dt_single_agent,56,high,6868.4,0,17.77,0,0.012792,0.03
29,dt_single_agent,57,low,48975.36,1,25.41,0,0.003507,0.01
29,dt_single_agent,58,high,12997.95,1,20.22,0,0.011595,0.03
29,dt_single_agent,59,high,3997.36,0,14.86,1,0.013227,0.03
29,dt_single_agent,60,high,15509.55,0,21.27,0,0.008842,0.03
29,dt_single_agent,61,low,27386.33,0,20.77,1,0.003214,0.01
29,dt_single_agent,62,medium,7220.2,1,19.81,0,0.005754,0.02
29,dt_single_agent,63,medium,14785.94,0,25.93,0,0.006343,0.02
29,dt_single_agent,64,low,47540.49,1,21.56,0,0.003657,0.01
29,dt_single_agent,65,low,38545.09,1,24.79,0,0.003306,0.01
29,dt_single_agent,66,medium,9748.27,0,18.92,0,0.006387,0.02
29,dt_single_agent,67,low,49344.02,1,20.37,1,0.002963,0.01
29,dt_single_agent,68,high,14787.39,0,21.57,1,0.01065,0.03
29,dt_single_agent,69,medium,28459.98,1,21.52,1,0.006195,0.02
29,dt_single_agent,70,medium,21620.45,0,16.59,0,0.005368,0.02
29,dt_single_agent,71,high,9027.28,1,20.09,1,0.010952,0.03
29,dt_single_agent,72,medium,24859.6,0,26.01,1,0.005805,0.02
29,dt_single_agent,73,high,4357.9,0,17.28,0,0.010034,0.03
29,dt_single_agent,74,high,6514.25,0,17.66,0,0.011348,0.03
29,dt_single_agent,75,low,41421.88,1,25.49,0,0.00301,0.01
29,dt_single_agent,76,high,6151.14,0,20.14,0,0.010671,0.03
29,dt_single_agent,77,high,7597.6,0,16.87,0,0.013661,0.03
29,dt_single_agent,78,medium,22341.04,1,15.96,0,0.006684,0.02
29,dt_single_agent,79,medium,31696.5,0,21.38,0,0.005722,0.02
29,dt_single_agent,80,high,9398.05,0,23.24,0,0.013993,0.03
29,dt_single_agent,81,medium,28830.75,0,20.27,0,0.004374,0.02
29,dt_single_agent,82,high,3632.36,0,24.62,1,0.011632,0.03
29,dt_single_agent,83,medium,6864.22,1,19.13,0,0.005956,0.02
29,dt_single_agent,84,low,58336.6,1,21.79,0,0.002637,0.01
29,dt_single_agent,85,high,7596.76,0,23.96,0,0.00977,0.03
29,dt_single_agent,86,low,38902.51,1,21.73,1,0.003836,0.01
29,dt_single_agent,87,medium,24862.31,1,16.94,0,0.006834,0.02
29,dt_single_agent,88,high,16224.97,1,14.02,0,0.010951,0.03
29,dt_single_agent,89,high,6508.28,1,16.1,0,0.015626,0.03
29,dt_single_agent,90,high,8674.53,0,21.49,0,0.012958,0.03
29,dt_single_agent,91,low,33134.82,1,23.27,0,0.003505,0.01
29,dt_single_agent,92,low,31696.84,1,17.43,0,0.003316,0.01
29,dt_single_agent,93,low,21266.76,1,21.02,0,0.003606,0.01
29,dt_single_agent,94,low,45014.0,1,20.85,0,0.002785,0.01
29,dt_single_agent,95,medium,25226.46,1,17.27,0,0.005354,0.02
29,dt_single_agent,96,high,7233.49,0,21.56,1,0.014712,0.03
29,dt_single_agent,97,low,35647.95,1,23.7,1,0.003158,0.01
29,dt_single_agent,98,medium,4346.63,1,18.41,0,0.007591,0.02
29,dt_single_agent,99,high,9387.32,0,24.52,0,0.013246,0.03
29,dt_single_agent,100,low,46101.51,1,19.57,0,0.003184,0.01
29,dt_single_agent,101,high,1824.07,0,22.45,0,0.00989,0.03
29,dt_single_agent,102,medium,15510.21,1,23.03,0,0.006159,0.02
29,dt_single_agent,103,medium,24860.67,1,20.8,0,0.007485,0.02
29,dt_single_agent,104,low,66976.0,1,24.1,0,0.001933,0.01
29,dt_single_agent,105,high,7238.6,1,22.51,0,0.012779,0.03
29,dt_single_agent,106,high,8316.95,0,24.5,0,0.008862,0.03
29,dt_single_agent,107,medium,11908.45,1,23.58,1,0.004335,0.02
29,dt_single_agent,108,medium,21626.77,0,25.39,0,0.004752,0.02
29,dt_single_agent,109,high,5080.77,0,19.39,0,0.011563,0.03
29,dt_single_agent,110,low,22698.65,1,26.13,1,0.003015,0.01
29,dt_single_agent,111,high,7237.83,0,23.89,0,0.012812,0.03
29,dt_single_agent,112,low,41781.17,1,18.38,0,0.002947,0.01
29,dt_single_agent,113,high,5431.61,1,20.81,0,0.011301,0.03
29,dt_single_agent,114,high,5070.28,0,23.94,0,0.014891,0.03
29,dt_single_agent,115,high,6877.66,0,21.01,0,0.010546,0.03
29,dt_single_agent,116,low,50424.5,1,23.02,0,0.002841,0.01
29,dt_single_agent,117,low,41415.93,0,17.47,1,0.002826,0.01
29,dt_single_agent,118,high,9762.2,0,18.0,0,0.010397,0.03
29,dt_single_agent,119,high,6153.14,0,21.35,0,0.007345,0.03
0,dt_multi_no_chain,0,high,1106.08,1,8.89,0,0.011182,0.03
0,dt_multi_no_chain,1,low,27729.57,1,9.7,0,0.002737,0.01
0,dt_multi_no_chain,2,high,740.31,0,4.75,1,0.009002,0.03
0,dt_multi_no_chain,3,low,15847.07,0,8.69,0,0.003268,0.01
0,dt_multi_no_chain,4,medium,14768.47,1,10.68,1,0.005753,0.02
0,dt_multi_no_chain,5,low,10448.58,1,7.25,0,0.002548,0.01
0,dt_multi_no_chain,6,low,24122.51,1,8.98,0,0.003219,0.01
0,dt_multi_no_chain,7,low,45727.78,1,7.38,0,0.002452,0.01
0,dt_multi_no_chain,8,high,380.53,1,11.01,0,0.015174,0.03
0,dt_multi_no_chain,9,high,7583.84,0,7.54,1,0.012137,0.03
0,dt_multi_no_chain,10,low,39242.42,1,12.84,0,0.002812,0.01
0,dt_multi_no_chain,11,medium,24851.56,1,10.24,0,0.005295,0.02
0,dt_multi_no_chain,12,low,42845.38,1,9.72,0,0.003036,0.01
0,dt_multi_no_chain,13,medium,8411.8,0,10.87,0,0.00707,0.02
0,dt_multi_no_chain,14,high,1101.74,0,7.44,0,0.013231,0.03
0,dt_multi_no_chain,15,low,20286.07,0,7.39,0,0.00224,0.01
0,dt_multi_no_chain,16,medium,4333.66,1,10.68,0,0.007912,0.02
0,dt_multi_no_chain,17,low,13326.26,1,11.55,0,0.004243,0.01
0,dt_multi_no_chain,18,medium,14893.5,0,6.76,1,0.005853,0.02
0,dt_multi_no_chain,19,low,43204.75,1,5.42,0,0.00248,0.01
0,dt_multi_no_chain,20,high,383.76,1,7.53,0,0.012377,0.03
0,dt_multi_no_chain,21,high,1104.34,0,9.27,0,0.014904,0.03
0,dt_multi_no_chain,22,low,22326.29,1,7.37,0,0.003084,0.01
0,dt_multi_no_chain,23,medium,16570.02,0,9.82,0,0.006623,0.02
0,dt_multi_no_chain,24,medium,6850.12,1,5.32,0,0.004524,0.02
0,dt_multi_no_chain,25,high,4344.24,0,7.43,0,0.011548,0.03
0,dt_multi_no_chain,26,medium,2171.33,1,10.91,0,0.004651,0.02
0,dt_multi_no_chain,27,high,7221.14,0,9.32,0,0.015342,0.03
0,dt_multi_no_chain,28,high,740.83,0,12.09,0,0.010453,0.03
0,dt_multi_no_chain,29,high,3259.3,1,10.18,1,0.018155,0.03
0,dt_multi_no_chain,30,low,34206.08,1,8.35,0,0.003154,0.01
0,dt_multi_no_chain,31,high,381.07,0,8.77,0,0.009044,0.03
0,dt_multi_no_chain,32,low,41523.15,0,11.46,0,0.003178,0.01
0,dt_multi_no_chain,33,low,23762.6,1,8.73,0,0.003866,0.01
0,dt_multi_no_chain,34,high,1822.23,0,7.68,0,0.009342,0.03
0,dt_multi_no_chain,35,low,20523.53,1,8.23,0,0.003713,0.01
0,dt_multi_no_chain,36,high,8659.15,1,6.91,1,0.010262,0.03
0,dt_multi_no_chain,37,low,20526.89,1,12.14,0,0.003783,0.01
0,dt_multi_no_chain,38,medium,10807.51,0,8.45,0,0.006358,0.02
0,dt_multi_no_chain,39,high,6861.45,0,5.68,1,0.0111,0.03
0,dt_multi_no_chain,40,low,12965.72,1,11.41,0,0.002477,0.01
0,dt_multi_no_chain,41,high,3260.18,0,7.27,1,0.011407,0.03
0,dt_multi_no_chain,42,high,743.1,1,11.91,0,0.007167,0.03
0,dt_multi_no_chain,43,high,5782.31,0,10.63,0,0.012257,0.03
0,dt_multi_no_chain,44,high,3621.51,1,7.52,0,0.01376,0.03
0,dt_multi_no_chain,45,medium,21613.79,0,11.08,0,0.005562,0.02
0,dt_multi_no_chain,46,high,2901.49,0,8.43,0,0.01482,0.03
0,dt_multi_no_chain,47,low,8047.58,0,9.92,0,0.002433,0.01
0,dt_multi_no_chain,48,medium,19809.25,0,10.28,0,0.006727,0.02
0,dt_multi_no_chain,49,high,6859.65,1,8.09,0,0.012257,0.03
0,dt_multi_no_chain,50,medium,1455.35,1,11.61,0,0.005841,0.02
0,dt_multi_no_chain,51,medium,4331.32,1,10.2,0,0.004889,0.02
0,dt_multi_no_chain,52,low,33124.49,1,9.66,0,0.002762,0.01
0,dt_multi_no_chain,53,low,27728.39,1,11.38,0,0.003431,0.01
0,dt_multi_no_chain,54,low,37444.57,1,10.68,0,0.002176,0.01
0,dt_multi_no_chain,55,low,39966.56,1,9.23,0,0.00273,0.01
0,dt_multi_no_chain,56,low,32408.25,1,9.8,0,0.002846,0.01
0,dt_multi_no_chain,57,low,57608.5,1,5.14,0,0.002034,0.01
0,dt_multi_no_chain,58,low,23767.49,0,9.73,0,0.002186,0.01
0,dt_multi_no_chain,59,medium,9851.06,0,7.39,0,0.007674,0.02
0,dt_multi_no_chain,60,low,39247.61,1,11.24,0,0.002634,0.01
0,dt_multi_no_chain,61,high,20.54,0,9.84,0,0.015064,0.03
0,dt_multi_no_chain,62,low,43205.05,1,7.16,0,0.002774,0.01
0,dt_multi_no_chain,63,high,23.31,1,5.55,0,0.012169,0.03
0,dt_multi_no_chain,64,medium,6851.62,1,10.74,1,0.00486,0.02
0,dt_multi_no_chain,65,medium,3249.49,1,9.22,0,0.005516,0.02
0,dt_multi_no_chain,66,high,4699.43,1,8.93,0,0.011786,0.03
0,dt_multi_no_chain,67,high,743.01,0,10.12,0,0.014767,0.03
0,dt_multi_no_chain,68,high,740.58,1,9.38,0,0.012669,0.03
0,dt_multi_no_chain,69,medium,9012.32,1,9.1,0,0.007081,0.02
0,dt_multi_no_chain,70,low,35288.0,1,10.12,0,0.002975,0.01
0,dt_multi_no_chain,71,high,743.47,1,12.91,0,0.011591,0.03
0,dt_multi_no_chain,72,low,22323.57,1,11.98,0,0.003213,0.01
0,dt_multi_no_chain,73,high,739.91,0,11.38,0,0.014808,0.03
0,dt_multi_no_chain,74,low,33848.96,1,10.44,1,0.002839,0.01
0,dt_multi_no_chain,75,medium,9495.19,0,8.93,0,0.007256,0.02
0,dt_multi_no_chain,76,medium,3253.58,1,4.16,0,0.008083,0.02
0,dt_multi_no_chain,77,low,33845.48,1,8.78,0,0.003335,0.01
0,dt_multi_no_chain,78,high,1101.17,1,9.95,0,0.011888,0.03
0,dt_multi_no_chain,79,high,4702.36,0,11.75,0,0.008714,0.03
0,dt_multi_no_chain,80,high,742.02,0,6.29,0,0.015234,0.03
0,dt_multi_no_chain,81,medium,1928.95,0,4.49,1,0.00624,0.02
0,dt_multi_no_chain,82,high,5420.85,1,8.69,0,0.010425,0.03
0,dt_multi_no_chain,83,medium,9730.84,1,11.41,1,0.006864,0.02
0,dt_multi_no_chain,84,low,33124.25,1,8.98,0,0.003072,0.01
0,dt_multi_no_chain,85,low,36723.99,1,7.61,0,0.0029,0.01
0,dt_multi_no_chain,86,medium,9.18,1,8.3,0,0.006841,0.02
0,dt_multi_no_chain,87,medium,16212.37,0,8.38,0,0.006054,0.02
0,dt_multi_no_chain,88,high,19.92,1,9.05,0,0.009822,0.03
0,dt_multi_no_chain,89,low,30249.84,1,9.71,0,0.002621,0.01
0,dt_multi_no_chain,90,high,861.41,0,10.12,0,0.012381,0.03
0,dt_multi_no_chain,91,high,4342.27,0,7.52,0,0.014323,0.03
0,dt_multi_no_chain,92,high,2542.34,0,10.92,1,0.012714,0.03
0,dt_multi_no_chain,93,high,7576.99,1,10.13,1,0.011982,0.03
0,dt_multi_no_chain,94,high,1458.67,1,11.64,0,0.012821,0.03
0,dt_multi_no_chain,95,medium,6245.2,0,11.08,0,0.005637,0.02
0,dt_multi_no_chain,96,high,2184.34,0,9.25,0,0.011386,0.03
0,dt_multi_no_chain,97,low,9365.27,1,8.05,0,0.003104,0.01
0,dt_multi_no_chain,98,low,28808.21,1,6.58,0,0.003686,0.01
0,dt_multi_no_chain,99,low,37806.56,1,9.47,0,0.003627,0.01
0,dt_multi_no_chain,100,high,1102.27,0,7.46,0,0.011865,0.03
0,dt_multi_no_chain,101,medium,4332.32,0,10.31,0,0.006835,0.02
0,dt_multi_no_chain,102,low,32765.03,1,12.71,0,0.003003,0.01
0,dt_multi_no_chain,103,high,2661.22,0,10.89,0,0.012604,0.03
0,dt_multi_no_chain,104,high,2181.81,0,9.89,1,0.009314,0.03
0,dt_multi_no_chain,105,medium,3249.5,0,8.43,0,0.005491,0.02
0,dt_multi_no_chain,106,medium,732.25,0,10.64,1,0.00567,0.02
0,dt_multi_no_chain,107,low,22686.71,1,8.87,1,0.003895,0.01
0,dt_multi_no_chain,108,low,27365.44,0,8.79,0,0.002087,0.01
0,dt_multi_no_chain,109,high,6504.42,0,8.46,0,0.01096,0.03
0,dt_multi_no_chain,110,medium,16572.42,0,10.22,0,0.007106,0.02
0,dt_multi_no_chain,111,medium,9012.05,1,8.08,0,0.005671,0.02
0,dt_multi_no_chain,112,medium,4688.85,1,10.38,0,0.007433,0.02
0,dt_multi_no_chain,113,high,1818.82,0,10.43,0,0.008756,0.03
0,dt_multi_no_chain,114,high,6499.97,1,12.74,0,0.008155,0.03
0,dt_multi_no_chain,115,medium,11531.4,1,10.12,0,0.004523,0.02
0,dt_multi_no_chain,116,medium,729.56,1,12.67,0,0.007057,0.02
0,dt_multi_no_chain,117,medium,11530.34,1,9.26,0,0.005292,0.02
0,dt_multi_no_chain,118,medium,4329.38,1,6.88,0,0.006389,0.02
0,dt_multi_no_chain,119,high,3620.97,0,9.64,0,0.013342,0.03
1,dt_multi_no_chain,0,high,1100.11,1,8.8,0,0.010383,0.03
1,dt_multi_no_chain,1,medium,8652.08,1,7.87,0,0.006334,0.02
1,dt_multi_no_chain,2,medium,10091.78,1,9.35,0,0.006335,0.02
1,dt_multi_no_chain,3,medium,8290.87,1,10.48,0,0.005096,0.02
1,dt_multi_no_chain,4,high,382.88,0,13.37,0,0.009008,0.03
1,dt_multi_no_chain,5,medium,372.85,1,7.13,0,0.006574,0.02
1,dt_multi_no_chain,6,high,3978.26,0,9.1,0,0.010531,0.03
1,dt_multi_no_chain,7,medium,1090.68,1,10.39,0,0.005412,0.02
1,dt_multi_no_chain,8,medium,14048.12,1,8.88,0,0.00606,0.02
1,dt_multi_no_chain,9,low,27721.13,1,8.53,1,0.002808,0.01
1,dt_multi_no_chain,10,low,34567.47,1,9.28,1,0.002871,0.01
1,dt_multi_no_chain,11,medium,10814.89,1,11.33,0,0.002781,0.02
1,dt_multi_no_chain,12,high,1099.77,0,10.34,1,0.009053,0.03
1,dt_multi_no_chain,13,high,740.54,0,7.35,1,0.012685,0.03
1,dt_multi_no_chain,14,high,1100.87,0,10.9,0,0.012312,0.03
1,dt_multi_no_chain,15,low,39607.49,1,10.01,0,0.002782,0.01
1,dt_multi_no_chain,16,low,18727.89,1,7.62,0,0.0032,0.01
1,dt_multi_no_chain,17,low,26649.34,1,9.02,0,0.003563,0.01
1,dt_multi_no_chain,18,medium,22330.27,1,6.38,0,0.004796,0.02
1,dt_multi_no_chain,19,low,12246.99,1,9.84,1,0.00362,0.01
1,dt_multi_no_chain,20,low,27127.02,0,12.92,0,0.003199,0.01
1,dt_multi_no_chain,21,low,30245.22,1,10.84,0,0.003829,0.01
1,dt_multi_no_chain,22,medium,5408.11,1,9.27,0,0.005405,0.02
1,dt_multi_no_chain,23,medium,2890.04,1,8.07,1,0.005072,0.02
1,dt_multi_no_chain,24,high,12263.75,0,9.0,0,0.008361,0.03
1,dt_multi_no_chain,25,medium,11892.38,1,9.7,1,0.006492,0.02
1,dt_multi_no_chain,26,high,743.97,1,5.13,0,0.013415,0.03
1,dt_multi_no_chain,27,medium,5773.82,1,10.89,0,0.006665,0.02
1,dt_multi_no_chain,28,low,26644.12,1,9.87,0,0.003279,0.01
1,dt_multi_no_chain,29,low,27368.16,1,10.43,0,0.003017,0.01
1,dt_multi_no_chain,30,high,18.32,0,8.74,0,0.012586,0.03
1,dt_multi_no_chain,31,medium,4449.77,0,11.6,1,0.005724,0.02
1,dt_multi_no_chain,32,low,17646.73,1,8.49,0,0.003761,0.01
1,dt_multi_no_chain,33,high,1101.69,0,8.01,0,0.011964,0.03
1,dt_multi_no_chain,34,medium,10092.36,1,9.88,0,0.007767,0.02
1,dt_multi_no_chain,35,low,21606.4,1,7.89,0,0.002795,0.01
1,dt_multi_no_chain,36,low,32045.62,1,6.86,0,0.002438,0.01
1,dt_multi_no_chain,37,medium,9009.57,0,4.63,0,0.007052,0.02
1,dt_multi_no_chain,38,high,11179.52,1,7.21,0,0.01056,0.03
1,dt_multi_no_chain,39,low,52568.16,1,8.6,0,0.0022,0.01
1,dt_multi_no_chain,40,medium,3613.4,1,8.89,0,0.004306,0.02
1,dt_multi_no_chain,41,high,1460.43,1,9.04,0,0.010075,0.03
1,dt_multi_no_chain,42,medium,10451.12,1,8.88,0,0.005154,0.02
1,dt_multi_no_chain,43,low,42488.57,1,12.18,0,0.003133,0.01
1,dt_multi_no_chain,44,high,1101.0,0,9.24,0,0.010161,0.03
1,dt_multi_no_chain,45,medium,730.65,1,9.06,1,0.007399,0.02
1,dt_multi_no_chain,46,high,1458.84,1,6.47,0,0.01626,0.03
1,dt_multi_no_chain,47,high,384.36,0,8.77,0,0.008624,0.03
1,dt_multi_no_chain,48,high,4821.32,0,9.17,0,0.00958,0.03
1,dt_multi_no_chain,49,medium,14410.54,1,7.48,0,0.006346,0.02
1,dt_multi_no_chain,50,high,1579.92,0,6.96,0,0.01054,0.03
1,dt_multi_no_chain,51,high,2900.53,1,6.95,0,0.010979,0.03
1,dt_multi_no_chain,52,high,2302.61,0,6.57,0,0.014478,0.03
1,dt_multi_no_chain,53,medium,5770.93,1,8.53,1,0.006918,0.02
1,dt_multi_no_chain,54,medium,1089.71,0,9.25,0,0.005904,0.02
1,dt_multi_no_chain,55,medium,6492.06,1,8.07,0,0.006227,0.02
1,dt_multi_no_chain,56,low,29525.56,1,12.03,0,0.002677,0.01
1,dt_multi_no_chain,57,medium,728.47,1,10.72,1,0.005643,0.02
1,dt_multi_no_chain,58,high,4103.17,0,10.33,0,0.010428,0.03
1,dt_multi_no_chain,59,low,34565.04,1,8.13,0,0.002472,0.01
1,dt_multi_no_chain,60,high,1099.17,0,7.25,0,0.014326,0.03
1,dt_multi_no_chain,61,high,741.36,1,9.53,1,0.013189,0.03
1,dt_multi_no_chain,62,medium,5053.04,1,9.9,0,0.005601,0.02
1,dt_multi_no_chain,63,low,20285.32,0,9.66,0,0.002833,0.01
1,dt_multi_no_chain,64,low,22687.32,1,9.16,0,0.003652,0.01
1,dt_multi_no_chain,65,medium,9368.63,0,9.4,0,0.00611,0.02
1,dt_multi_no_chain,66,low,26289.35,1,7.89,0,0.002897,0.01
1,dt_multi_no_chain,67,medium,10.66,1,8.06,0,0.005769,0.02
1,dt_multi_no_chain,68,low,30605.06,1,8.7,0,0.003102,0.01
1,dt_multi_no_chain,69,low,47881.77,1,8.38,0,0.00261,0.01
1,dt_multi_no_chain,70,medium,3610.09,1,8.15,0,0.005327,0.02
1,dt_multi_no_chain,71,high,6500.49,1,10.89,0,0.009699,0.03
1,dt_multi_no_chain,72,high,3022.78,0,5.9,1,0.011515,0.03
1,dt_multi_no_chain,73,low,30245.21,1,7.44,0,0.003229,0.01
1,dt_multi_no_chain,74,high,9023.74,1,9.57,1,0.010765,0.03
1,dt_multi_no_chain,75,high,1819.54,1,6.7,0,0.013442,0.03
1,dt_multi_no_chain,76,medium,3610.55,1,8.06,0,0.004663,0.02
1,dt_multi_no_chain,77,medium,1813.27,1,11.81,0,0.005082,0.02
1,dt_multi_no_chain,78,medium,9007.0,1,8.13,1,0.007516,0.02
1,dt_multi_no_chain,79,medium,15852.86,0,9.28,0,0.006044,0.02
1,dt_multi_no_chain,80,medium,19450.59,1,11.81,0,0.006437,0.02
1,dt_multi_no_chain,81,high,2184.63,1,8.77,1,0.011994,0.03
1,dt_multi_no_chain,82,high,22.61,1,9.37,0,0.011956,0.03
1,dt_multi_no_chain,83,medium,23773.4,1,9.57,0,0.003888,0.02
1,dt_multi_no_chain,84,low,14046.76,1,10.47,0,0.003037,0.01
1,dt_multi_no_chain,85,high,1462.03,0,6.69,0,0.012103,0.03
1,dt_multi_no_chain,86,high,5421.35,0,8.52,0,0.012835,0.03
1,dt_multi_no_chain,87,medium,18010.28,1,8.74,0,0.006814,0.02
1,dt_multi_no_chain,88,low,24486.06,0,10.11,0,0.00335,0.01
1,dt_multi_no_chain,89,high,379.73,0,5.81,0,0.011569,0.03
1,dt_multi_no_chain,90,low,35287.3,1,10.74,1,0.003644,0.01
1,dt_multi_no_chain,91,high,739.2,1,10.31,1,0.012297,0.03
1,dt_multi_no_chain,92,medium,12250.04,1,6.26,0,0.005646,0.02
1,dt_multi_no_chain,93,medium,2531.88,1,9.65,0,0.00642,0.02
1,dt_multi_no_chain,94,high,1822.48,1,8.04,1,0.015762,0.03
1,dt_multi_no_chain,95,medium,13689.76,0,7.74,0,0.005714,0.02
1,dt_multi_no_chain,96,high,4700.59,0,9.18,1,0.008942,0.03
1,dt_multi_no_chain,97,low,17647.39,1,9.02,0,0.003627,0.01
1,dt_multi_no_chain,98,medium,9369.16,0,8.3,0,0.005975,0.02
1,dt_multi_no_chain,99,high,5061.32,0,11.49,1,0.012274,0.03
1,dt_multi_no_chain,100,low,24489.73,1,11.66,0,0.003465,0.01
1,dt_multi_no_chain,101,high,3259.46,1,8.38,0,0.014795,0.03
1,dt_multi_no_chain,102,high,2299.36,0,9.06,0,0.012577,0.03
1,dt_multi_no_chain,103,low,28449.16,1,10.38,0,0.003724,0.01
1,dt_multi_no_chain,104,high,741.98,0,7.35,0,0.008539,0.03
1,dt_multi_no_chain,105,low,35646.39,1,8.49,0,0.003053,0.01
1,dt_multi_no_chain,106,high,2900.94,0,8.98,0,0.011912,0.03
1,dt_multi_no_chain,107,low,17645.37,1,8.05,0,0.003116,0.01
1,dt_multi_no_chain,108,low,10444.61,1,11.86,0,0.003664,0.01
1,dt_multi_no_chain,109,low,33485.77,1,9.02,1,0.00246,0.01
1,dt_multi_no_chain,110,high,2538.69,1,7.24,0,0.010122,0.03
1,dt_multi_no_chain,111,high,1823.83,0,10.79,0,0.013656,0.03
1,dt_multi_no_chain,112,low,28087.83,1,10.37,0,0.003041,0.01
1,dt_multi_no_chain,113,low,34209.06,0,7.78,1,0.0031,0.01
1,dt_multi_no_chain,114,high,3622.39,1,9.97,0,0.010663,0.03
1,dt_multi_no_chain,115,high,5061.3,0,11.95,0,0.01103,0.03
1,dt_multi_no_chain,116,low,22684.71,1,8.0,0,0.003273,0.01
1,dt_multi_no_chain,117,low,21608.84,1,8.6,0,0.002602,0.01
1,dt_multi_no_chain,118,medium,16932.29,1,10.75,0,0.005403,0.02
1,dt_multi_no_chain,119,high,382.17,0,7.05,0,0.015742,0.03
2,dt_multi_no_chain,0,low,41407.61,1,7.3,0,0.003282,0.01
2,dt_multi_no_chain,1,high,382.89,1,11.66,0,0.011641,0.03
2,dt_multi_no_chain,2,low,29165.7,1,9.82,0,0.002536,0.01
2,dt_multi_no_chain,3,low,34564.11,1,6.68,0,0.003337,0.01
2,dt_multi_no_chain,4,medium,10448.39,1,7.85,1,0.006153,0.02
2,dt_multi_no_chain,5,medium,18008.48,1,8.67,0,0.007146,0.02
2,dt_multi_no_chain,6,medium,3256.44,1,11.08,0,0.004595,0.02
2,dt_multi_no_chain,7,medium,15849.39,0,11.09,0,0.006595,0.02
2,dt_multi_no_chain,8,medium,4327.88,1,8.86,0,0.006589,0.02
2,dt_multi_no_chain,9,high,740.89,1,8.86,0,0.011828,0.03
2,dt_multi_no_chain,10,low,18722.69,0,7.32,0,0.00296,0.01
2,dt_multi_no_chain,11,high,18.21,0,8.18,0,0.012006,0.03
2,dt_multi_no_chain,12,medium,1451.36,1,10.59,0,0.005815,0.02
2,dt_multi_no_chain,13,low,20885.08,1,7.74,1,0.003415,0.01
2,dt_multi_no_chain,14,medium,6850.67,0,9.53,0,0.004752,0.02
2,dt_multi_no_chain,15,high,738.78,1,8.77,0,0.011348,0.03
2,dt_multi_no_chain,16,low,25684.19,0,7.47,0,0.00344,0.01
2,dt_multi_no_chain,17,low,28086.85,1,6.26,0,0.002818,0.01
2,dt_multi_no_chain,18,medium,5052.29,1,8.01,0,0.006954,0.02
2,dt_multi_no_chain,19,medium,20173.18,1,7.15,0,0.004593,0.02
2,dt_multi_no_chain,20,medium,22327.1,1,8.01,0,0.005738,0.02
2,dt_multi_no_chain,21,low,23044.76,1,11.17,0,0.002681,0.01
2,dt_multi_no_chain,22,low,38168.0,1,10.55,0,0.003088,0.01
2,dt_multi_no_chain,23,medium,12251.65,1,5.46,0,0.005505,0.02
2,dt_multi_no_chain,24,high,1099.71,0,9.99,0,0.009692,0.03
2,dt_multi_no_chain,25,medium,3611.98,1,9.81,1,0.007252,0.02
2,dt_multi_no_chain,26,low,40325.71,1,11.44,0,0.001954,0.01
2,dt_multi_no_chain,27,high,4699.03,0,7.46,0,0.012807,0.03
2,dt_multi_no_chain,28,low,45364.37,1,9.05,0,0.001984,0.01
2,dt_multi_no_chain,29,low,32525.81,0,12.42,0,0.002261,0.01
2,dt_multi_no_chain,30,high,3618.78,0,8.86,0,0.012045,0.03
2,dt_multi_no_chain,31,low,20167.43,1,8.34,0,0.003763,0.01
2,dt_multi_no_chain,32,high,3981.36,0,10.51,1,0.013103,0.03
2,dt_multi_no_chain,33,medium,7931.66,1,9.81,0,0.00739,0.02
2,dt_multi_no_chain,34,medium,5050.54,1,9.64,0,0.007801,0.02
2,dt_multi_no_chain,35,low,26046.35,0,10.79,0,0.002971,0.01
2,dt_multi_no_chain,36,low,17407.88,0,11.66,0,0.0032,0.01
2,dt_multi_no_chain,37,low,16923.92,1,7.72,0,0.003419,0.01
2,dt_multi_no_chain,38,high,4341.13,0,8.98,0,0.008664,0.03
2,dt_multi_no_chain,39,low,36008.67,0,6.8,0,0.002943,0.01
2,dt_multi_no_chain,40,low,38165.8,1,8.6,0,0.003266,0.01
2,dt_multi_no_chain,41,high,2899.96,0,8.32,0,0.012053,0.03
2,dt_multi_no_chain,42,low,23045.15,1,7.43,1,0.003402,0.01
2,dt_multi_no_chain,43,low,34204.0,1,12.52,0,0.003779,0.01
2,dt_multi_no_chain,44,low,34562.6,1,6.02,0,0.003685,0.01
2,dt_multi_no_chain,45,medium,9369.17,1,10.85,0,0.008094,0.02
2,dt_multi_no_chain,46,medium,4332.49,1,8.52,0,0.005963,0.02
2,dt_multi_no_chain,47,high,2181.0,0,11.37,0,0.015277,0.03
2,dt_multi_no_chain,48,low,32763.94,1,14.63,0,0.002468,0.01
2,dt_multi_no_chain,49,medium,6491.38,0,8.14,0,0.004979,0.02
2,dt_multi_no_chain,50,low,22683.98,1,10.88,0,0.00282,0.01
2,dt_multi_no_chain,51,low,11164.3,1,8.56,0,0.00258,0.01
2,dt_multi_no_chain,52,low,45725.13,0,8.04,0,0.002562,0.01
2,dt_multi_no_chain,53,high,1101.7,0,11.04,0,0.013984,0.03
2,dt_multi_no_chain,54,medium,14769.27,1,10.57,0,0.004919,0.02
2,dt_multi_no_chain,55,medium,21367.61,0,5.95,0,0.00615,0.02
2,dt_multi_no_chain,56,high,4702.26,1,7.95,0,0.010188,0.03
2,dt_multi_no_chain,57,medium,13689.89,1,9.43,0,0.006613,0.02
2,dt_multi_no_chain,58,low,30607.13,1,5.74,0,0.003715,0.01
2,dt_multi_no_chain,59,medium,9731.12,1,8.59,1,0.006879,0.02
2,dt_multi_no_chain,60,high,3262.64,1,8.13,1,0.010016,0.03
2,dt_multi_no_chain,61,high,7941.12,1,8.5,1,0.012115,0.03
2,dt_multi_no_chain,62,medium,1089.31,1,7.11,0,0.007522,0.02
2,dt_multi_no_chain,63,medium,15132.22,1,5.26,1,0.005557,0.02
2,dt_multi_no_chain,64,high,1821.53,1,11.89,1,0.012507,0.03
2,dt_multi_no_chain,65,medium,10452.71,1,8.05,0,0.004715,0.02
2,dt_multi_no_chain,66,low,22681.95,0,9.39,0,0.002297,0.01
2,dt_multi_no_chain,67,low,31686.62,0,9.81,0,0.002177,0.01
2,dt_multi_no_chain,68,low,32042.59,1,8.64,0,0.003101,0.01
2,dt_multi_no_chain,69,high,3261.53,0,8.26,0,0.01407,0.03
2,dt_multi_no_chain,70,low,41767.72,0,9.6,0,0.002159,0.01
2,dt_multi_no_chain,71,low,46085.7,1,9.91,0,0.002288,0.01
2,dt_multi_no_chain,72,low,31325.87,1,7.62,0,0.003242,0.01
2,dt_multi_no_chain,73,low,31326.73,1,6.71,0,0.002664,0.01
2,dt_multi_no_chain,74,high,11182.09,1,12.29,0,0.009357,0.03
2,dt_multi_no_chain,75,medium,1808.5,1,11.38,1,0.005915,0.02
2,dt_multi_no_chain,76,medium,20170.02,1,9.31,1,0.006024,0.02
2,dt_multi_no_chain,77,low,21246.44,1,12.84,0,0.00376,0.01
2,dt_multi_no_chain,78,medium,13690.14,0,7.17,0,0.006333,0.02
2,dt_multi_no_chain,79,high,499.68,0,14.3,0,0.009124,0.03
2,dt_multi_no_chain,80,high,2543.86,0,9.8,0,0.00732,0.03
2,dt_multi_no_chain,81,low,45006.5,1,9.5,1,0.002536,0.01
2,dt_multi_no_chain,82,medium,731.16,1,12.47,1,0.00654,0.02
2,dt_multi_no_chain,83,low,42124.4,1,10.61,0,0.002962,0.01
2,dt_multi_no_chain,84,low,39608.57,1,9.63,0,0.003078,0.01
2,dt_multi_no_chain,85,medium,11169.87,1,7.79,0,0.006183,0.02
2,dt_multi_no_chain,86,high,1459.51,1,6.95,0,0.012308,0.03
2,dt_multi_no_chain,87,high,7582.84,1,9.82,0,0.012594,0.03
2,dt_multi_no_chain,88,medium,12250.75,1,9.86,0,0.006333,0.02
2,dt_multi_no_chain,89,high,381.03,1,9.57,1,0.012119,0.03
2,dt_multi_no_chain,90,high,384.22,0,11.79,0,0.011897,0.03
2,dt_multi_no_chain,91,medium,6850.74,1,14.71,1,0.005684,0.02
2,dt_multi_no_chain,92,high,378.46,0,5.41,0,0.012994,0.03
2,dt_multi_no_chain,93,high,383.36,0,8.96,1,0.012623,0.03
2,dt_multi_no_chain,94,low,33128.35,0,6.28,0,0.004104,0.01
2,dt_multi_no_chain,95,medium,5770.92,1,7.49,1,0.005804,0.02
2,dt_multi_no_chain,96,high,21.04,1,10.55,0,0.012553,0.03
2,dt_multi_no_chain,97,medium,23771.98,1,6.77,0,0.005205,0.02
2,dt_multi_no_chain,98,high,2540.46,1,11.07,0,0.009124,0.03
2,dt_multi_no_chain,99,high,2901.65,0,10.8,0,0.013618,0.03
2,dt_multi_no_chain,100,low,41404.81,1,10.41,0,0.003099,0.01
2,dt_multi_no_chain,101,low,28084.74,1,8.8,0,0.002993,0.01
2,dt_multi_no_chain,102,low,13325.99,1,8.06,0,0.003001,0.01
2,dt_multi_no_chain,103,high,5420.26,1,13.34,1,0.01232,0.03
2,dt_multi_no_chain,104,high,2542.59,0,12.43,0,0.016442,0.03
2,dt_multi_no_chain,105,medium,4332.59,1,7.72,1,0.006929,0.02
2,dt_multi_no_chain,106,low,36006.97,1,7.86,0,0.001674,0.01
2,dt_multi_no_chain,107,high,3980.54,0,10.63,1,0.012152,0.03
2,dt_multi_no_chain,108,medium,10449.1,1,9.8,0,0.005303,0.02
2,dt_multi_no_chain,109,high,8058.86,0,7.27,0,0.010568,0.03
2,dt_multi_no_chain,110,high,1100.39,0,8.13,0,0.01426,0.03
2,dt_multi_no_chain,111,medium,3610.91,1,9.54,0,0.007286,0.02
2,dt_multi_no_chain,112,low,22326.91,0,7.42,0,0.001729,0.01
2,dt_multi_no_chain,113,low,34925.81,1,11.0,0,0.002975,0.01
2,dt_multi_no_chain,114,low,14766.8,1,5.67,0,0.003052,0.01
2,dt_multi_no_chain,115,low,33489.05,1,2.39,0,0.003231,0.01
2,dt_multi_no_chain,116,high,1820.3,0,6.9,0,0.010545,0.03
2,dt_multi_no_chain,117,high,1461.4,1,10.44,1,0.011359,0.03
2,dt_multi_no_chain,118,high,1102.03,0,10.06,1,0.013885,0.03
2,dt_multi_no_chain,119,medium,1092.2,1,11.75,0,0.006286,0.02
3,dt_multi_no_chain,0,medium,11530.98,0,10.91,0,0.005463,0.02
3,dt_multi_no_chain,1,high,5784.9,1,13.45,1,0.013587,0.03
3,dt_multi_no_chain,2,medium,731.67,0,12.01,0,0.008069,0.02
3,dt_multi_no_chain,3,high,7580.0,1,6.97,0,0.010803,0.03
3,dt_multi_no_chain,4,high,6501.41,0,7.93,1,0.01355,0.03
3,dt_multi_no_chain,5,low,24845.98,1,11.21,0,0.003929,0.01
3,dt_multi_no_chain,6,medium,1455.91,1,4.37,0,0.006929,0.02
3,dt_multi_no_chain,7,low,17285.7,1,9.54,0,0.003291,0.01
3,dt_multi_no_chain,8,low,10807.16,1,10.7,0,0.003098,0.01
3,dt_multi_no_chain,9,high,7942.18,1,10.0,0,0.010267,0.03
3,dt_multi_no_chain,10,high,1582.02,0,6.42,0,0.013668,0.03
3,dt_multi_no_chain,11,high,3260.89,1,9.46,0,0.012683,0.03
3,dt_multi_no_chain,12,high,5060.03,1,6.94,0,0.012313,0.03
3,dt_multi_no_chain,13,low,41764.61,1,7.35,0,0.002776,0.01
3,dt_multi_no_chain,14,low,28446.71,1,14.24,0,0.003541,0.01
3,dt_multi_no_chain,15,medium,5411.25,1,8.23,1,0.006224,0.02
3,dt_multi_no_chain,16,low,39967.23,1,8.17,0,0.003343,0.01
3,dt_multi_no_chain,17,low,28444.91,1,9.52,1,0.003497,0.01
3,dt_multi_no_chain,18,high,9380.59,1,11.28,0,0.012227,0.03
3,dt_multi_no_chain,19,high,2540.1,0,11.72,0,0.011842,0.03
3,dt_multi_no_chain,20,low,30245.06,1,7.09,1,0.00332,0.01
3,dt_multi_no_chain,21,low,47884.65,1,7.88,0,0.002669,0.01
3,dt_multi_no_chain,22,high,3258.72,0,10.47,0,0.013886,0.03
3,dt_multi_no_chain,23,low,45367.05,1,9.7,0,0.002688,0.01
3,dt_multi_no_chain,24,low,26645.67,0,10.15,0,0.004028,0.01
3,dt_multi_no_chain,25,low,27009.17,1,2.9,0,0.004068,0.01
3,dt_multi_no_chain,26,low,24846.39,1,3.78,0,0.002667,0.01
3,dt_multi_no_chain,27,low,37446.55,1,7.17,0,0.00293,0.01
3,dt_multi_no_chain,28,low,37447.15,1,6.15,0,0.001988,0.01
3,dt_multi_no_chain,29,low,28448.82,1,9.87,0,0.0033,0.01
3,dt_multi_no_chain,30,high,5425.11,1,10.83,0,0.011822,0.03
3,dt_multi_no_chain,31,high,384.18,0,11.22,0,0.011375,0.03
3,dt_multi_no_chain,32,medium,11890.19,1,10.34,0,0.006124,0.02
3,dt_multi_no_chain,33,high,6140.15,1,6.03,0,0.014389,0.03
3,dt_multi_no_chain,34,high,383.1,0,6.45,0,0.0135,0.03
3,dt_multi_no_chain,35,high,2899.63,0,10.02,0,0.012077,0.03
3,dt_multi_no_chain,36,low,34924.34,1,7.63,0,0.003041,0.01
3,dt_multi_no_chain,37,high,1101.68,1,9.63,1,0.014369,0.03
3,dt_multi_no_chain,38,low,32765.65,1,9.53,0,0.00311,0.01
3,dt_multi_no_chain,39,high,1821.09,1,9.29,1,0.010898,0.03
3,dt_multi_no_chain,40,medium,730.52,1,8.74,0,0.005189,0.02
3,dt_multi_no_chain,41,medium,11530.22,1,9.15,1,0.006669,0.02
3,dt_multi_no_chain,42,medium,19450.12,1,12.57,0,0.00509,0.02
3,dt_multi_no_chain,43,high,12979.53,0,8.42,0,0.008291,0.03
3,dt_multi_no_chain,44,high,740.12,1,5.93,0,0.014597,0.03
3,dt_multi_no_chain,45,medium,14766.63,1,7.61,0,0.006306,0.02
3,dt_multi_no_chain,46,low,72363.86,1,12.14,0,0.001639,0.01
3,dt_multi_no_chain,47,medium,12969.58,0,8.33,0,0.005884,0.02
3,dt_multi_no_chain,48,low,28088.21,1,8.19,0,0.002638,0.01
3,dt_multi_no_chain,49,medium,9372.92,1,10.11,0,0.006519,0.02
3,dt_multi_no_chain,50,high,3617.63,0,9.74,1,0.013541,0.03
3,dt_multi_no_chain,51,low,15129.73,1,11.89,0,0.002845,0.01
3,dt_multi_no_chain,52,medium,25210.97,1,8.58,0,0.005453,0.02
3,dt_multi_no_chain,53,high,1103.63,1,9.92,0,0.014299,0.03
3,dt_multi_no_chain,54,low,24843.85,1,8.62,0,0.003168,0.01
3,dt_multi_no_chain,55,medium,11527.09,1,9.75,1,0.005695,0.02
3,dt_multi_no_chain,56,high,740.19,0,5.99,0,0.009471,0.03
3,dt_multi_no_chain,57,low,39966.16,1,10.31,0,0.002418,0.01
3,dt_multi_no_chain,58,low,14767.89,1,8.88,0,0.00318,0.01
3,dt_multi_no_chain,59,low,28082.69,1,9.07,0,0.002849,0.01
3,dt_multi_no_chain,60,high,5060.25,0,8.54,0,0.009384,0.03
3,dt_multi_no_chain,61,medium,1573.17,0,7.37,0,0.00617,0.02
3,dt_multi_no_chain,62,high,5422.39,0,7.11,1,0.013683,0.03
3,dt_multi_no_chain,63,high,11899.12,1,8.13,1,0.008236,0.03
3,dt_multi_no_chain,64,low,15604.3,0,5.34,0,0.004142,0.01
3,dt_multi_no_chain,65,high,1822.17,0,12.95,0,0.008719,0.03
3,dt_multi_no_chain,66,high,1463.02,0,12.41,0,0.013235,0.03
3,dt_multi_no_chain,67,medium,8651.44,1,8.96,0,0.005464,0.02
3,dt_multi_no_chain,68,low,24125.7,1,9.69,0,0.003241,0.01
3,dt_multi_no_chain,69,medium,10808.35,1,10.44,0,0.004736,0.02
3,dt_multi_no_chain,70,medium,17650.88,1,5.54,0,0.007154,0.02
3,dt_multi_no_chain,71,medium,729.72,1,8.99,0,0.004822,0.02
3,dt_multi_no_chain,72,low,37081.34,1,7.76,0,0.003768,0.01
3,dt_multi_no_chain,73,high,742.02,1,10.39,0,0.013182,0.03
3,dt_multi_no_chain,74,high,3259.62,0,7.63,0,0.012111,0.03
3,dt_multi_no_chain,75,high,2538.21,0,9.21,0,0.012132,0.03
3,dt_multi_no_chain,76,medium,19210.9,0,7.69,0,0.006384,0.02
3,dt_multi_no_chain,77,high,20.3,1,7.91,0,0.014186,0.03
3,dt_multi_no_chain,78,high,1098.49,0,8.2,0,0.011124,0.03
3,dt_multi_no_chain,79,high,385.66,1,7.16,0,0.010706,0.03
3,dt_multi_no_chain,80,high,7222.04,1,8.36,0,0.014252,0.03
3,dt_multi_no_chain,81,low,14405.1,0,9.24,0,0.002431,0.01
3,dt_multi_no_chain,82,low,31685.72,1,10.11,1,0.003804,0.01
3,dt_multi_no_chain,83,low,25568.38,1,11.8,0,0.00397,0.01
3,dt_multi_no_chain,84,high,7219.49,0,8.79,0,0.009608,0.03
3,dt_multi_no_chain,85,medium,4691.15,0,8.82,0,0.007481,0.02
3,dt_multi_no_chain,86,low,38883.35,1,9.98,1,0.003128,0.01
3,dt_multi_no_chain,87,medium,9010.11,1,9.91,0,0.005977,0.02
3,dt_multi_no_chain,88,high,5421.76,1,11.42,0,0.012324,0.03
3,dt_multi_no_chain,89,medium,5408.83,1,10.01,1,0.005906,0.02
3,dt_multi_no_chain,90,low,18006.22,1,11.11,1,0.002466,0.01
3,dt_multi_no_chain,91,low,30243.34,1,11.09,0,0.002745,0.01
3,dt_multi_no_chain,92,high,2539.6,1,12.95,0,0.015988,0.03
3,dt_multi_no_chain,93,medium,1092.01,1,8.28,0,0.004563,0.02
3,dt_multi_no_chain,94,low,48247.02,1,10.0,0,0.002935,0.01
3,dt_multi_no_chain,95,medium,5771.68,1,12.42,0,0.005894,0.02
3,dt_multi_no_chain,96,high,3981.28,0,8.71,0,0.012945,0.03
3,dt_multi_no_chain,97,high,4344.36,0,10.27,0,0.009931,0.03
3,dt_multi_no_chain,98,medium,11533.67,0,8.46,1,0.005008,0.02
3,dt_multi_no_chain,99,low,37086.15,1,6.55,0,0.003605,0.01
3,dt_multi_no_chain,100,low,33486.5,1,8.18,0,0.00267,0.01
3,dt_multi_no_chain,101,high,741.75,0,8.74,1,0.012544,0.03
3,dt_multi_no_chain,102,high,382.29,0,9.25,1,0.013229,0.03
3,dt_multi_no_chain,103,low,52563.51,1,11.72,0,0.002467,0.01
3,dt_multi_no_chain,104,medium,5768.82,0,12.8,1,0.005259,0.02
3,dt_multi_no_chain,105,low,29884.17,1,7.16,0,0.003754,0.01
3,dt_multi_no_chain,106,low,34204.88,1,11.35,0,0.003072,0.01
3,dt_multi_no_chain,107,high,738.77,0,10.65,0,0.012293,0.03
3,dt_multi_no_chain,108,medium,5768.77,1,10.89,0,0.007606,0.02
3,dt_multi_no_chain,109,high,2540.8,0,8.58,0,0.014802,0.03
3,dt_multi_no_chain,110,low,26290.28,0,11.11,0,0.004238,0.01
3,dt_multi_no_chain,111,low,41045.25,1,9.57,0,0.003431,0.01
3,dt_multi_no_chain,112,medium,2168.6,1,11.81,0,0.005723,0.02
3,dt_multi_no_chain,113,high,741.43,1,7.74,1,0.008198,0.03
3,dt_multi_no_chain,114,medium,5769.65,1,11.39,0,0.004344,0.02
3,dt_multi_no_chain,115,low,44286.63,1,7.32,0,0.00305,0.01
3,dt_multi_no_chain,116,high,10101.08,1,5.86,0,0.009892,0.03
3,dt_multi_no_chain,117,low,29166.38,1,7.65,0,0.00328,0.01
3,dt_multi_no_chain,118,medium,19807.29,1,7.75,0,0.006361,0.02
3,dt_multi_no_chain,119,high,379.55,0,7.88,0,0.015602,0.03
4,dt_multi_no_chain,0,medium,8291.97,1,8.13,0,0.006712,0.02
4,dt_multi_no_chain,1,high,739.55,0,7.86,1,0.012801,0.03
4,dt_multi_no_chain,2,medium,9492.31,0,10.52,0,0.004825,0.02
4,dt_multi_no_chain,3,high,9742.02,0,9.28,0,0.010384,0.03
4,dt_multi_no_chain,4,high,3620.95,0,5.64,0,0.012229,0.03
4,dt_multi_no_chain,5,low,20165.66,1,9.97,0,0.002625,0.01
4,dt_multi_no_chain,6,medium,10091.29,1,8.83,0,0.006734,0.02
4,dt_multi_no_chain,7,high,1100.3,1,13.32,0,0.012071,0.03
4,dt_multi_no_chain,8,high,738.88,1,10.79,0,0.009639,0.03
4,dt_multi_no_chain,9,high,1461.82,0,10.61,0,0.010573,0.03
4,dt_multi_no_chain,10,low,26646.88,0,9.08,0,0.001955,0.01
4,dt_multi_no_chain,11,low,20165.95,1,7.32,0,0.003661,0.01
4,dt_multi_no_chain,12,low,38166.31,1,8.17,0,0.002732,0.01
4,dt_multi_no_chain,13,medium,1813.15,1,5.7,0,0.006371,0.02
4,dt_multi_no_chain,14,high,1823.29,0,9.57,0,0.01519,0.03
4,dt_multi_no_chain,15,medium,1448.48,1,7.95,0,0.005501,0.02
4,dt_multi_no_chain,16,low,17644.08,1,13.13,0,0.002337,0.01
4,dt_multi_no_chain,17,high,1459.06,1,12.08,1,0.012864,0.03
4,dt_multi_no_chain,18,high,380.02,1,11.37,0,0.010373,0.03
4,dt_multi_no_chain,19,high,4337.3,1,8.39,0,0.010879,0.03
4,dt_multi_no_chain,20,low,37809.65,1,4.62,0,0.002726,0.01
4,dt_multi_no_chain,21,low,27361.91,1,7.75,0,0.003662,0.01
4,dt_multi_no_chain,22,medium,9006.68,0,6.24,0,0.004874,0.02
4,dt_multi_no_chain,23,low,14766.24,1,6.48,0,0.002356,0.01
4,dt_multi_no_chain,24,medium,21969.97,1,8.58,0,0.005038,0.02
4,dt_multi_no_chain,25,high,743.25,1,10.67,0,0.012502,0.03
4,dt_multi_no_chain,26,medium,9728.27,0,9.1,0,0.005784,0.02
4,dt_multi_no_chain,27,high,1821.27,0,8.06,0,0.012037,0.03
4,dt_multi_no_chain,28,low,37086.92,1,5.43,1,0.003492,0.01
4,dt_multi_no_chain,29,high,2898.85,1,8.72,0,0.010444,0.03
4,dt_multi_no_chain,30,low,34204.91,1,9.23,0,0.002935,0.01
4,dt_multi_no_chain,31,high,7220.1,1,9.88,0,0.0099,0.03
4,dt_multi_no_chain,32,high,382.34,1,7.04,0,0.012999,0.03
4,dt_multi_no_chain,33,medium,6848.26,1,11.69,1,0.006586,0.02
4,dt_multi_no_chain,34,medium,19812.49,0,9.59,0,0.006042,0.02
4,dt_multi_no_chain,35,medium,12613.57,0,9.43,0,0.006088,0.02
4,dt_multi_no_chain,36,low,32881.66,0,11.14,0,0.004124,0.01
4,dt_multi_no_chain,37,low,27365.71,1,9.28,0,0.002955,0.01
4,dt_multi_no_chain,38,medium,13332.19,1,7.64,1,0.00598,0.02
4,dt_multi_no_chain,39,medium,9014.79,0,10.17,0,0.007631,0.02
4,dt_multi_no_chain,40,high,24.87,0,10.17,0,0.008858,0.03
4,dt_multi_no_chain,41,low,37446.67,1,8.06,0,0.003029,0.01
4,dt_multi_no_chain,42,medium,7209.83,1,8.63,0,0.006461,0.02
4,dt_multi_no_chain,43,medium,11173.9,1,8.77,0,0.00551,0.02
4,dt_multi_no_chain,44,low,33484.67,1,9.71,0,0.004056,0.01
4,dt_multi_no_chain,45,low,23046.64,1,14.59,0,0.003362,0.01
4,dt_multi_no_chain,46,high,4702.33,1,5.1,0,0.007345,0.03
4,dt_multi_no_chain,47,medium,3612.13,1,10.62,0,0.006557,0.02
4,dt_multi_no_chain,48,low,28801.67,1,7.89,1,0.003257,0.01
4,dt_multi_no_chain,49,medium,3010.64,0,7.83,1,0.007543,0.02
4,dt_multi_no_chain,50,medium,18731.97,1,12.12,0,0.004231,0.02
4,dt_multi_no_chain,51,medium,3248.9,1,5.2,0,0.005154,0.02
4,dt_multi_no_chain,52,medium,17650.85,1,9.49,0,0.00395,0.02
4,dt_multi_no_chain,53,medium,9373.77,1,9.6,0,0.004418,0.02
4,dt_multi_no_chain,54,high,21.08,0,10.55,0,0.014225,0.03
4,dt_multi_no_chain,55,medium,3614.38,1,10.53,1,0.005158,0.02
4,dt_multi_no_chain,56,medium,11532.43,0,9.99,0,0.007041,0.02
4,dt_multi_no_chain,57,medium,6494.03,1,10.32,0,0.006726,0.02
4,dt_multi_no_chain,58,high,4338.69,1,7.75,0,0.010623,0.03
4,dt_multi_no_chain,59,low,28805.34,1,10.65,0,0.00246,0.01
4,dt_multi_no_chain,60,medium,13449.72,0,10.92,1,0.006197,0.02
4,dt_multi_no_chain,61,high,6141.14,1,8.35,0,0.012687,0.03
4,dt_multi_no_chain,62,low,18009.26,1,9.44,0,0.003736,0.01
4,dt_multi_no_chain,63,low,12602.83,1,9.68,0,0.003541,0.01
4,dt_multi_no_chain,64,high,740.91,0,9.72,0,0.013316,0.03
4,dt_multi_no_chain,65,low,28086.6,1,9.15,0,0.00375,0.01
4,dt_multi_no_chain,66,medium,3250.94,0,9.26,0,0.008551,0.02
4,dt_multi_no_chain,67,medium,15493.83,1,7.93,0,0.006293,0.02
4,dt_multi_no_chain,68,medium,10451.9,1,10.77,1,0.004882,0.02
4,dt_multi_no_chain,69,high,1097.93,1,10.79,0,0.013945,0.03
4,dt_multi_no_chain,70,medium,2171.5,1,7.34,0,0.004752,0.02
4,dt_multi_no_chain,71,high,1463.02,1,9.56,1,0.013058,0.03
4,dt_multi_no_chain,72,medium,11890.51,1,14.4,0,0.005628,0.02
4,dt_multi_no_chain,73,high,1101.44,1,7.96,0,0.012667,0.03
4,dt_multi_no_chain,74,medium,17646.89,0,12.32,0,0.007034,0.02
4,dt_multi_no_chain,75,medium,6495.26,0,11.61,0,0.008314,0.02
4,dt_multi_no_chain,76,high,4700.45,1,9.64,0,0.015341,0.03
4,dt_multi_no_chain,77,medium,10449.99,1,8.71,1,0.004247,0.02
4,dt_multi_no_chain,78,medium,20893.82,1,8.65,0,0.004718,0.02
4,dt_multi_no_chain,79,medium,11531.03,1,10.77,0,0.004512,0.02
4,dt_multi_no_chain,80,low,28444.79,1,11.56,0,0.003286,0.01
4,dt_multi_no_chain,81,high,378.45,0,7.89,1,0.009449,0.03
4,dt_multi_no_chain,82,high,2660.33,0,7.94,0,0.013391,0.03
4,dt_multi_no_chain,83,low,28446.52,1,7.01,1,0.004193,0.01
4,dt_multi_no_chain,84,medium,10446.8,1,7.9,0,0.006455,0.02
4,dt_multi_no_chain,85,high,2657.91,0,10.63,0,0.016342,0.03
4,dt_multi_no_chain,86,low,40686.15,1,7.55,0,0.003,0.01
4,dt_multi_no_chain,87,high,8302.15,1,8.77,0,0.013414,0.03
4,dt_multi_no_chain,88,medium,19453.02,1,8.04,0,0.006541,0.02
4,dt_multi_no_chain,89,medium,4090.64,0,6.39,1,0.004438,0.02
4,dt_multi_no_chain,90,high,378.61,0,6.95,1,0.011471,0.03
4,dt_multi_no_chain,91,high,740.8,0,7.41,0,0.009842,0.03
4,dt_multi_no_chain,92,low,25926.27,1,10.12,1,0.003784,0.01
4,dt_multi_no_chain,93,low,48605.29,1,6.92,0,0.002317,0.01
4,dt_multi_no_chain,94,medium,3969.85,1,10.95,0,0.003802,0.02
4,dt_multi_no_chain,95,high,381.96,1,7.81,0,0.01162,0.03
4,dt_multi_no_chain,96,medium,13687.86,1,11.4,1,0.00581,0.02
4,dt_multi_no_chain,97,high,8659.15,0,14.93,0,0.012521,0.03
4,dt_multi_no_chain,98,medium,8652.08,1,8.78,0,0.005811,0.02
4,dt_multi_no_chain,99,medium,3611.91,1,9.47,0,0.006411,0.02
4,dt_multi_no_chain,100,low,46083.99,1,10.51,0,0.00295,0.01
4,dt_multi_no_chain,101,high,5779.56,1,10.56,0,0.007185,0.03
4,dt_multi_no_chain,102,high,3980.26,0,12.17,0,0.01629,0.03
4,dt_multi_no_chain,103,high,22.65,0,7.83,0,0.010656,0.03
4,dt_multi_no_chain,104,low,27727.93,1,8.28,0,0.003133,0.01
4,dt_multi_no_chain,105,low,37444.94,1,8.71,0,0.003422,0.01
4,dt_multi_no_chain,106,high,1222.05,0,7.7,0,0.01287,0.03
4,dt_multi_no_chain,107,medium,1810.7,1,10.1,0,0.007598,0.02
4,dt_multi_no_chain,108,low,43325.12,0,7.53,0,0.003003,0.01
4,dt_multi_no_chain,109,medium,17652.38,0,9.7,0,0.005549,0.02
4,dt_multi_no_chain,110,low,12964.98,1,10.54,0,0.002951,0.01
4,dt_multi_no_chain,111,low,18727.27,1,5.6,0,0.001925,0.01
4,dt_multi_no_chain,112,high,1822.22,1,9.51,0,0.012907,0.03
4,dt_multi_no_chain,113,high,2183.56,1,6.22,0,0.010261,0.03
4,dt_multi_no_chain,114,high,1817.94,1,8.53,0,0.011339,0.03
4,dt_multi_no_chain,115,low,43566.16,1,8.33,0,0.002204,0.01
4,dt_multi_no_chain,116,low,21963.12,1,11.64,0,0.003278,0.01
4,dt_multi_no_chain,117,medium,12971.88,0,8.47,0,0.007223,0.02
4,dt_multi_no_chain,118,low,15124.62,0,9.44,0,0.002758,0.01
4,dt_multi_no_chain,119,low,42125.82,1,10.56,0,0.00226,0.01
5,dt_multi_no_chain,0,low,24487.44,0,6.39,0,0.002353,0.01
5,dt_multi_no_chain,1,medium,23053.62,0,8.13,0,0.004599,0.02
5,dt_multi_no_chain,2,low,43206.86,1,6.9,1,0.002855,0.01
5,dt_multi_no_chain,3,high,1220.92,0,10.55,1,0.013499,0.03
5,dt_multi_no_chain,4,medium,9731.38,1,8.08,0,0.006881,0.02
5,dt_multi_no_chain,5,medium,5409.81,1,9.99,0,0.006654,0.02
5,dt_multi_no_chain,6,medium,2172.55,1,7.27,0,0.006957,0.02
5,dt_multi_no_chain,7,low,31686.36,1,7.04,1,0.003585,0.01
5,dt_multi_no_chain,8,low,28446.33,1,9.82,1,0.003666,0.01
5,dt_multi_no_chain,9,low,28086.01,1,8.44,0,0.00307,0.01
5,dt_multi_no_chain,10,low,43565.27,1,8.4,0,0.002636,0.01
5,dt_multi_no_chain,11,low,27367.83,1,10.64,0,0.002383,0.01
5,dt_multi_no_chain,12,low,39245.82,1,7.4,0,0.002988,0.01
5,dt_multi_no_chain,13,high,864.16,0,5.73,1,0.009288,0.03
5,dt_multi_no_chain,14,high,3978.63,1,11.37,0,0.012057,0.03
5,dt_multi_no_chain,15,low,29525.82,1,6.01,0,0.00339,0.01
5,dt_multi_no_chain,16,medium,12251.98,1,8.76,0,0.004228,0.02
5,dt_multi_no_chain,17,high,385.39,1,10.81,0,0.014945,0.03
5,dt_multi_no_chain,18,low,35642.95,0,7.31,1,0.002892,0.01
5,dt_multi_no_chain,19,low,36364.52,1,12.1,0,0.002953,0.01
5,dt_multi_no_chain,20,low,27728.5,0,9.14,0,0.001737,0.01
5,dt_multi_no_chain,21,low,25684.11,0,6.52,0,0.002524,0.01
5,dt_multi_no_chain,22,high,7940.74,1,9.7,0,0.010343,0.03
5,dt_multi_no_chain,23,low,27007.09,1,7.63,0,0.00327,0.01
5,dt_multi_no_chain,24,high,742.37,1,9.39,0,0.00997,0.03
5,dt_multi_no_chain,25,medium,10091.7,1,7.52,0,0.005256,0.02
5,dt_multi_no_chain,26,medium,10815.42,1,9.13,0,0.005448,0.02
5,dt_multi_no_chain,27,low,31683.35,1,9.66,0,0.00333,0.01
5,dt_multi_no_chain,28,low,25207.9,0,6.78,0,0.002545,0.01
5,dt_multi_no_chain,29,low,16205.27,1,7.17,0,0.002011,0.01
5,dt_multi_no_chain,30,medium,13092.61,0,8.42,0,0.006409,0.02
5,dt_multi_no_chain,31,high,1461.3,0,5.42,0,0.01226,0.03
5,dt_multi_no_chain,32,medium,4330.24,1,9.33,0,0.004305,0.02
5,dt_multi_no_chain,33,high,379.96,1,9.62,0,0.010489,0.03
5,dt_multi_no_chain,34,low,29885.97,1,6.43,0,0.00206,0.01
5,dt_multi_no_chain,35,high,1821.63,1,11.47,0,0.012817,0.03
5,dt_multi_no_chain,36,high,383.49,1,9.4,0,0.01269,0.03
5,dt_multi_no_chain,37,low,36722.68,1,10.3,0,0.003049,0.01
5,dt_multi_no_chain,38,high,741.4,0,8.76,0,0.011877,0.03
5,dt_multi_no_chain,39,high,380.75,0,8.45,0,0.011547,0.03
5,dt_multi_no_chain,40,medium,5772.26,1,6.73,0,0.004665,0.02
5,dt_multi_no_chain,41,high,1098.08,1,11.21,0,0.011019,0.03
5,dt_multi_no_chain,42,low,36004.7,1,5.17,0,0.003115,0.01
5,dt_multi_no_chain,43,high,4340.58,1,9.61,0,0.009906,0.03
5,dt_multi_no_chain,44,medium,12974.5,1,8.45,0,0.006881,0.02
5,dt_multi_no_chain,45,high,5782.03,0,5.97,0,0.01494,0.03
5,dt_multi_no_chain,46,high,3620.4,0,6.76,0,0.014677,0.03
5,dt_multi_no_chain,47,low,26643.01,1,10.93,0,0.00335,0.01
5,dt_multi_no_chain,48,high,5781.57,1,10.04,0,0.012981,0.03
5,dt_multi_no_chain,49,low,13682.91,1,8.55,1,0.00321,0.01
5,dt_multi_no_chain,50,low,25926.4,1,8.9,0,0.002675,0.01
5,dt_multi_no_chain,51,medium,5413.47,1,7.85,1,0.005013,0.02
5,dt_multi_no_chain,52,low,36005.73,1,13.0,0,0.002264,0.01
5,dt_multi_no_chain,53,low,27005.97,1,8.96,1,0.003751,0.01
5,dt_multi_no_chain,54,low,32765.53,1,7.78,0,0.003348,0.01
5,dt_multi_no_chain,55,medium,126.07,0,9.15,1,0.006253,0.02
5,dt_multi_no_chain,56,high,2178.51,0,3.51,0,0.010784,0.03
5,dt_multi_no_chain,57,low,36008.65,1,8.44,0,0.002968,0.01
5,dt_multi_no_chain,58,low,39247.9,1,11.01,0,0.003246,0.01
5,dt_multi_no_chain,59,low,28086.18,1,7.55,0,0.003146,0.01
5,dt_multi_no_chain,60,medium,10815.42,0,7.99,1,0.003821,0.02
5,dt_multi_no_chain,61,medium,19213.74,0,7.91,0,0.00485,0.02
5,dt_multi_no_chain,62,high,1822.52,1,9.6,0,0.01003,0.03
5,dt_multi_no_chain,63,medium,16212.21,1,8.85,1,0.004277,0.02
5,dt_multi_no_chain,64,medium,20531.75,1,10.53,0,0.005581,0.02
5,dt_multi_no_chain,65,medium,12609.39,0,10.41,0,0.00706,0.02
5,dt_multi_no_chain,66,medium,11171.66,1,10.15,0,0.006647,0.02
5,dt_multi_no_chain,67,high,1100.69,0,7.07,0,0.013819,0.03
5,dt_multi_no_chain,68,low,25925.8,1,10.66,0,0.002603,0.01
5,dt_multi_no_chain,69,low,28803.42,1,12.0,1,0.001909,0.01
5,dt_multi_no_chain,70,medium,6851.19,1,7.81,0,0.006125,0.02
5,dt_multi_no_chain,71,low,66242.61,1,8.86,0,0.001906,0.01
5,dt_multi_no_chain,72,high,2540.51,0,9.84,0,0.010026,0.03
5,dt_multi_no_chain,73,medium,2173.34,1,8.47,1,0.00663,0.02
5,dt_multi_no_chain,74,high,382.2,0,9.62,0,0.01059,0.03
5,dt_multi_no_chain,75,high,2184.63,1,9.37,0,0.012425,0.03
5,dt_multi_no_chain,76,medium,12612.97,0,8.68,0,0.005389,0.02
5,dt_multi_no_chain,77,low,45483.59,0,7.05,0,0.002097,0.01
5,dt_multi_no_chain,78,low,45005.48,1,10.57,0,0.003016,0.01
5,dt_multi_no_chain,79,high,861.29,0,10.18,1,0.009467,0.03
5,dt_multi_no_chain,80,low,24849.07,1,11.64,0,0.002814,0.01
5,dt_multi_no_chain,81,low,6486.43,1,11.16,0,0.003003,0.01
5,dt_multi_no_chain,82,low,29164.53,1,8.34,1,0.003327,0.01
5,dt_multi_no_chain,83,low,15485.59,1,8.44,0,0.003537,0.01
5,dt_multi_no_chain,84,low,41768.29,1,10.75,0,0.003393,0.01
5,dt_multi_no_chain,85,high,2657.38,0,9.07,0,0.011687,0.03
5,dt_multi_no_chain,86,low,33482.93,1,8.55,0,0.002822,0.01
5,dt_multi_no_chain,87,high,9375.94,1,9.04,0,0.012898,0.03
5,dt_multi_no_chain,88,medium,13329.47,0,11.07,0,0.00674,0.02
5,dt_multi_no_chain,89,medium,18490.96,0,8.4,0,0.006676,0.02
5,dt_multi_no_chain,90,medium,11529.36,1,7.87,0,0.005762,0.02
5,dt_multi_no_chain,91,high,1825.95,1,9.09,0,0.010987,0.03
5,dt_multi_no_chain,92,low,17649.06,1,6.63,0,0.002242,0.01
5,dt_multi_no_chain,93,low,47168.5,1,8.72,0,0.001946,0.01
5,dt_multi_no_chain,94,medium,13330.39,1,7.6,0,0.006202,0.02
5,dt_multi_no_chain,95,medium,1451.72,1,9.48,0,0.004808,0.02
5,dt_multi_no_chain,96,high,744.55,0,8.62,1,0.013703,0.03
5,dt_multi_no_chain,97,high,741.92,1,6.54,0,0.009337,0.03
5,dt_multi_no_chain,98,high,2538.85,0,11.12,1,0.01223,0.03
5,dt_multi_no_chain,99,low,43568.94,1,9.51,0,0.001592,0.01
5,dt_multi_no_chain,100,low,27727.18,1,11.04,0,0.002599,0.01
5,dt_multi_no_chain,101,medium,2526.76,1,10.05,0,0.005111,0.02
5,dt_multi_no_chain,102,medium,9729.07,1,9.85,1,0.008098,0.02
5,dt_multi_no_chain,103,medium,7572.27,1,8.11,0,0.005167,0.02
5,dt_multi_no_chain,104,high,2178.37,1,8.67,0,0.013791,0.03
5,dt_multi_no_chain,105,high,1101.75,1,9.51,0,0.010296,0.03
5,dt_multi_no_chain,106,high,741.6,0,9.62,0,0.012896,0.03
5,dt_multi_no_chain,107,high,381.32,1,6.48,0,0.012322,0.03
5,dt_multi_no_chain,108,low,33847.8,1,7.22,0,0.002301,0.01
5,dt_multi_no_chain,109,high,1462.98,1,8.39,0,0.01387,0.03
5,dt_multi_no_chain,110,high,1101.93,1,8.33,0,0.011535,0.03
5,dt_multi_no_chain,111,medium,4330.34,1,11.59,0,0.005594,0.02
5,dt_multi_no_chain,112,high,5060.97,0,9.21,1,0.012826,0.03
5,dt_multi_no_chain,113,high,384.17,0,9.01,0,0.012767,0.03
5,dt_multi_no_chain,114,high,3981.63,0,6.3,0,0.01051,0.03
5,dt_multi_no_chain,115,medium,9730.98,1,9.83,0,0.005229,0.02
5,dt_multi_no_chain,116,low,14403.45,1,10.97,0,0.002601,0.01
5,dt_multi_no_chain,117,low,21966.01,1,11.79,0,0.002948,0.01
5,dt_multi_no_chain,118,high,2537.81,1,10.52,0,0.012019,0.03
5,dt_multi_no_chain,119,medium,3969.24,1,8.05,0,0.00595,0.02
6,dt_multi_no_chain,0,high,1101.31,0,8.06,0,0.011303,0.03
6,dt_multi_no_chain,1,low,25565.61,1,10.59,0,0.00296,0.01
6,dt_multi_no_chain,2,medium,14050.68,1,10.24,0,0.005236,0.02
6,dt_multi_no_chain,3,medium,7569.98,1,7.97,0,0.005479,0.02
6,dt_multi_no_chain,4,low,31324.89,1,8.07,0,0.003286,0.01
6,dt_multi_no_chain,5,high,741.98,0,10.43,1,0.010081,0.03
6,dt_multi_no_chain,6,medium,15491.19,1,10.25,0,0.00535,0.02
6,dt_multi_no_chain,7,low,44283.32,0,12.01,0,0.002468,0.01
6,dt_multi_no_chain,8,medium,2528.71,1,8.62,0,0.005947,0.02
6,dt_multi_no_chain,9,medium,2175.29,0,6.25,0,0.006636,0.02
6,dt_multi_no_chain,10,low,39606.76,1,7.8,0,0.001546,0.01
6,dt_multi_no_chain,11,low,25565.2,1,10.88,0,0.002827,0.01
6,dt_multi_no_chain,12,medium,11171.24,0,7.97,1,0.005607,0.02
6,dt_multi_no_chain,13,medium,23410.65,0,8.69,0,0.005236,0.02
6,dt_multi_no_chain,14,medium,3971.81,1,6.88,0,0.008562,0.02
6,dt_multi_no_chain,15,high,1460.82,0,5.83,0,0.015244,0.03
6,dt_multi_no_chain,16,low,34208.28,1,8.79,0,0.002923,0.01
6,dt_multi_no_chain,17,high,1100.62,1,11.08,1,0.010052,0.03
6,dt_multi_no_chain,18,high,4700.69,1,9.0,0,0.013443,0.03
6,dt_multi_no_chain,19,medium,5411.55,1,9.35,0,0.006998,0.02
6,dt_multi_no_chain,20,high,3981.68,1,10.95,0,0.010491,0.03
6,dt_multi_no_chain,21,high,381.11,0,6.39,0,0.011346,0.03
6,dt_multi_no_chain,22,high,741.01,0,4.72,0,0.011102,0.03
6,dt_multi_no_chain,23,high,738.76,0,8.46,0,0.011147,0.03
6,dt_multi_no_chain,24,low,19444.8,0,7.76,0,0.002955,0.01
6,dt_multi_no_chain,25,medium,3608.55,1,9.74,1,0.005031,0.02
6,dt_multi_no_chain,26,medium,5771.91,1,12.17,0,0.006932,0.02
6,dt_multi_no_chain,27,low,32047.2,1,10.09,0,0.003361,0.01
6,dt_multi_no_chain,28,high,1100.09,0,10.54,1,0.012022,0.03
6,dt_multi_no_chain,29,low,32048.63,1,11.57,0,0.003106,0.01
6,dt_multi_no_chain,30,medium,18849.91,0,9.11,0,0.004652,0.02
6,dt_multi_no_chain,31,medium,23530.49,0,10.31,0,0.005227,0.02
6,dt_multi_no_chain,32,medium,11526.88,0,12.31,1,0.005805,0.02
6,dt_multi_no_chain,33,high,1821.8,1,5.44,0,0.010776,0.03
6,dt_multi_no_chain,34,medium,8288.84,1,11.6,1,0.005747,0.02
6,dt_multi_no_chain,35,low,28091.33,1,5.47,0,0.003475,0.01
6,dt_multi_no_chain,36,low,28087.45,0,10.29,0,0.003073,0.01
6,dt_multi_no_chain,37,low,13685.18,1,9.93,1,0.00261,0.01
6,dt_multi_no_chain,38,medium,3969.7,1,8.87,0,0.006897,0.02
6,dt_multi_no_chain,39,medium,4332.67,0,7.25,0,0.006492,0.02
6,dt_multi_no_chain,40,medium,2531.98,1,9.43,0,0.006505,0.02
6,dt_multi_no_chain,41,high,2185.15,0,11.3,0,0.014087,0.03
6,dt_multi_no_chain,42,low,14403.61,1,9.36,0,0.003334,0.01
6,dt_multi_no_chain,43,high,1100.45,0,10.31,0,0.014029,0.03
6,dt_multi_no_chain,44,high,744.8,1,7.59,0,0.010504,0.03
6,dt_multi_no_chain,45,high,1820.43,0,12.9,0,0.010083,0.03
6,dt_multi_no_chain,46,high,379.53,0,9.88,0,0.019422,0.03
6,dt_multi_no_chain,47,high,1221.13,0,11.93,0,0.012287,0.03
6,dt_multi_no_chain,48,medium,26649.02,1,9.9,0,0.004638,0.02
6,dt_multi_no_chain,49,medium,10808.43,1,7.52,0,0.006772,0.02
6,dt_multi_no_chain,50,low,28805.8,1,7.24,0,0.002391,0.01
6,dt_multi_no_chain,51,high,142.1,0,10.42,0,0.013547,0.03
6,dt_multi_no_chain,52,medium,10091.17,1,7.46,1,0.005631,0.02
6,dt_multi_no_chain,53,low,42128.09,1,12.54,0,0.002383,0.01
6,dt_multi_no_chain,54,low,34925.03,1,7.72,0,0.003,0.01
6,dt_multi_no_chain,55,low,27725.77,1,10.24,0,0.003481,0.01
6,dt_multi_no_chain,56,medium,15491.78,0,11.47,0,0.007018,0.02
6,dt_multi_no_chain,57,high,8659.21,0,8.71,0,0.01158,0.03
6,dt_multi_no_chain,58,medium,7208.9,1,11.67,0,0.006159,0.02
6,dt_multi_no_chain,59,high,3261.65,1,3.13,0,0.014605,0.03
6,dt_multi_no_chain,60,medium,369.58,1,8.02,0,0.004976,0.02
6,dt_multi_no_chain,61,high,8302.0,0,8.76,0,0.008398,0.03
6,dt_multi_no_chain,62,low,26645.19,1,6.15,1,0.002569,0.01
6,dt_multi_no_chain,63,medium,6133.52,1,9.41,0,0.004296,0.02
6,dt_multi_no_chain,64,high,744.92,0,4.16,0,0.012784,0.03
6,dt_multi_no_chain,65,low,37444.53,1,6.19,0,0.003083,0.01
6,dt_multi_no_chain,66,medium,13330.31,1,6.19,0,0.005995,0.02
6,dt_multi_no_chain,67,high,2898.15,0,6.09,0,0.010149,0.03
6,dt_multi_no_chain,68,high,3260.72,0,9.75,0,0.009853,0.03
6,dt_multi_no_chain,69,medium,4327.76,0,8.87,0,0.006938,0.02
6,dt_multi_no_chain,70,low,26645.75,1,7.43,0,0.003879,0.01
6,dt_multi_no_chain,71,high,1819.1,0,10.04,0,0.013362,0.03
6,dt_multi_no_chain,72,medium,12970.42,1,9.29,0,0.006055,0.02
6,dt_multi_no_chain,73,low,39606.11,1,5.65,0,0.002883,0.01
6,dt_multi_no_chain,74,medium,23410.25,1,7.68,0,0.004373,0.02
6,dt_multi_no_chain,75,medium,11169.59,1,10.64,0,0.005377,0.02
6,dt_multi_no_chain,76,high,740.63,1,7.63,0,0.012191,0.03
6,dt_multi_no_chain,77,low,53284.65,1,10.66,0,0.002452,0.01
6,dt_multi_no_chain,78,medium,1812.01,1,9.85,0,0.006956,0.02
6,dt_multi_no_chain,79,high,1105.82,1,6.59,0,0.015894,0.03
6,dt_multi_no_chain,80,medium,22692.34,1,4.75,0,0.003903,0.02
6,dt_multi_no_chain,81,low,22684.41,1,11.1,0,0.003771,0.01
6,dt_multi_no_chain,82,medium,4688.69,1,7.74,0,0.005063,0.02
6,dt_multi_no_chain,83,high,1098.62,1,7.41,0,0.008549,0.03
6,dt_multi_no_chain,84,high,6860.79,1,7.08,0,0.009372,0.03
6,dt_multi_no_chain,85,medium,15849.64,1,8.1,1,0.005753,0.02
6,dt_multi_no_chain,86,high,1818.76,0,7.9,1,0.010033,0.03
6,dt_multi_no_chain,87,high,382.04,0,7.17,0,0.016268,0.03
6,dt_multi_no_chain,88,medium,10811.1,1,6.93,0,0.005994,0.02
6,dt_multi_no_chain,89,high,4335.99,0,8.5,0,0.009148,0.03
6,dt_multi_no_chain,90,low,35650.67,1,10.16,0,0.003106,0.01
6,dt_multi_no_chain,91,medium,7211.95,1,10.0,0,0.005256,0.02
6,dt_multi_no_chain,92,low,6126.05,1,8.39,0,0.002217,0.01
6,dt_multi_no_chain,93,medium,19090.56,1,6.38,0,0.005708,0.02
6,dt_multi_no_chain,94,high,21.64,0,9.47,0,0.012421,0.03
6,dt_multi_no_chain,95,high,2181.23,1,5.26,0,0.009309,0.03
6,dt_multi_no_chain,96,high,4701.64,1,10.03,0,0.009358,0.03
6,dt_multi_no_chain,97,medium,5529.35,0,6.3,0,0.00791,0.02
6,dt_multi_no_chain,98,medium,4330.74,0,9.11,0,0.007067,0.02
6,dt_multi_no_chain,99,medium,12973.11,1,9.05,0,0.006524,0.02
6,dt_multi_no_chain,100,low,20166.44,1,10.2,0,0.002309,0.01
6,dt_multi_no_chain,101,medium,14771.9,0,8.5,0,0.006381,0.02
6,dt_multi_no_chain,102,low,31323.27,1,8.47,0,0.002997,0.01
6,dt_multi_no_chain,103,high,741.67,1,9.11,0,0.008463,0.03
6,dt_multi_no_chain,104,low,11885.73,1,6.75,0,0.003447,0.01
6,dt_multi_no_chain,105,medium,7209.47,0,12.89,0,0.007134,0.02
6,dt_multi_no_chain,106,medium,1451.88,1,8.65,0,0.005392,0.02
6,dt_multi_no_chain,107,medium,4691.13,1,15.67,0,0.005722,0.02
6,dt_multi_no_chain,108,high,2540.25,1,7.9,1,0.01265,0.03
6,dt_multi_no_chain,109,low,19801.25,1,9.52,0,0.002791,0.01
6,dt_multi_no_chain,110,high,5421.07,1,9.89,0,0.015913,0.03
6,dt_multi_no_chain,111,medium,9008.88,1,3.62,0,0.006492,0.02
6,dt_multi_no_chain,112,high,1101.59,0,10.98,0,0.01247,0.03
6,dt_multi_no_chain,113,low,21966.12,1,9.2,0,0.003323,0.01
6,dt_multi_no_chain,114,low,46081.53,1,8.94,1,0.002513,0.01
6,dt_multi_no_chain,115,high,22.57,1,10.69,0,0.012335,0.03
6,dt_multi_no_chain,116,medium,15490.52,1,8.54,1,0.006925,0.02
6,dt_multi_no_chain,117,high,6140.62,0,8.7,0,0.014127,0.03
6,dt_multi_no_chain,118,high,380.07,0,8.4,0,0.008981,0.03
6,dt_multi_no_chain,119,high,2539.7,1,7.23,0,0.012512,0.03
7,dt_multi_no_chain,0,high,1822.62,1,7.16,0,0.009706,0.03
7,dt_multi_no_chain,1,high,3980.81,1,11.9,0,0.014473,0.03
7,dt_multi_no_chain,2,medium,12970.08,0,12.76,1,0.006014,0.02
7,dt_multi_no_chain,3,low,18369.22,1,10.3,0,0.003681,0.01
7,dt_multi_no_chain,4,low,27005.07,1,8.81,0,0.003242,0.01
7,dt_multi_no_chain,5,medium,16213.53,1,11.18,0,0.00576,0.02
7,dt_multi_no_chain,6,high,2181.99,1,10.66,0,0.012693,0.03
7,dt_multi_no_chain,7,high,3982.9,1,9.26,0,0.009953,0.03
7,dt_multi_no_chain,8,low,28085.58,1,8.94,1,0.004046,0.01
7,dt_multi_no_chain,9,low,25205.59,1,6.58,1,0.003503,0.01
7,dt_multi_no_chain,10,medium,9013.58,1,7.6,0,0.005631,0.02
7,dt_multi_no_chain,11,medium,3970.94,1,5.84,0,0.006206,0.02
7,dt_multi_no_chain,12,high,3264.26,0,8.66,0,0.012424,0.03
7,dt_multi_no_chain,13,medium,11530.58,1,11.82,0,0.006619,0.02
7,dt_multi_no_chain,14,low,32049.38,1,9.01,0,0.002933,0.01
7,dt_multi_no_chain,15,high,3260.79,1,11.01,0,0.013408,0.03
7,dt_multi_no_chain,16,high,2181.44,0,10.7,0,0.014027,0.03
7,dt_multi_no_chain,17,low,36726.97,1,8.22,0,0.002905,0.01
7,dt_multi_no_chain,18,high,860.37,0,8.94,0,0.011108,0.03
7,dt_multi_no_chain,19,low,38525.4,1,7.36,0,0.003274,0.01
7,dt_multi_no_chain,20,medium,7213.14,1,9.61,0,0.007066,0.02
7,dt_multi_no_chain,21,low,42844.17,1,6.44,0,0.00281,0.01
7,dt_multi_no_chain,22,medium,5053.15,1,9.99,0,0.005545,0.02
7,dt_multi_no_chain,23,medium,4691.71,1,13.61,0,0.00601,0.02
7,dt_multi_no_chain,24,high,5424.8,1,11.51,0,0.008548,0.03
7,dt_multi_no_chain,25,high,2543.19,1,6.01,1,0.009106,0.03
7,dt_multi_no_chain,26,high,1462.69,1,12.14,0,0.012067,0.03
7,dt_multi_no_chain,27,low,42847.73,1,8.05,0,0.002468,0.01
7,dt_multi_no_chain,28,low,29166.79,1,7.69,0,0.003122,0.01
7,dt_multi_no_chain,29,high,3262.51,1,11.54,1,0.011825,0.03
7,dt_multi_no_chain,30,low,41402.13,1,9.62,0,0.00246,0.01
7,dt_multi_no_chain,31,high,382.42,0,6.09,0,0.012161,0.03
7,dt_multi_no_chain,32,low,41769.29,1,7.32,0,0.00276,0.01
7,dt_multi_no_chain,33,high,1820.89,1,9.3,1,0.014769,0.03
7,dt_multi_no_chain,34,medium,20532.57,1,11.03,0,0.004205,0.02
7,dt_multi_no_chain,35,low,38886.63,1,11.36,0,0.003373,0.01
7,dt_multi_no_chain,36,high,3623.94,1,11.76,0,0.013565,0.03
7,dt_multi_no_chain,37,high,382.18,1,10.32,0,0.010607,0.03
7,dt_multi_no_chain,38,medium,24489.75,1,9.07,0,0.005297,0.02
7,dt_multi_no_chain,39,medium,5406.27,1,8.21,1,0.00608,0.02
7,dt_multi_no_chain,40,low,37802.79,1,11.36,1,0.002962,0.01
7,dt_multi_no_chain,41,low,25208.59,1,12.72,0,0.003096,0.01
7,dt_multi_no_chain,42,high,742.32,0,3.74,0,0.013782,0.03
7,dt_multi_no_chain,43,medium,5049.42,1,10.01,0,0.00701,0.02
7,dt_multi_no_chain,44,high,7577.01,1,8.06,0,0.015734,0.03
7,dt_multi_no_chain,45,medium,6492.02,1,8.94,0,0.008129,0.02
7,dt_multi_no_chain,46,medium,2532.81,1,10.83,0,0.007002,0.02
7,dt_multi_no_chain,47,high,1098.75,0,7.37,0,0.011716,0.03
7,dt_multi_no_chain,48,medium,10449.87,0,8.76,0,0.005157,0.02
7,dt_multi_no_chain,49,low,16926.37,1,6.36,0,0.003308,0.01
7,dt_multi_no_chain,50,high,381.74,0,7.55,0,0.012434,0.03
7,dt_multi_no_chain,51,medium,6854.7,0,10.33,1,0.005854,0.02
7,dt_multi_no_chain,52,medium,20890.24,1,9.12,0,0.005195,0.02
7,dt_multi_no_chain,53,low,33490.99,1,7.21,0,0.00297,0.01
7,dt_multi_no_chain,54,low,26645.31,1,8.3,0,0.003389,0.01
7,dt_multi_no_chain,55,medium,5410.8,1,11.15,0,0.007129,0.02
7,dt_multi_no_chain,56,medium,7214.6,1,10.45,0,0.008163,0.02
7,dt_multi_no_chain,57,high,1102.37,1,8.84,0,0.007775,0.03
7,dt_multi_no_chain,58,medium,18374.77,1,6.3,0,0.007482,0.02
7,dt_multi_no_chain,59,medium,16572.43,1,10.92,0,0.006271,0.02
7,dt_multi_no_chain,60,high,1102.42,1,9.09,0,0.012621,0.03
7,dt_multi_no_chain,61,low,33488.04,1,11.72,0,0.003127,0.01
7,dt_multi_no_chain,62,medium,3252.1,1,6.63,0,0.006834,0.02
7,dt_multi_no_chain,63,high,7221.07,0,12.39,0,0.01461,0.03
7,dt_multi_no_chain,64,medium,15128.45,1,6.96,0,0.005339,0.02
7,dt_multi_no_chain,65,low,7925.4,1,10.51,0,0.003324,0.01
7,dt_multi_no_chain,66,low,22687.33,1,8.72,0,0.003344,0.01
7,dt_multi_no_chain,67,low,34205.26,1,6.03,1,0.002961,0.01
7,dt_multi_no_chain,68,medium,12253.06,0,8.83,0,0.007147,0.02
7,dt_multi_no_chain,69,medium,8771.63,0,15.48,0,0.00609,0.02
7,dt_multi_no_chain,70,low,24966.43,0,4.36,0,0.003209,0.01
7,dt_multi_no_chain,71,low,38283.41,0,9.77,0,0.002928,0.01
7,dt_multi_no_chain,72,medium,12970.97,0,8.89,1,0.006936,0.02
7,dt_multi_no_chain,73,low,34927.2,1,5.83,0,0.003118,0.01
7,dt_multi_no_chain,74,high,860.53,0,9.05,0,0.012215,0.03
7,dt_multi_no_chain,75,medium,3611.28,1,11.26,0,0.00572,0.02
7,dt_multi_no_chain,76,low,28807.69,1,7.69,0,0.002969,0.01
7,dt_multi_no_chain,77,medium,18735.83,1,7.85,0,0.005476,0.02
7,dt_multi_no_chain,78,medium,5049.13,0,9.68,1,0.006271,0.02
7,dt_multi_no_chain,79,high,5062.72,0,6.21,0,0.012317,0.03
7,dt_multi_no_chain,80,high,3981.76,0,9.27,0,0.010032,0.03
7,dt_multi_no_chain,81,high,382.81,1,11.85,0,0.011893,0.03
7,dt_multi_no_chain,82,medium,3615.49,1,9.89,0,0.006689,0.02
7,dt_multi_no_chain,83,medium,22330.92,0,10.21,0,0.005594,0.02
7,dt_multi_no_chain,84,high,1819.37,0,11.22,0,0.014416,0.03
7,dt_multi_no_chain,85,low,36729.61,1,7.18,0,0.002928,0.01
7,dt_multi_no_chain,86,high,1098.39,0,11.55,0,0.010058,0.03
7,dt_multi_no_chain,87,high,2183.19,1,6.87,0,0.013039,0.03
7,dt_multi_no_chain,88,low,33483.28,1,11.21,1,0.002961,0.01
7,dt_multi_no_chain,89,medium,10450.67,1,11.66,0,0.006283,0.02
7,dt_multi_no_chain,90,high,6501.52,1,9.85,0,0.00944,0.03
7,dt_multi_no_chain,91,medium,1452.4,1,9.44,0,0.007203,0.02
7,dt_multi_no_chain,92,high,1103.55,1,10.78,0,0.010726,0.03
7,dt_multi_no_chain,93,high,4341.57,0,8.4,0,0.014305,0.03
7,dt_multi_no_chain,94,high,21.42,0,5.25,0,0.015765,0.03
7,dt_multi_no_chain,95,low,3241.76,1,7.99,0,0.002891,0.01
7,dt_multi_no_chain,96,low,19446.03,1,9.79,0,0.003462,0.01
7,dt_multi_no_chain,97,medium,12970.29,1,8.84,0,0.005619,0.02
7,dt_multi_no_chain,98,medium,3612.16,1,9.5,0,0.005805,0.02
7,dt_multi_no_chain,99,low,18725.9,1,9.36,0,0.003406,0.01
7,dt_multi_no_chain,100,high,382.82,1,7.67,0,0.013531,0.03
7,dt_multi_no_chain,101,low,38884.72,1,10.82,0,0.003194,0.01
7,dt_multi_no_chain,102,medium,7689.28,0,9.99,0,0.006544,0.02
7,dt_multi_no_chain,103,high,1459.06,1,8.76,0,0.011746,0.03
7,dt_multi_no_chain,104,medium,734.29,0,10.39,0,0.006442,0.02
7,dt_multi_no_chain,105,high,2542.01,0,9.85,0,0.008532,0.03
7,dt_multi_no_chain,106,low,29526.25,1,10.82,0,0.002383,0.01
7,dt_multi_no_chain,107,medium,1449.36,1,8.47,0,0.007059,0.02
7,dt_multi_no_chain,108,high,3263.27,1,10.07,0,0.010753,0.03
7,dt_multi_no_chain,109,medium,2889.42,1,5.03,0,0.0056,0.02
7,dt_multi_no_chain,110,high,744.99,0,11.23,0,0.012461,0.03
7,dt_multi_no_chain,111,low,29887.47,1,8.04,0,0.003225,0.01
7,dt_multi_no_chain,112,medium,24491.04,1,11.1,0,0.005092,0.02
7,dt_multi_no_chain,113,medium,20890.81,0,9.26,0,0.00392,0.02
7,dt_multi_no_chain,114,high,1819.01,0,8.53,0,0.01096,0.03
7,dt_multi_no_chain,115,high,1100.15,1,7.19,0,0.014245,0.03
7,dt_multi_no_chain,116,low,27727.34,1,9.2,0,0.003869,0.01
7,dt_multi_no_chain,117,low,41401.0,1,10.42,1,0.002844,0.01
7,dt_multi_no_chain,118,medium,15852.24,1,8.31,0,0.006634,0.02
7,dt_multi_no_chain,119,high,1821.69,0,11.98,0,0.015214,0.03
8,dt_multi_no_chain,0,medium,6848.61,1,7.38,1,0.007711,0.02
8,dt_multi_no_chain,1,medium,19454.23,0,9.84,0,0.005289,0.02
8,dt_multi_no_chain,2,low,40323.94,1,10.71,0,0.003219,0.01
8,dt_multi_no_chain,3,low,31689.11,1,7.7,0,0.003549,0.01
8,dt_multi_no_chain,4,low,35645.3,1,7.66,0,0.002559,0.01
8,dt_multi_no_chain,5,high,5058.96,0,7.03,1,0.014933,0.03
8,dt_multi_no_chain,6,medium,9729.93,1,10.06,0,0.006369,0.02
8,dt_multi_no_chain,7,high,1461.24,1,6.4,0,0.011354,0.03
8,dt_multi_no_chain,8,high,382.39,1,5.53,0,0.013834,0.03
8,dt_multi_no_chain,9,medium,3968.7,1,9.26,1,0.005208,0.02
8,dt_multi_no_chain,10,medium,21254.71,1,8.25,0,0.004428,0.02
8,dt_multi_no_chain,11,medium,25574.19,1,8.5,0,0.004907,0.02
8,dt_multi_no_chain,12,high,4341.22,1,10.62,0,0.011759,0.03
8,dt_multi_no_chain,13,low,33128.25,1,10.35,0,0.003859,0.01
8,dt_multi_no_chain,14,low,39367.18,0,4.52,0,0.003555,0.01
8,dt_multi_no_chain,15,low,29888.04,1,10.46,0,0.003145,0.01
8,dt_multi_no_chain,16,low,29528.12,1,6.94,0,0.003093,0.01
8,dt_multi_no_chain,17,medium,1571.98,0,8.97,1,0.004844,0.02
8,dt_multi_no_chain,18,medium,10810.92,0,8.93,0,0.006244,0.02
8,dt_multi_no_chain,19,low,2885.12,1,10.94,1,0.003933,0.01
8,dt_multi_no_chain,20,low,24483.02,1,5.95,0,0.003223,0.01
8,dt_multi_no_chain,21,high,3259.34,0,5.69,0,0.014484,0.03
8,dt_multi_no_chain,22,high,382.21,1,8.87,0,0.011693,0.03
8,dt_multi_no_chain,23,low,22325.99,1,8.59,1,0.002225,0.01
8,dt_multi_no_chain,24,low,23402.67,0,11.27,0,0.003268,0.01
8,dt_multi_no_chain,25,high,1824.44,1,8.32,0,0.013034,0.03
8,dt_multi_no_chain,26,medium,729.7,1,7.88,0,0.006465,0.02
8,dt_multi_no_chain,27,low,17644.94,1,10.25,0,0.003154,0.01
8,dt_multi_no_chain,28,low,30245.26,1,9.4,0,0.003446,0.01
8,dt_multi_no_chain,29,high,742.04,0,11.67,0,0.011852,0.03
8,dt_multi_no_chain,30,high,1819.92,0,6.32,1,0.011804,0.03
8,dt_multi_no_chain,31,high,1101.11,1,8.68,0,0.011724,0.03
8,dt_multi_no_chain,32,low,32764.42,1,9.32,0,0.003342,0.01
8,dt_multi_no_chain,33,medium,4331.97,1,12.59,1,0.003804,0.02
8,dt_multi_no_chain,34,low,36364.45,1,9.92,0,0.002718,0.01
8,dt_multi_no_chain,35,high,1101.15,0,7.83,0,0.012448,0.03
8,dt_multi_no_chain,36,high,4340.14,0,8.1,0,0.013364,0.03
8,dt_multi_no_chain,37,high,380.97,0,10.46,1,0.012517,0.03
8,dt_multi_no_chain,38,medium,6491.07,1,6.94,1,0.009008,0.02
8,dt_multi_no_chain,39,medium,1813.09,0,12.61,0,0.007757,0.02
8,dt_multi_no_chain,40,low,28445.95,1,8.08,0,0.003174,0.01
8,dt_multi_no_chain,41,medium,16206.22,1,7.93,1,0.006197,0.02
8,dt_multi_no_chain,42,high,740.53,0,9.66,0,0.011972,0.03
8,dt_multi_no_chain,43,high,3985.27,0,8.82,0,0.011162,0.03
8,dt_multi_no_chain,44,low,38886.9,1,8.06,0,0.003351,0.01
8,dt_multi_no_chain,45,medium,15129.43,1,9.79,0,0.007883,0.02
8,dt_multi_no_chain,46,medium,732.53,1,8.97,0,0.005677,0.02
8,dt_multi_no_chain,47,low,20526.59,1,10.39,1,0.003643,0.01
8,dt_multi_no_chain,48,high,1101.39,1,6.76,0,0.013425,0.03
8,dt_multi_no_chain,49,medium,9006.75,1,6.7,1,0.006889,0.02
8,dt_multi_no_chain,50,low,18845.63,0,8.94,0,0.003639,0.01
8,dt_multi_no_chain,51,medium,9368.23,1,12.73,0,0.004309,0.02
8,dt_multi_no_chain,52,low,38526.22,1,13.03,0,0.003243,0.01
8,dt_multi_no_chain,53,low,6125.71,1,10.58,0,0.002271,0.01
8,dt_multi_no_chain,54,high,1098.25,1,4.9,1,0.013018,0.03
8,dt_multi_no_chain,55,high,381.2,1,11.36,0,0.013283,0.03
8,dt_multi_no_chain,56,low,16566.59,1,11.26,0,0.003643,0.01
8,dt_multi_no_chain,57,low,33966.4,0,8.94,0,0.002209,0.01
8,dt_multi_no_chain,58,medium,12610.72,1,12.6,0,0.004751,0.02
8,dt_multi_no_chain,59,medium,12613.98,1,12.02,0,0.00487,0.02
8,dt_multi_no_chain,60,medium,3249.31,0,7.07,1,0.0064,0.02
8,dt_multi_no_chain,61,low,42487.3,1,9.99,0,0.002713,0.01
8,dt_multi_no_chain,62,low,37084.71,1,7.45,0,0.00369,0.01
8,dt_multi_no_chain,63,low,33844.48,1,7.26,0,0.003369,0.01
8,dt_multi_no_chain,64,low,45123.75,0,10.29,1,0.001814,0.01
8,dt_multi_no_chain,65,low,14046.99,0,8.36,0,0.002796,0.01
8,dt_multi_no_chain,66,low,44647.32,1,5.72,0,0.003007,0.01
8,dt_multi_no_chain,67,high,2301.77,0,9.11,0,0.013614,0.03
8,dt_multi_no_chain,68,low,10444.19,1,7.25,0,0.00268,0.01
8,dt_multi_no_chain,69,high,737.97,1,11.77,0,0.015519,0.03
8,dt_multi_no_chain,70,high,6863.91,0,8.99,0,0.012663,0.03
8,dt_multi_no_chain,71,high,22.01,0,10.55,0,0.009156,0.03
8,dt_multi_no_chain,72,high,1101.42,0,8.89,0,0.014299,0.03
8,dt_multi_no_chain,73,medium,7569.9,1,5.77,0,0.006377,0.02
8,dt_multi_no_chain,74,high,1821.88,0,9.56,0,0.012724,0.03
8,dt_multi_no_chain,75,high,9017.74,1,9.61,0,0.010857,0.03
8,dt_multi_no_chain,76,medium,2891.38,1,8.61,0,0.006619,0.02
8,dt_multi_no_chain,77,low,26645.89,1,10.86,0,0.003631,0.01
8,dt_multi_no_chain,78,low,23764.22,1,7.1,1,0.003075,0.01
8,dt_multi_no_chain,79,high,3740.51,0,9.31,0,0.013647,0.03
8,dt_multi_no_chain,80,low,28805.41,1,8.59,0,0.002973,0.01
8,dt_multi_no_chain,81,medium,6132.49,1,9.53,0,0.007566,0.02
8,dt_multi_no_chain,82,high,2182.1,1,6.25,0,0.012097,0.03
8,dt_multi_no_chain,83,high,381.45,1,11.57,0,0.012345,0.03
8,dt_multi_no_chain,84,medium,11171.66,1,11.06,0,0.007005,0.02
8,dt_multi_no_chain,85,low,36365.23,1,7.87,1,0.002546,0.01
8,dt_multi_no_chain,86,low,25924.83,1,7.81,0,0.003156,0.01
8,dt_multi_no_chain,87,low,26646.22,1,7.31,0,0.002945,0.01
8,dt_multi_no_chain,88,medium,13693.59,1,8.51,1,0.00701,0.02
8,dt_multi_no_chain,89,high,2178.52,0,5.61,0,0.008537,0.03
8,dt_multi_no_chain,90,low,16208.38,0,8.51,1,0.002934,0.01
8,dt_multi_no_chain,91,high,1939.89,0,7.34,0,0.015876,0.03
8,dt_multi_no_chain,92,high,1458.62,0,10.86,0,0.009626,0.03
8,dt_multi_no_chain,93,medium,6851.17,0,8.93,0,0.008141,0.02
8,dt_multi_no_chain,94,low,19806.69,0,9.95,0,0.002433,0.01
8,dt_multi_no_chain,95,low,5404.98,1,9.26,0,0.003364,0.01
8,dt_multi_no_chain,96,medium,12251.18,1,12.95,1,0.00732,0.02
8,dt_multi_no_chain,97,medium,8651.37,1,8.58,0,0.004871,0.02
8,dt_multi_no_chain,98,high,5061.32,1,10.49,0,0.012576,0.03
8,dt_multi_no_chain,99,high,1460.18,1,10.08,0,0.015775,0.03
8,dt_multi_no_chain,100,high,1460.92,0,8.92,0,0.011928,0.03
8,dt_multi_no_chain,101,high,1820.16,0,10.47,0,0.017352,0.03
8,dt_multi_no_chain,102,low,29165.25,1,9.68,0,0.003423,0.01
8,dt_multi_no_chain,103,low,34205.39,1,8.29,1,0.002567,0.01
8,dt_multi_no_chain,104,low,11884.65,1,10.29,0,0.003255,0.01
8,dt_multi_no_chain,105,low,39970.54,1,8.97,0,0.00297,0.01
8,dt_multi_no_chain,106,high,3979.85,1,9.46,0,0.009987,0.03
8,dt_multi_no_chain,107,high,4700.66,1,9.21,0,0.013229,0.03
8,dt_multi_no_chain,108,medium,4334.7,1,8.35,0,0.007761,0.02
8,dt_multi_no_chain,109,high,23.0,1,9.21,0,0.011785,0.03
8,dt_multi_no_chain,110,high,381.28,1,4.35,1,0.00664,0.03
8,dt_multi_no_chain,111,low,42484.37,1,8.62,0,0.002739,0.01
8,dt_multi_no_chain,112,high,4345.09,1,4.34,0,0.013665,0.03
8,dt_multi_no_chain,113,medium,9729.07,1,8.0,1,0.006533,0.02
8,dt_multi_no_chain,114,low,32407.08,1,9.63,1,0.003217,0.01
8,dt_multi_no_chain,115,low,35645.03,0,10.26,1,0.003393,0.01
8,dt_multi_no_chain,116,high,739.56,0,7.79,0,0.012255,0.03
8,dt_multi_no_chain,117,high,739.22,1,11.23,0,0.009705,0.03
8,dt_multi_no_chain,118,medium,4690.61,1,9.67,0,0.007229,0.02
8,dt_multi_no_chain,119,medium,373.76,1,4.04,0,0.005581,0.02
9,dt_multi_no_chain,0,medium,726.19,1,10.2,0,0.004689,0.02
9,dt_multi_no_chain,1,low,6122.13,1,13.01,0,0.003558,0.01
9,dt_multi_no_chain,2,low,24125.04,1,8.63,0,0.002267,0.01
9,dt_multi_no_chain,3,low,22684.76,1,9.13,0,0.003664,0.01
9,dt_multi_no_chain,4,medium,8649.06,1,9.88,0,0.008179,0.02
9,dt_multi_no_chain,5,medium,8647.69,1,5.29,0,0.006183,0.02
9,dt_multi_no_chain,6,medium,3972.53,1,8.26,0,0.006131,0.02
9,dt_multi_no_chain,7,medium,12612.98,1,9.92,0,0.006871,0.02
9,dt_multi_no_chain,8,high,3259.83,0,9.37,1,0.010824,0.03
9,dt_multi_no_chain,9,medium,8290.86,1,11.03,0,0.006756,0.02
9,dt_multi_no_chain,10,low,10803.85,1,9.48,1,0.003647,0.01
9,dt_multi_no_chain,11,high,1101.81,0,6.6,0,0.012162,0.03
9,dt_multi_no_chain,12,medium,7571.17,1,9.25,0,0.006436,0.02
9,dt_multi_no_chain,13,low,18728.71,1,8.63,0,0.004096,0.01
9,dt_multi_no_chain,14,medium,2890.29,0,8.63,0,0.006856,0.02
9,dt_multi_no_chain,15,low,34688.3,0,4.21,1,0.003181,0.01
9,dt_multi_no_chain,16,high,2539.42,0,6.34,0,0.01156,0.03
9,dt_multi_no_chain,17,low,30247.03,1,9.58,0,0.003456,0.01
9,dt_multi_no_chain,18,low,13325.32,1,6.54,0,0.003553,0.01
9,dt_multi_no_chain,19,high,18.48,1,9.41,1,0.011713,0.03
9,dt_multi_no_chain,20,high,4342.87,0,10.46,0,0.011405,0.03
9,dt_multi_no_chain,21,low,16562.0,1,9.09,1,0.003326,0.01
9,dt_multi_no_chain,22,medium,1812.72,1,9.82,0,0.005935,0.02
9,dt_multi_no_chain,23,medium,9368.12,1,12.88,0,0.006283,0.02
9,dt_multi_no_chain,24,low,33127.85,1,7.33,1,0.002439,0.01
9,dt_multi_no_chain,25,high,10458.62,1,12.68,0,0.010365,0.03
9,dt_multi_no_chain,26,medium,2533.18,1,6.9,0,0.006915,0.02
9,dt_multi_no_chain,27,high,381.88,0,9.34,0,0.01538,0.03
9,dt_multi_no_chain,28,high,1464.74,1,8.25,0,0.012484,0.03
9,dt_multi_no_chain,29,medium,9489.7,0,8.83,0,0.005695,0.02
9,dt_multi_no_chain,30,low,15127.98,1,5.71,1,0.003692,0.01
9,dt_multi_no_chain,31,medium,6132.92,0,8.55,0,0.007172,0.02
9,dt_multi_no_chain,32,medium,2172.32,0,8.57,0,0.005635,0.02
9,dt_multi_no_chain,33,medium,13689.84,1,7.18,0,0.005449,0.02
9,dt_multi_no_chain,34,low,22684.91,1,10.27,0,0.003717,0.01
9,dt_multi_no_chain,35,low,29887.0,1,7.7,1,0.002993,0.01
9,dt_multi_no_chain,36,high,1101.21,0,9.06,0,0.01162,0.03
9,dt_multi_no_chain,37,medium,2174.93,0,7.24,1,0.006413,0.02
9,dt_multi_no_chain,38,medium,14409.78,1,10.35,0,0.007524,0.02
9,dt_multi_no_chain,39,high,2543.2,0,6.12,0,0.013987,0.03
9,dt_multi_no_chain,40,high,1942.04,0,12.39,0,0.010672,0.03
9,dt_multi_no_chain,41,low,38166.98,1,8.0,0,0.003231,0.01
9,dt_multi_no_chain,42,low,24489.04,1,8.49,0,0.003064,0.01
9,dt_multi_no_chain,43,high,19.05,1,7.85,0,0.011988,0.03
9,dt_multi_no_chain,44,low,24121.71,1,11.23,0,0.003491,0.01
9,dt_multi_no_chain,45,low,30243.2,1,10.74,0,0.002644,0.01
9,dt_multi_no_chain,46,medium,12609.09,1,9.88,0,0.00388,0.02
9,dt_multi_no_chain,47,high,3260.14,0,10.67,1,0.013624,0.03
9,dt_multi_no_chain,48,high,3258.41,0,9.54,0,0.010408,0.03
9,dt_multi_no_chain,49,medium,2170.07,1,10.02,0,0.005939,0.02
9,dt_multi_no_chain,50,high,3982.16,1,10.83,0,0.009723,0.03
9,dt_multi_no_chain,51,medium,6487.62,0,8.78,0,0.005426,0.02
9,dt_multi_no_chain,52,high,742.04,1,7.67,0,0.012716,0.03
9,dt_multi_no_chain,53,high,1101.33,0,6.07,1,0.01348,0.03
9,dt_multi_no_chain,54,medium,17289.06,0,8.62,0,0.007535,0.02
9,dt_multi_no_chain,55,low,6484.63,0,8.54,1,0.002278,0.01
9,dt_multi_no_chain,56,low,33845.53,1,4.52,0,0.001933,0.01
9,dt_multi_no_chain,57,medium,1089.27,1,13.33,0,0.004707,0.02
9,dt_multi_no_chain,58,low,30246.19,1,5.36,0,0.004245,0.01
9,dt_multi_no_chain,59,high,2902.47,0,11.88,0,0.012482,0.03
9,dt_multi_no_chain,60,high,2537.46,0,8.36,0,0.011931,0.03
9,dt_multi_no_chain,61,high,5423.74,0,8.19,0,0.012613,0.03
9,dt_multi_no_chain,62,high,1457.42,1,11.22,0,0.009692,0.03
9,dt_multi_no_chain,63,medium,2171.69,1,11.25,0,0.00455,0.02
9,dt_multi_no_chain,64,low,24845.36,1,9.81,1,0.002667,0.01
9,dt_multi_no_chain,65,high,380.48,0,9.5,0,0.010449,0.03
9,dt_multi_no_chain,66,medium,16568.03,1,10.2,0,0.006522,0.02
9,dt_multi_no_chain,67,high,1102.12,1,12.17,0,0.010467,0.03
9,dt_multi_no_chain,68,low,39243.46,1,11.21,0,0.002113,0.01
9,dt_multi_no_chain,69,high,5420.79,0,9.09,0,0.010755,0.03
9,dt_multi_no_chain,70,medium,20532.56,1,8.59,0,0.005761,0.02
9,dt_multi_no_chain,71,medium,10450.15,1,7.24,0,0.004872,0.02
9,dt_multi_no_chain,72,high,380.36,0,10.03,0,0.01305,0.03
9,dt_multi_no_chain,73,medium,7933.16,1,10.24,0,0.005712,0.02
9,dt_multi_no_chain,74,high,7582.41,0,7.69,1,0.015276,0.03
9,dt_multi_no_chain,75,high,6142.76,0,9.4,0,0.012077,0.03
9,dt_multi_no_chain,76,medium,15488.26,1,7.02,0,0.005889,0.02
9,dt_multi_no_chain,77,high,743.02,0,8.24,1,0.011001,0.03
9,dt_multi_no_chain,78,high,1458.24,0,6.28,1,0.011934,0.03
9,dt_multi_no_chain,79,medium,369.5,1,5.83,0,0.00645,0.02
9,dt_multi_no_chain,80,high,6857.48,1,7.88,1,0.012239,0.03
9,dt_multi_no_chain,81,low,28084.12,1,7.43,0,0.002537,0.01
9,dt_multi_no_chain,82,low,28088.44,1,8.39,0,0.002484,0.01
9,dt_multi_no_chain,83,high,5782.96,0,6.72,0,0.009747,0.03
9,dt_multi_no_chain,84,medium,11532.82,1,11.75,0,0.006394,0.02
9,dt_multi_no_chain,85,high,1463.79,1,9.82,0,0.013951,0.03
9,dt_multi_no_chain,86,medium,6493.71,1,8.04,0,0.006763,0.02
9,dt_multi_no_chain,87,high,4701.63,1,7.54,0,0.009804,0.03
9,dt_multi_no_chain,88,high,4340.22,0,6.08,0,0.011908,0.03
9,dt_multi_no_chain,89,low,28445.08,1,4.96,1,0.003327,0.01
9,dt_multi_no_chain,90,low,23043.88,1,9.73,0,0.003169,0.01
9,dt_multi_no_chain,91,low,18365.36,1,4.95,0,0.003234,0.01
9,dt_multi_no_chain,92,high,1823.33,1,5.58,0,0.012603,0.03
9,dt_multi_no_chain,93,high,737.62,0,8.33,1,0.013511,0.03
9,dt_multi_no_chain,94,high,1459.7,0,10.31,1,0.014487,0.03
9,dt_multi_no_chain,95,medium,4332.11,1,11.45,1,0.007479,0.02
9,dt_multi_no_chain,96,low,35284.44,1,7.79,0,0.003073,0.01
9,dt_multi_no_chain,97,low,39245.53,1,9.64,0,0.002813,0.01
9,dt_multi_no_chain,98,high,3256.44,1,6.6,1,0.012213,0.03
9,dt_multi_no_chain,99,low,24846.77,1,8.86,0,0.003201,0.01
9,dt_multi_no_chain,100,high,19.93,0,8.67,1,0.013175,0.03
9,dt_multi_no_chain,101,medium,1808.76,1,8.46,0,0.006613,0.02
9,dt_multi_no_chain,102,medium,10449.57,1,7.39,0,0.006113,0.02
9,dt_multi_no_chain,103,low,28085.02,1,7.57,0,0.003574,0.01
9,dt_multi_no_chain,104,high,3262.31,1,9.96,0,0.009512,0.03
9,dt_multi_no_chain,105,high,3981.15,1,8.14,0,0.010635,0.03
9,dt_multi_no_chain,106,low,35048.46,0,9.14,0,0.003062,0.01
9,dt_multi_no_chain,107,low,43204.93,1,10.57,0,0.003203,0.01
9,dt_multi_no_chain,108,high,1097.51,0,6.86,0,0.013443,0.03
9,dt_multi_no_chain,109,high,738.19,0,10.59,0,0.013559,0.03
9,dt_multi_no_chain,110,low,24125.87,1,13.62,0,0.002729,0.01
9,dt_multi_no_chain,111,low,44288.11,1,10.75,0,0.002437,0.01
9,dt_multi_no_chain,112,low,32764.53,1,8.95,0,0.002773,0.01
9,dt_multi_no_chain,113,medium,7934.98,1,6.94,0,0.00581,0.02
9,dt_multi_no_chain,114,low,34926.85,1,11.0,0,0.002931,0.01
9,dt_multi_no_chain,115,low,37088.87,1,5.08,0,0.002911,0.01
9,dt_multi_no_chain,116,medium,2531.58,1,6.7,0,0.005339,0.02
9,dt_multi_no_chain,117,high,5059.01,0,10.96,1,0.015607,0.03
9,dt_multi_no_chain,118,high,3621.49,1,5.22,0,0.013628,0.03
9,dt_multi_no_chain,119,high,1103.55,1,10.44,0,0.007979,0.03
10,dt_multi_no_chain,0,high,23.52,0,11.17,1,0.009232,0.03
10,dt_multi_no_chain,1,medium,9013.29,1,7.56,0,0.003765,0.02
10,dt_multi_no_chain,2,medium,3972.85,1,10.42,0,0.005576,0.02
10,dt_multi_no_chain,3,medium,12610.9,1,11.39,0,0.004014,0.02
10,dt_multi_no_chain,4,high,1461.39,0,10.4,0,0.012695,0.03
10,dt_multi_no_chain,5,low,50045.19,1,8.83,1,0.00255,0.01
10,dt_multi_no_chain,6,medium,15491.32,1,7.21,1,0.007975,0.02
10,dt_multi_no_chain,7,low,32046.04,0,8.59,0,0.003347,0.01
10,dt_multi_no_chain,8,high,5782.97,0,8.96,0,0.010471,0.03
10,dt_multi_no_chain,9,medium,1813.91,1,10.67,0,0.003932,0.02
10,dt_multi_no_chain,10,high,1818.45,0,13.95,0,0.011588,0.03
10,dt_multi_no_chain,11,high,1460.19,1,7.22,0,0.010525,0.03
10,dt_multi_no_chain,12,high,2181.68,1,10.71,0,0.008508,0.03
10,dt_multi_no_chain,13,low,37804.01,1,11.42,0,0.003358,0.01
10,dt_multi_no_chain,14,low,48603.22,0,5.65,0,0.001857,0.01
10,dt_multi_no_chain,15,medium,1451.69,1,10.64,0,0.006193,0.02
10,dt_multi_no_chain,16,high,2179.34,0,6.26,1,0.012036,0.03
10,dt_multi_no_chain,17,high,2899.6,1,8.12,0,0.013937,0.03
10,dt_multi_no_chain,18,high,2902.87,0,6.34,0,0.010595,0.03
10,dt_multi_no_chain,19,high,19.08,0,5.9,0,0.009503,0.03
10,dt_multi_no_chain,20,medium,1451.33,1,10.9,0,0.005682,0.02
10,dt_multi_no_chain,21,low,27009.45,0,9.61,0,0.003171,0.01
10,dt_multi_no_chain,22,low,35646.76,1,11.89,0,0.003033,0.01
10,dt_multi_no_chain,23,low,24125.77,1,9.49,0,0.002917,0.01
10,dt_multi_no_chain,24,low,27728.98,1,10.56,0,0.003438,0.01
10,dt_multi_no_chain,25,medium,9727.74,0,9.8,0,0.007346,0.02
10,dt_multi_no_chain,26,low,14887.81,0,7.37,0,0.002744,0.01
10,dt_multi_no_chain,27,low,36361.55,1,10.92,0,0.003066,0.01
10,dt_multi_no_chain,28,medium,29171.56,1,8.4,0,0.004363,0.02
10,dt_multi_no_chain,29,low,11887.38,1,9.84,0,0.003998,0.01
10,dt_multi_no_chain,30,low,25205.9,1,12.66,0,0.002387,0.01
10,dt_multi_no_chain,31,high,1459.83,0,6.95,0,0.011515,0.03
10,dt_multi_no_chain,32,high,1101.27,1,7.75,1,0.010642,0.03
10,dt_multi_no_chain,33,medium,9013.06,1,8.55,0,0.00621,0.02
10,dt_multi_no_chain,34,high,381.29,1,8.57,0,0.01173,0.03
10,dt_multi_no_chain,35,low,8289.17,1,12.9,0,0.002859,0.01
10,dt_multi_no_chain,36,medium,8652.04,1,9.1,0,0.006436,0.02
10,dt_multi_no_chain,37,medium,5055.1,1,11.46,0,0.006136,0.02
10,dt_multi_no_chain,38,low,33487.34,1,7.44,0,0.003719,0.01
10,dt_multi_no_chain,39,medium,6854.64,1,10.16,1,0.00681,0.02
10,dt_multi_no_chain,40,low,8286.54,1,7.71,0,0.003378,0.01
10,dt_multi_no_chain,41,low,32046.64,1,10.41,0,0.003578,0.01
10,dt_multi_no_chain,42,medium,20529.34,1,8.38,0,0.004294,0.02
10,dt_multi_no_chain,43,medium,12250.18,1,8.0,0,0.004425,0.02
10,dt_multi_no_chain,44,low,29525.66,1,10.75,0,0.003597,0.01
10,dt_multi_no_chain,45,high,2179.26,0,9.25,0,0.01569,0.03
10,dt_multi_no_chain,46,medium,3969.86,1,11.1,0,0.007317,0.02
10,dt_multi_no_chain,47,high,9019.08,0,7.64,1,0.012654,0.03
10,dt_multi_no_chain,48,medium,15851.05,1,7.87,0,0.007785,0.02
10,dt_multi_no_chain,49,low,18004.22,1,7.23,1,0.00383,0.01
10,dt_multi_no_chain,50,low,23405.3,1,10.37,0,0.003281,0.01
10,dt_multi_no_chain,51,low,12247.06,1,6.43,0,0.002641,0.01
10,dt_multi_no_chain,52,low,32408.99,1,9.22,0,0.001913,0.01
10,dt_multi_no_chain,53,low,49685.53,1,11.9,0,0.002754,0.01
10,dt_multi_no_chain,54,medium,11171.27,0,8.14,0,0.00592,0.02
10,dt_multi_no_chain,55,medium,2528.3,1,8.67,0,0.006753,0.02
10,dt_multi_no_chain,56,high,6503.82,1,10.12,0,0.012092,0.03
10,dt_multi_no_chain,57,medium,13691.44,0,10.22,0,0.007391,0.02
10,dt_multi_no_chain,58,low,48966.94,1,8.52,0,0.002768,0.01
10,dt_multi_no_chain,59,low,38887.51,1,8.52,0,0.002803,0.01
10,dt_multi_no_chain,60,high,1099.31,0,9.79,0,0.015701,0.03
10,dt_multi_no_chain,61,low,34566.2,1,6.23,0,0.003132,0.01
10,dt_multi_no_chain,62,low,29164.6,1,10.82,0,0.002939,0.01
10,dt_multi_no_chain,63,high,1821.6,0,9.3,0,0.01074,0.03
10,dt_multi_no_chain,64,high,1826.7,1,8.89,1,0.013565,0.03
10,dt_multi_no_chain,65,high,1461.2,1,8.94,0,0.010313,0.03
10,dt_multi_no_chain,66,medium,3970.91,1,6.07,0,0.006567,0.02
10,dt_multi_no_chain,67,low,43568.26,1,9.78,0,0.002639,0.01
10,dt_multi_no_chain,68,high,21.82,1,11.01,0,0.013873,0.03
10,dt_multi_no_chain,69,medium,14768.93,0,12.2,0,0.005352,0.02
10,dt_multi_no_chain,70,medium,8650.06,0,5.77,0,0.005838,0.02
10,dt_multi_no_chain,71,medium,12969.3,1,7.09,1,0.007131,0.02
10,dt_multi_no_chain,72,low,22686.23,1,11.57,0,0.003249,0.01
10,dt_multi_no_chain,73,low,18726.11,0,4.71,0,0.002619,0.01
10,dt_multi_no_chain,74,medium,2170.59,0,4.77,0,0.006098,0.02
10,dt_multi_no_chain,75,medium,13693.57,1,7.56,1,0.005952,0.02
10,dt_multi_no_chain,76,low,32042.94,1,7.35,0,0.002922,0.01
10,dt_multi_no_chain,77,high,741.27,0,9.71,0,0.015506,0.03
10,dt_multi_no_chain,78,low,43926.53,1,12.46,0,0.002836,0.01
10,dt_multi_no_chain,79,low,23047.31,1,9.81,0,0.003037,0.01
10,dt_multi_no_chain,80,medium,6851.24,1,10.03,0,0.006065,0.02
10,dt_multi_no_chain,81,medium,8654.35,1,9.36,0,0.005869,0.02
10,dt_multi_no_chain,82,medium,6851.4,0,12.28,0,0.006806,0.02
10,dt_multi_no_chain,83,medium,11532.21,0,5.98,0,0.005543,0.02
10,dt_multi_no_chain,84,high,3986.05,0,10.98,0,0.015294,0.03
10,dt_multi_no_chain,85,low,14048.71,1,7.14,0,0.002695,0.01
10,dt_multi_no_chain,86,high,377.34,0,7.27,1,0.008144,0.03
10,dt_multi_no_chain,87,medium,3611.15,1,10.32,0,0.007335,0.02
10,dt_multi_no_chain,88,high,9378.55,0,11.63,0,0.008842,0.03
10,dt_multi_no_chain,89,low,20524.62,1,8.86,1,0.002273,0.01
10,dt_multi_no_chain,90,high,2901.32,1,9.57,0,0.010564,0.03
10,dt_multi_no_chain,91,high,1461.45,0,7.19,0,0.010063,0.03
10,dt_multi_no_chain,92,low,36008.18,1,11.59,0,0.002984,0.01
10,dt_multi_no_chain,93,medium,3612.67,1,9.57,0,0.006404,0.02
10,dt_multi_no_chain,94,high,2180.43,1,14.59,0,0.011711,0.03
10,dt_multi_no_chain,95,medium,5410.72,1,8.29,1,0.006829,0.02
10,dt_multi_no_chain,96,low,37446.33,1,7.09,0,0.003363,0.01
10,dt_multi_no_chain,97,medium,9.18,1,11.61,0,0.00729,0.02
10,dt_multi_no_chain,98,high,7581.85,0,8.47,0,0.012155,0.03
10,dt_multi_no_chain,99,high,737.55,1,11.03,0,0.008763,0.03
10,dt_multi_no_chain,100,high,4700.1,1,6.67,0,0.009111,0.03
10,dt_multi_no_chain,101,high,1462.41,1,9.01,1,0.014386,0.03
10,dt_multi_no_chain,102,medium,12611.67,1,8.57,0,0.006793,0.02
10,dt_multi_no_chain,103,low,33126.23,1,11.53,0,0.002976,0.01
10,dt_multi_no_chain,104,medium,7208.91,1,8.32,0,0.006273,0.02
10,dt_multi_no_chain,105,medium,4695.38,0,9.88,0,0.006698,0.02
10,dt_multi_no_chain,106,low,38523.41,1,5.38,0,0.003317,0.01
10,dt_multi_no_chain,107,low,37807.58,1,10.4,0,0.003152,0.01
10,dt_multi_no_chain,108,medium,1569.19,0,10.29,0,0.006453,0.02
10,dt_multi_no_chain,109,high,2535.0,1,9.4,0,0.015355,0.03
10,dt_multi_no_chain,110,high,3261.51,1,7.74,0,0.011856,0.03
10,dt_multi_no_chain,111,medium,15486.12,1,7.31,0,0.00459,0.02
10,dt_multi_no_chain,112,high,1461.68,1,12.32,0,0.009434,0.03
10,dt_multi_no_chain,113,medium,16572.08,1,8.46,0,0.006277,0.02
10,dt_multi_no_chain,114,medium,23769.02,1,11.57,0,0.005568,0.02
10,dt_multi_no_chain,115,high,8301.19,0,7.0,0,0.014032,0.03
10,dt_multi_no_chain,116,low,29883.85,0,6.76,0,0.003007,0.01
10,dt_multi_no_chain,117,high,742.76,0,9.06,0,0.010489,0.03
10,dt_multi_no_chain,118,high,23.24,1,8.49,0,0.013744,0.03
10,dt_multi_no_chain,119,high,6143.38,1,11.81,0,0.010587,0.03
11,dt_multi_no_chain,0,medium,7208.97,0,7.49,0,0.006064,0.02
11,dt_multi_no_chain,1,medium,14051.55,1,6.02,0,0.006216,0.02
11,dt_multi_no_chain,2,high,1218.34,0,10.28,0,0.013741,0.03
11,dt_multi_no_chain,3,high,22.37,0,8.05,0,0.014977,0.03
11,dt_multi_no_chain,4,low,29163.07,1,10.0,0,0.002887,0.01
11,dt_multi_no_chain,5,high,2179.89,1,14.69,0,0.012398,0.03
11,dt_multi_no_chain,6,low,29888.09,0,8.6,0,0.002795,0.01
11,dt_multi_no_chain,7,medium,5052.5,1,8.24,0,0.00552,0.02
11,dt_multi_no_chain,8,high,20.84,0,6.78,1,0.013977,0.03
11,dt_multi_no_chain,9,medium,10809.01,1,9.67,0,0.006099,0.02
11,dt_multi_no_chain,10,medium,18494.0,0,12.29,0,0.004464,0.02
11,dt_multi_no_chain,11,high,1461.83,0,9.03,1,0.011703,0.03
11,dt_multi_no_chain,12,medium,10095.85,1,7.61,1,0.004836,0.02
11,dt_multi_no_chain,13,high,1821.0,1,4.66,0,0.012926,0.03
11,dt_multi_no_chain,14,medium,7214.33,1,7.66,1,0.005371,0.02
11,dt_multi_no_chain,15,low,20166.75,1,8.99,0,0.003754,0.01
11,dt_multi_no_chain,16,high,5058.74,1,12.12,1,0.011079,0.03
11,dt_multi_no_chain,17,medium,15250.51,0,8.3,0,0.006544,0.02
11,dt_multi_no_chain,18,medium,16208.16,1,10.01,0,0.005065,0.02
11,dt_multi_no_chain,19,high,2181.06,1,9.87,0,0.011273,0.03
11,dt_multi_no_chain,20,low,40803.27,0,9.59,0,0.002503,0.01
11,dt_multi_no_chain,21,low,39965.89,1,7.91,0,0.002941,0.01
11,dt_multi_no_chain,22,high,861.62,0,6.2,0,0.012082,0.03
11,dt_multi_no_chain,23,high,3261.34,1,9.92,0,0.015037,0.03
11,dt_multi_no_chain,24,low,36726.34,1,10.43,0,0.003555,0.01
11,dt_multi_no_chain,25,medium,29168.4,1,11.89,0,0.003028,0.02
11,dt_multi_no_chain,26,high,3259.16,0,9.73,0,0.012969,0.03
11,dt_multi_no_chain,27,low,30245.76,1,8.18,0,0.003585,0.01
11,dt_multi_no_chain,28,low,39961.06,1,4.39,0,0.00264,0.01
11,dt_multi_no_chain,29,high,2898.07,1,10.66,0,0.01185,0.03
11,dt_multi_no_chain,30,high,6501.56,1,15.34,0,0.010344,0.03
11,dt_multi_no_chain,31,low,28807.64,1,6.76,0,0.00259,0.01
11,dt_multi_no_chain,32,low,26649.68,0,9.05,0,0.003734,0.01
11,dt_multi_no_chain,33,high,379.68,0,6.25,0,0.012763,0.03
11,dt_multi_no_chain,34,low,39368.4,0,8.47,0,0.002772,0.01
11,dt_multi_no_chain,35,high,1459.93,0,8.25,0,0.011429,0.03
11,dt_multi_no_chain,36,high,4340.17,1,9.47,0,0.012945,0.03
11,dt_multi_no_chain,37,medium,731.96,1,8.28,1,0.007207,0.02
11,dt_multi_no_chain,38,high,8780.11,0,8.9,0,0.01138,0.03
11,dt_multi_no_chain,39,high,381.02,0,8.95,0,0.009007,0.03
11,dt_multi_no_chain,40,high,2179.87,0,7.91,0,0.01063,0.03
11,dt_multi_no_chain,41,high,6865.97,1,10.69,0,0.012935,0.03
11,dt_multi_no_chain,42,medium,1452.04,1,6.62,0,0.005621,0.02
11,dt_multi_no_chain,43,high,3617.29,1,8.95,0,0.012579,0.03
11,dt_multi_no_chain,44,high,384.38,1,6.94,0,0.012916,0.03
11,dt_multi_no_chain,45,medium,15129.98,1,8.8,1,0.005939,0.02
11,dt_multi_no_chain,46,low,30965.34,1,10.31,0,0.003466,0.01
11,dt_multi_no_chain,47,low,38890.01,1,10.95,0,0.0033,0.01
11,dt_multi_no_chain,48,high,6141.01,0,7.26,0,0.014524,0.03
11,dt_multi_no_chain,49,high,3259.94,0,6.6,1,0.010685,0.03
11,dt_multi_no_chain,50,high,2545.6,1,6.46,0,0.01233,0.03
11,dt_multi_no_chain,51,medium,13331.08,1,6.61,0,0.00708,0.02
11,dt_multi_no_chain,52,medium,7213.27,1,7.38,0,0.00711,0.02
11,dt_multi_no_chain,53,medium,8289.87,1,9.15,0,0.006031,0.02
11,dt_multi_no_chain,54,high,4702.43,0,12.74,1,0.01292,0.03
11,dt_multi_no_chain,55,low,48249.61,0,10.61,0,0.002609,0.01
11,dt_multi_no_chain,56,medium,3972.64,0,8.66,0,0.005283,0.02
11,dt_multi_no_chain,57,medium,3973.11,0,11.6,0,0.008474,0.02
11,dt_multi_no_chain,58,high,380.44,0,10.63,0,0.008072,0.03
11,dt_multi_no_chain,59,medium,5893.92,0,9.94,0,0.005899,0.02
11,dt_multi_no_chain,60,medium,8053.69,0,7.43,1,0.005784,0.02
11,dt_multi_no_chain,61,medium,1810.07,0,9.82,1,0.006212,0.02
11,dt_multi_no_chain,62,medium,6128.81,1,8.76,0,0.008197,0.02
11,dt_multi_no_chain,63,medium,20531.72,0,8.68,0,0.004735,0.02
11,dt_multi_no_chain,64,high,1459.38,0,10.44,0,0.007268,0.03
11,dt_multi_no_chain,65,low,29168.23,1,8.1,0,0.00448,0.01
11,dt_multi_no_chain,66,high,1461.74,1,7.13,0,0.01191,0.03
11,dt_multi_no_chain,67,medium,1450.5,1,8.18,0,0.008676,0.02
11,dt_multi_no_chain,68,low,39969.9,1,7.56,0,0.002747,0.01
11,dt_multi_no_chain,69,low,36004.89,1,6.89,0,0.002861,0.01
11,dt_multi_no_chain,70,low,36130.73,0,12.12,0,0.003664,0.01
11,dt_multi_no_chain,71,medium,9728.65,0,8.88,0,0.006415,0.02
11,dt_multi_no_chain,72,medium,14051.78,1,7.36,1,0.005698,0.02
11,dt_multi_no_chain,73,medium,373.86,1,9.37,0,0.005474,0.02
11,dt_multi_no_chain,74,medium,1093.05,0,6.88,0,0.007683,0.02
11,dt_multi_no_chain,75,low,32408.65,1,10.1,0,0.003191,0.01
11,dt_multi_no_chain,76,high,1461.25,0,8.08,0,0.0158,0.03
11,dt_multi_no_chain,77,low,48246.21,1,10.71,0,0.001972,0.01
11,dt_multi_no_chain,78,medium,4329.4,1,8.3,0,0.005651,0.02
11,dt_multi_no_chain,79,medium,3614.39,1,7.44,0,0.006561,0.02
11,dt_multi_no_chain,80,medium,15131.4,1,9.11,0,0.005277,0.02
11,dt_multi_no_chain,81,high,1818.16,0,6.95,0,0.010356,0.03
11,dt_multi_no_chain,82,low,33486.72,1,8.1,1,0.003408,0.01
11,dt_multi_no_chain,83,medium,7210.19,1,8.58,0,0.005921,0.02
11,dt_multi_no_chain,84,low,44287.11,1,7.73,0,0.002511,0.01
11,dt_multi_no_chain,85,high,1461.7,1,9.06,0,0.010871,0.03
11,dt_multi_no_chain,86,high,2539.98,1,8.61,0,0.013989,0.03
11,dt_multi_no_chain,87,medium,16211.42,1,7.15,0,0.00627,0.02
11,dt_multi_no_chain,88,medium,11653.53,0,10.45,0,0.007863,0.02
11,dt_multi_no_chain,89,medium,23049.17,1,6.02,0,0.003608,0.02
11,dt_multi_no_chain,90,low,34204.56,1,8.39,0,0.003793,0.01
11,dt_multi_no_chain,91,medium,14051.95,1,8.0,0,0.006205,0.02
11,dt_multi_no_chain,92,medium,19450.28,1,10.05,0,0.005592,0.02
11,dt_multi_no_chain,93,high,8420.11,0,7.88,0,0.009777,0.03
11,dt_multi_no_chain,94,high,2181.79,0,9.06,0,0.011008,0.03
11,dt_multi_no_chain,95,high,11179.77,1,6.37,0,0.009715,0.03
11,dt_multi_no_chain,96,medium,11891.06,0,7.23,0,0.004728,0.02
11,dt_multi_no_chain,97,high,2538.37,0,11.25,0,0.012277,0.03
11,dt_multi_no_chain,98,high,3983.46,1,10.05,0,0.015519,0.03
11,dt_multi_no_chain,99,low,32047.0,1,8.93,0,0.003428,0.01
11,dt_multi_no_chain,100,medium,1808.97,1,9.6,0,0.005796,0.02
11,dt_multi_no_chain,101,low,19808.98,1,10.38,0,0.002858,0.01
11,dt_multi_no_chain,102,high,8658.63,0,7.59,0,0.010063,0.03
11,dt_multi_no_chain,103,high,381.05,0,5.98,0,0.009761,0.03
11,dt_multi_no_chain,104,medium,6491.7,1,7.04,0,0.006635,0.02
11,dt_multi_no_chain,105,low,28805.81,1,8.31,0,0.002599,0.01
11,dt_multi_no_chain,106,low,23044.98,1,8.29,0,0.001965,0.01
11,dt_multi_no_chain,107,high,7940.5,1,7.87,0,0.010643,0.03
11,dt_multi_no_chain,108,medium,1449.17,0,6.7,0,0.005341,0.02
11,dt_multi_no_chain,109,low,19804.1,1,7.81,0,0.001875,0.01
11,dt_multi_no_chain,110,low,28088.5,1,11.34,0,0.003021,0.01
11,dt_multi_no_chain,111,medium,5411.63,1,8.03,0,0.008036,0.02
11,dt_multi_no_chain,112,low,11528.46,1,8.68,0,0.003529,0.01
11,dt_multi_no_chain,113,low,43925.29,1,9.78,1,0.00312,0.01
11,dt_multi_no_chain,114,medium,19087.8,1,9.54,0,0.004969,0.02
11,dt_multi_no_chain,115,high,7218.5,1,8.93,0,0.011655,0.03
11,dt_multi_no_chain,116,low,26641.37,1,8.55,0,0.003411,0.01
11,dt_multi_no_chain,117,medium,3612.07,1,9.16,0,0.005179,0.02
11,dt_multi_no_chain,118,high,3261.68,1,9.25,1,0.008967,0.03
11,dt_multi_no_chain,119,medium,1451.14,1,10.05,0,0.00487,0.02
12,dt_multi_no_chain,0,medium,6129.21,1,5.61,0,0.007769,0.02
12,dt_multi_no_chain,1,low,21243.46,1,7.01,1,0.003002,0.01
12,dt_multi_no_chain,2,high,2540.51,0,4.65,0,0.008658,0.03
12,dt_multi_no_chain,3,medium,21612.25,0,9.85,0,0.005449,0.02
12,dt_multi_no_chain,4,medium,2532.25,1,9.74,1,0.006334,0.02
12,dt_multi_no_chain,5,low,30606.26,1,8.14,0,0.002452,0.01
12,dt_multi_no_chain,6,low,22687.45,1,13.25,0,0.003866,0.01
12,dt_multi_no_chain,7,high,1462.28,0,9.38,0,0.012926,0.03
12,dt_multi_no_chain,8,medium,21969.14,1,10.07,0,0.005989,0.02
12,dt_multi_no_chain,9,low,30969.22,1,7.5,1,0.00419,0.01
12,dt_multi_no_chain,10,high,378.64,0,11.39,0,0.012104,0.03
12,dt_multi_no_chain,11,low,33242.39,0,10.76,0,0.003366,0.01
12,dt_multi_no_chain,12,medium,7935.25,1,10.45,0,0.005705,0.02
12,dt_multi_no_chain,13,high,2179.52,1,7.75,0,0.008794,0.03
12,dt_multi_no_chain,14,high,3979.68,1,8.79,0,0.013425,0.03
12,dt_multi_no_chain,15,low,23767.17,1,9.18,0,0.003867,0.01
12,dt_multi_no_chain,16,high,743.02,0,8.89,0,0.010452,0.03
12,dt_multi_no_chain,17,high,2181.15,0,9.4,0,0.010149,0.03
12,dt_multi_no_chain,18,high,1100.56,0,10.13,0,0.012281,0.03
12,dt_multi_no_chain,19,high,1822.5,0,13.77,0,0.015513,0.03
12,dt_multi_no_chain,20,low,35767.05,0,4.68,0,0.002984,0.01
12,dt_multi_no_chain,21,high,2538.68,1,10.62,0,0.009156,0.03
12,dt_multi_no_chain,22,low,21965.48,1,9.51,0,0.003201,0.01
12,dt_multi_no_chain,23,low,32049.11,1,8.97,0,0.003114,0.01
12,dt_multi_no_chain,24,medium,7933.0,0,10.73,0,0.006009,0.02
12,dt_multi_no_chain,25,low,30608.98,1,9.9,0,0.003267,0.01
12,dt_multi_no_chain,26,low,33487.05,1,10.23,0,0.002881,0.01
12,dt_multi_no_chain,27,low,30243.59,1,12.01,1,0.002386,0.01
12,dt_multi_no_chain,28,medium,13331.1,0,7.98,1,0.006313,0.02
12,dt_multi_no_chain,29,low,37091.39,1,10.34,0,0.002722,0.01
12,dt_multi_no_chain,30,high,9021.67,0,9.69,0,0.011071,0.03
12,dt_multi_no_chain,31,medium,15492.6,0,10.58,0,0.006239,0.02
12,dt_multi_no_chain,32,high,1466.39,0,4.69,0,0.009674,0.03
12,dt_multi_no_chain,33,high,740.07,0,6.98,0,0.009518,0.03
12,dt_multi_no_chain,34,medium,15128.37,1,9.95,0,0.004041,0.02
12,dt_multi_no_chain,35,medium,7210.16,1,8.96,1,0.006062,0.02
12,dt_multi_no_chain,36,medium,11173.36,1,11.61,0,0.005627,0.02
12,dt_multi_no_chain,37,low,42487.46,1,10.08,1,0.003033,0.01
12,dt_multi_no_chain,38,low,29524.65,1,8.79,0,0.003213,0.01
12,dt_multi_no_chain,39,medium,5770.18,1,8.35,0,0.007087,0.02
12,dt_multi_no_chain,40,low,34565.42,1,9.62,0,0.002778,0.01
12,dt_multi_no_chain,41,low,15486.46,1,10.27,0,0.00371,0.01
12,dt_multi_no_chain,42,low,24128.2,1,5.13,0,0.002497,0.01
12,dt_multi_no_chain,43,low,27003.71,1,10.33,0,0.003972,0.01
12,dt_multi_no_chain,44,low,39966.56,1,7.81,1,0.002646,0.01
12,dt_multi_no_chain,45,high,1822.93,1,14.74,0,0.011671,0.03
12,dt_multi_no_chain,46,high,2180.75,1,6.6,0,0.015596,0.03
12,dt_multi_no_chain,47,low,7922.46,1,8.23,0,0.003485,0.01
12,dt_multi_no_chain,48,high,2178.33,1,8.73,0,0.006341,0.03
12,dt_multi_no_chain,49,medium,10088.01,0,8.21,0,0.006649,0.02
12,dt_multi_no_chain,50,medium,15612.11,0,8.41,0,0.005961,0.02
12,dt_multi_no_chain,51,medium,13331.36,1,12.69,0,0.005628,0.02
12,dt_multi_no_chain,52,high,1819.04,0,11.38,0,0.013051,0.03
12,dt_multi_no_chain,53,high,379.28,1,9.42,0,0.013296,0.03
12,dt_multi_no_chain,54,low,21249.34,1,12.57,0,0.003435,0.01
12,dt_multi_no_chain,55,high,739.65,0,9.18,0,0.009747,0.03
12,dt_multi_no_chain,56,low,50045.55,1,10.82,0,0.002604,0.01
12,dt_multi_no_chain,57,high,379.13,1,11.09,0,0.012256,0.03
12,dt_multi_no_chain,58,low,25207.07,1,9.87,0,0.004029,0.01
12,dt_multi_no_chain,59,medium,4333.18,0,10.91,0,0.006563,0.02
12,dt_multi_no_chain,60,low,18362.69,1,11.39,0,0.003259,0.01
12,dt_multi_no_chain,61,medium,21253.05,1,8.96,0,0.004882,0.02
12,dt_multi_no_chain,62,high,1103.54,1,8.01,0,0.012681,0.03
12,dt_multi_no_chain,63,low,27008.68,1,7.04,1,0.002384,0.01
12,dt_multi_no_chain,64,medium,3968.5,1,6.99,0,0.005808,0.02
12,dt_multi_no_chain,65,medium,3974.81,1,9.66,0,0.006381,0.02
12,dt_multi_no_chain,66,high,1462.73,1,8.97,0,0.014619,0.03
12,dt_multi_no_chain,67,high,2183.63,0,7.48,0,0.013074,0.03
12,dt_multi_no_chain,68,medium,1450.23,1,8.52,0,0.005674,0.02
12,dt_multi_no_chain,69,low,28807.22,1,7.32,0,0.002715,0.01
12,dt_multi_no_chain,70,medium,20889.93,1,11.51,0,0.006434,0.02
12,dt_multi_no_chain,71,medium,8288.74,1,9.49,1,0.006016,0.02
12,dt_multi_no_chain,72,low,43205.75,1,8.92,0,0.003093,0.01
12,dt_multi_no_chain,73,low,26406.48,0,8.92,0,0.002603,0.01
12,dt_multi_no_chain,74,high,3260.55,0,8.64,0,0.013589,0.03
12,dt_multi_no_chain,75,high,1105.85,0,7.75,0,0.016198,0.03
12,dt_multi_no_chain,76,low,45724.66,1,8.88,0,0.002802,0.01
12,dt_multi_no_chain,77,high,381.97,1,9.86,0,0.013817,0.03
12,dt_multi_no_chain,78,high,3618.24,1,11.44,0,0.011392,0.03
12,dt_multi_no_chain,79,low,26643.74,1,7.84,0,0.003624,0.01
12,dt_multi_no_chain,80,low,24487.6,0,7.51,0,0.003804,0.01
12,dt_multi_no_chain,81,medium,12252.47,1,8.63,0,0.006164,0.02
12,dt_multi_no_chain,82,medium,5771.44,1,7.41,0,0.006336,0.02
12,dt_multi_no_chain,83,high,2540.72,0,8.21,0,0.011378,0.03
12,dt_multi_no_chain,84,low,43924.34,1,5.4,1,0.003053,0.01
12,dt_multi_no_chain,85,medium,19092.47,1,6.83,0,0.004673,0.02
12,dt_multi_no_chain,86,medium,728.63,0,10.24,0,0.008252,0.02
12,dt_multi_no_chain,87,high,4698.75,0,12.19,0,0.010057,0.03
12,dt_multi_no_chain,88,medium,9732.12,1,9.18,0,0.006271,0.02
12,dt_multi_no_chain,89,high,739.64,0,6.57,1,0.013453,0.03
12,dt_multi_no_chain,90,low,34204.9,1,7.77,0,0.002782,0.01
12,dt_multi_no_chain,91,medium,13090.95,0,10.2,0,0.005337,0.02
12,dt_multi_no_chain,92,low,13687.99,1,10.01,0,0.002442,0.01
12,dt_multi_no_chain,93,medium,2889.22,1,9.75,0,0.005956,0.02
12,dt_multi_no_chain,94,low,19085.33,1,8.05,0,0.002623,0.01
12,dt_multi_no_chain,95,low,36004.79,1,8.84,0,0.002594,0.01
12,dt_multi_no_chain,96,high,2179.62,1,5.39,1,0.009829,0.03
12,dt_multi_no_chain,97,low,50764.38,1,3.79,1,0.002668,0.01
12,dt_multi_no_chain,98,low,28081.0,1,6.33,0,0.00338,0.01
12,dt_multi_no_chain,99,high,378.02,1,8.77,0,0.00905,0.03
12,dt_multi_no_chain,100,high,743.88,1,11.25,0,0.013588,0.03
12,dt_multi_no_chain,101,medium,5049.9,1,7.93,0,0.005618,0.02
12,dt_multi_no_chain,102,high,737.46,1,10.91,0,0.012635,0.03
12,dt_multi_no_chain,103,high,8656.12,0,7.89,0,0.012124,0.03
12,dt_multi_no_chain,104,medium,2888.68,1,8.78,0,0.0045,0.02
12,dt_multi_no_chain,105,high,2902.51,1,8.88,0,0.012065,0.03
12,dt_multi_no_chain,106,low,24123.89,1,8.55,0,0.003931,0.01
12,dt_multi_no_chain,107,low,31325.55,0,11.12,1,0.002596,0.01
12,dt_multi_no_chain,108,high,1820.2,0,6.47,0,0.013329,0.03
12,dt_multi_no_chain,109,medium,7210.79,0,8.78,0,0.006632,0.02
12,dt_multi_no_chain,110,high,2540.6,0,9.61,0,0.008757,0.03
12,dt_multi_no_chain,111,low,35648.98,1,6.01,0,0.003179,0.01
12,dt_multi_no_chain,112,low,38884.96,1,8.98,0,0.003426,0.01
12,dt_multi_no_chain,113,medium,1810.63,1,10.38,0,0.006026,0.02
12,dt_multi_no_chain,114,low,48245.75,1,6.42,0,0.002693,0.01
12,dt_multi_no_chain,115,medium,14764.67,1,8.28,0,0.007087,0.02
12,dt_multi_no_chain,116,medium,369.8,1,9.54,0,0.006384,0.02
12,dt_multi_no_chain,117,low,21602.1,1,5.98,0,0.00401,0.01
12,dt_multi_no_chain,118,low,7566.87,1,9.29,0,0.002371,0.01
12,dt_multi_no_chain,119,high,1820.13,0,8.99,0,0.010815,0.03
13,dt_multi_no_chain,0,medium,5772.54,1,9.04,0,0.00483,0.02
13,dt_multi_no_chain,1,medium,5050.68,1,11.67,0,0.004215,0.02
13,dt_multi_no_chain,2,medium,11892.74,1,4.48,0,0.00398,0.02
13,dt_multi_no_chain,3,low,18365.12,1,8.06,0,0.003745,0.01
13,dt_multi_no_chain,4,medium,5051.55,0,8.98,0,0.007072,0.02
13,dt_multi_no_chain,5,medium,6493.1,0,11.04,0,0.007193,0.02
13,dt_multi_no_chain,6,medium,6133.25,1,5.5,0,0.005769,0.02
13,dt_multi_no_chain,7,high,2180.24,0,6.5,0,0.011414,0.03
13,dt_multi_no_chain,8,low,31324.84,1,8.73,1,0.002843,0.01
13,dt_multi_no_chain,9,high,741.28,0,10.22,0,0.013891,0.03
13,dt_multi_no_chain,10,low,39607.18,0,10.86,0,0.002129,0.01
13,dt_multi_no_chain,11,medium,3609.77,1,5.23,0,0.004744,0.02
13,dt_multi_no_chain,12,low,43566.4,1,12.1,0,0.002832,0.01
13,dt_multi_no_chain,13,medium,6128.93,1,11.41,0,0.004575,0.02
13,dt_multi_no_chain,14,high,4342.66,0,9.6,0,0.01332,0.03
13,dt_multi_no_chain,15,low,16563.83,1,8.96,0,0.003197,0.01
13,dt_multi_no_chain,16,low,24489.89,1,10.6,0,0.00302,0.01
13,dt_multi_no_chain,17,high,378.19,1,8.84,0,0.007632,0.03
13,dt_multi_no_chain,18,medium,6133.62,1,9.02,0,0.006495,0.02
13,dt_multi_no_chain,19,medium,12255.82,1,12.21,0,0.005467,0.02
13,dt_multi_no_chain,20,low,30967.92,1,9.28,0,0.003328,0.01
13,dt_multi_no_chain,21,low,20885.67,1,6.28,0,0.001796,0.01
13,dt_multi_no_chain,22,low,34928.26,1,7.4,0,0.003533,0.01
13,dt_multi_no_chain,23,high,1463.91,0,8.26,1,0.013694,0.03
13,dt_multi_no_chain,24,medium,12252.25,1,7.75,0,0.006802,0.02
13,dt_multi_no_chain,25,medium,732.53,1,7.53,1,0.004866,0.02
13,dt_multi_no_chain,26,low,23403.23,1,8.72,0,0.003048,0.01
13,dt_multi_no_chain,27,medium,18007.05,0,7.79,0,0.00648,0.02
13,dt_multi_no_chain,28,low,1803.71,1,10.25,1,0.002229,0.01
13,dt_multi_no_chain,29,high,3258.26,1,10.15,0,0.01037,0.03
13,dt_multi_no_chain,30,low,25204.48,1,11.02,0,0.003619,0.01
13,dt_multi_no_chain,31,low,11886.29,1,10.27,0,0.003933,0.01
13,dt_multi_no_chain,32,high,18.72,1,11.69,0,0.011633,0.03
13,dt_multi_no_chain,33,medium,3613.07,0,10.72,0,0.005559,0.02
13,dt_multi_no_chain,34,medium,10452.28,1,8.75,0,0.006305,0.02
13,dt_multi_no_chain,35,high,3980.77,1,10.13,0,0.014233,0.03
13,dt_multi_no_chain,36,medium,1088.81,1,7.79,0,0.005234,0.02
13,dt_multi_no_chain,37,low,42486.58,1,6.06,0,0.003026,0.01
13,dt_multi_no_chain,38,high,1820.2,1,12.89,0,0.013417,0.03
13,dt_multi_no_chain,39,medium,3611.68,1,11.86,0,0.003409,0.02
13,dt_multi_no_chain,40,high,18.89,0,12.33,1,0.010949,0.03
13,dt_multi_no_chain,41,low,11886.74,1,11.86,0,0.002049,0.01
13,dt_multi_no_chain,42,low,36728.16,1,6.58,0,0.003348,0.01
13,dt_multi_no_chain,43,medium,6610.93,0,7.9,0,0.005543,0.02
13,dt_multi_no_chain,44,medium,3610.04,1,11.02,0,0.006781,0.02
13,dt_multi_no_chain,45,low,6485.79,1,11.2,0,0.003979,0.01
13,dt_multi_no_chain,46,medium,6132.25,1,6.73,0,0.004951,0.02
13,dt_multi_no_chain,47,medium,19803.4,1,11.1,1,0.003936,0.02
13,dt_multi_no_chain,48,medium,2891.22,1,7.56,0,0.006346,0.02
13,dt_multi_no_chain,49,low,30242.51,1,6.62,0,0.003806,0.01
13,dt_multi_no_chain,50,high,7582.58,0,9.37,0,0.014476,0.03
13,dt_multi_no_chain,51,medium,2529.93,1,8.21,1,0.005995,0.02
13,dt_multi_no_chain,52,medium,7931.48,1,7.81,0,0.005398,0.02
13,dt_multi_no_chain,53,low,29526.69,1,8.4,0,0.002896,0.01
13,dt_multi_no_chain,54,medium,15131.04,1,11.86,0,0.006564,0.02
13,dt_multi_no_chain,55,low,25206.52,1,11.6,0,0.002235,0.01
13,dt_multi_no_chain,56,medium,5772.69,1,10.34,0,0.00656,0.02
13,dt_multi_no_chain,57,high,5782.98,1,7.48,0,0.013887,0.03
13,dt_multi_no_chain,58,medium,5168.92,0,10.91,0,0.006811,0.02
13,dt_multi_no_chain,59,high,3259.71,0,9.59,0,0.011494,0.03
13,dt_multi_no_chain,60,high,740.31,1,12.93,1,0.010123,0.03
13,dt_multi_no_chain,61,low,26643.56,1,10.59,0,0.002152,0.01
13,dt_multi_no_chain,62,high,20.51,0,9.35,0,0.011012,0.03
13,dt_multi_no_chain,63,low,51847.04,1,7.58,0,0.001991,0.01
13,dt_multi_no_chain,64,low,29166.52,1,7.15,0,0.003821,0.01
13,dt_multi_no_chain,65,medium,12610.32,1,10.04,0,0.004848,0.02
13,dt_multi_no_chain,66,low,27366.64,1,12.56,0,0.003148,0.01
13,dt_multi_no_chain,67,low,31324.38,1,11.93,0,0.002861,0.01
13,dt_multi_no_chain,68,medium,2890.06,1,7.46,1,0.006528,0.02
13,dt_multi_no_chain,69,medium,14770.33,1,9.83,0,0.007761,0.02
13,dt_multi_no_chain,70,low,23405.86,1,8.34,1,0.00355,0.01
13,dt_multi_no_chain,71,low,35646.03,0,10.38,0,0.002136,0.01
13,dt_multi_no_chain,72,medium,3612.17,0,11.5,0,0.007954,0.02
13,dt_multi_no_chain,73,high,2899.91,1,10.23,0,0.014236,0.03
13,dt_multi_no_chain,74,low,45724.34,1,9.27,0,0.002294,0.01
13,dt_multi_no_chain,75,low,23765.15,1,8.08,1,0.004038,0.01
13,dt_multi_no_chain,76,low,15848.09,1,8.34,0,0.003485,0.01
13,dt_multi_no_chain,77,high,6860.45,0,10.35,0,0.011666,0.03
13,dt_multi_no_chain,78,high,6505.39,1,7.33,0,0.010253,0.03
13,dt_multi_no_chain,79,low,23041.0,1,8.19,0,0.003343,0.01
13,dt_multi_no_chain,80,medium,2169.13,1,6.55,0,0.006235,0.02
13,dt_multi_no_chain,81,high,3983.39,1,6.24,1,0.010831,0.03
13,dt_multi_no_chain,82,medium,16211.45,1,9.76,0,0.005678,0.02
13,dt_multi_no_chain,83,medium,7209.09,1,5.64,0,0.006897,0.02
13,dt_multi_no_chain,84,low,27729.27,1,9.18,0,0.002996,0.01
13,dt_multi_no_chain,85,low,52568.25,1,7.86,0,0.002593,0.01
13,dt_multi_no_chain,86,high,1103.57,0,6.65,0,0.008972,0.03
13,dt_multi_no_chain,87,high,382.27,1,9.83,0,0.013298,0.03
13,dt_multi_no_chain,88,high,2181.86,0,6.57,1,0.011052,0.03
13,dt_multi_no_chain,89,medium,11528.83,1,10.96,0,0.006773,0.02
13,dt_multi_no_chain,90,low,16203.64,1,10.65,0,0.004125,0.01
13,dt_multi_no_chain,91,high,1819.38,0,7.92,0,0.009758,0.03
13,dt_multi_no_chain,92,medium,15850.27,1,8.83,0,0.006476,0.02
13,dt_multi_no_chain,93,low,23407.0,1,8.35,0,0.002672,0.01
13,dt_multi_no_chain,94,low,25925.22,1,10.29,0,0.003472,0.01
13,dt_multi_no_chain,95,medium,6132.4,1,8.56,0,0.006345,0.02
13,dt_multi_no_chain,96,high,382.45,1,10.72,0,0.00968,0.03
13,dt_multi_no_chain,97,medium,10813.41,1,6.05,0,0.004758,0.02
13,dt_multi_no_chain,98,low,19085.31,1,11.03,0,0.002633,0.01
13,dt_multi_no_chain,99,medium,15973.64,0,7.53,0,0.00411,0.02
13,dt_multi_no_chain,100,high,385.52,1,9.79,0,0.01607,0.03
13,dt_multi_no_chain,101,high,1818.49,0,9.74,1,0.015648,0.03
13,dt_multi_no_chain,102,low,35646.43,1,9.72,0,0.002922,0.01
13,dt_multi_no_chain,103,medium,6491.56,1,9.29,0,0.005728,0.02
13,dt_multi_no_chain,104,medium,10812.03,0,8.49,1,0.007273,0.02
13,dt_multi_no_chain,105,low,28084.33,1,10.48,0,0.002564,0.01
13,dt_multi_no_chain,106,medium,6132.04,1,9.0,0,0.006968,0.02
13,dt_multi_no_chain,107,medium,15850.46,1,10.96,0,0.00544,0.02
13,dt_multi_no_chain,108,low,37206.02,0,9.16,0,0.002816,0.01
13,dt_multi_no_chain,109,medium,10812.19,1,9.95,0,0.006264,0.02
13,dt_multi_no_chain,110,medium,10449.56,1,7.69,0,0.007274,0.02
13,dt_multi_no_chain,111,low,46805.32,1,11.47,0,0.002993,0.01
13,dt_multi_no_chain,112,medium,18728.44,0,9.84,0,0.00689,0.02
13,dt_multi_no_chain,113,medium,11890.81,1,8.19,0,0.004735,0.02
13,dt_multi_no_chain,114,medium,15492.37,1,9.72,0,0.006299,0.02
13,dt_multi_no_chain,115,medium,7931.14,1,10.67,0,0.006405,0.02
13,dt_multi_no_chain,116,high,382.34,1,11.86,0,0.015573,0.03
13,dt_multi_no_chain,117,medium,5412.4,0,7.23,1,0.006794,0.02
13,dt_multi_no_chain,118,medium,3972.62,1,6.34,1,0.005953,0.02
13,dt_multi_no_chain,119,low,28804.31,1,9.13,0,0.002634,0.01
14,dt_multi_no_chain,0,low,40688.32,0,7.35,0,0.002222,0.01
14,dt_multi_no_chain,1,low,18726.18,1,10.02,0,0.002693,0.01
14,dt_multi_no_chain,2,low,40683.73,1,8.78,0,0.002128,0.01
14,dt_multi_no_chain,3,low,31328.46,1,9.56,0,0.00312,0.01
14,dt_multi_no_chain,4,medium,2530.31,1,8.76,0,0.006544,0.02
14,dt_multi_no_chain,5,low,19085.61,1,9.01,0,0.00314,0.01
14,dt_multi_no_chain,6,low,38882.83,1,10.02,0,0.002642,0.01
14,dt_multi_no_chain,7,medium,9728.61,0,8.88,1,0.005807,0.02
14,dt_multi_no_chain,8,medium,12972.52,1,8.57,0,0.004693,0.02
14,dt_multi_no_chain,9,high,382.84,0,12.87,0,0.008771,0.03
14,dt_multi_no_chain,10,high,2541.38,1,6.94,1,0.011825,0.03
14,dt_multi_no_chain,11,high,7580.02,0,7.76,0,0.012314,0.03
14,dt_multi_no_chain,12,medium,15489.77,0,4.27,1,0.003658,0.02
14,dt_multi_no_chain,13,high,742.82,0,10.0,0,0.014569,0.03
14,dt_multi_no_chain,14,low,19086.71,1,10.11,0,0.003406,0.01
14,dt_multi_no_chain,15,medium,18368.82,1,9.9,0,0.007181,0.02
14,dt_multi_no_chain,16,medium,4328.35,1,10.38,0,0.005195,0.02
14,dt_multi_no_chain,17,low,36726.9,1,10.26,0,0.002892,0.01
14,dt_multi_no_chain,18,high,1462.78,0,5.06,0,0.01145,0.03
14,dt_multi_no_chain,19,medium,17410.11,0,6.66,0,0.006937,0.02
14,dt_multi_no_chain,20,high,7938.86,0,10.44,1,0.01376,0.03
14,dt_multi_no_chain,21,medium,3612.33,1,9.96,0,0.004775,0.02
14,dt_multi_no_chain,22,medium,17291.56,1,11.16,1,0.005703,0.02
14,dt_multi_no_chain,23,low,16207.76,1,9.57,0,0.004151,0.01
14,dt_multi_no_chain,24,low,41045.15,1,12.17,0,0.002833,0.01
14,dt_multi_no_chain,25,medium,12255.04,0,8.07,0,0.006223,0.02
14,dt_multi_no_chain,26,low,35646.32,1,10.22,0,0.002466,0.01
14,dt_multi_no_chain,27,low,12967.45,1,8.62,0,0.003195,0.01
14,dt_multi_no_chain,28,medium,19453.81,1,9.06,0,0.006478,0.02
14,dt_multi_no_chain,29,low,56886.46,0,9.28,0,0.00196,0.01
14,dt_multi_no_chain,30,high,2539.3,1,10.92,0,0.011073,0.03
14,dt_multi_no_chain,31,medium,11291.15,0,6.91,0,0.005341,0.02
14,dt_multi_no_chain,32,low,31086.16,0,10.11,0,0.003583,0.01
14,dt_multi_no_chain,33,low,12247.92,1,11.84,0,0.003252,0.01
14,dt_multi_no_chain,34,high,735.91,0,8.01,0,0.012764,0.03
14,dt_multi_no_chain,35,medium,6851.14,0,8.64,0,0.007139,0.02
14,dt_multi_no_chain,36,low,16327.7,0,8.97,1,0.00369,0.01
14,dt_multi_no_chain,37,low,23401.95,1,7.39,0,0.003471,0.01
14,dt_multi_no_chain,38,medium,3612.17,1,9.35,0,0.006828,0.02
14,dt_multi_no_chain,39,low,28804.63,1,7.08,0,0.002889,0.01
14,dt_multi_no_chain,40,low,33130.09,1,10.55,0,0.003115,0.01
14,dt_multi_no_chain,41,medium,12970.39,1,7.84,0,0.007211,0.02
14,dt_multi_no_chain,42,high,742.34,1,7.93,0,0.011741,0.03
14,dt_multi_no_chain,43,low,7566.78,1,5.27,0,0.00336,0.01
14,dt_multi_no_chain,44,medium,3973.07,1,5.21,0,0.003733,0.02
14,dt_multi_no_chain,45,low,25567.09,1,11.73,0,0.003037,0.01
14,dt_multi_no_chain,46,low,28084.98,1,3.81,1,0.002423,0.01
14,dt_multi_no_chain,47,low,29525.07,1,6.66,1,0.00308,0.01
14,dt_multi_no_chain,48,low,21962.63,1,8.23,0,0.003707,0.01
14,dt_multi_no_chain,49,low,19804.45,1,9.82,0,0.003422,0.01
14,dt_multi_no_chain,50,low,54366.03,1,9.55,0,0.002443,0.01
14,dt_multi_no_chain,51,high,20.72,1,7.49,0,0.014106,0.03
14,dt_multi_no_chain,52,medium,1452.1,0,10.11,0,0.007866,0.02
14,dt_multi_no_chain,53,medium,12254.36,1,9.11,0,0.005855,0.02
14,dt_multi_no_chain,54,medium,9487.53,0,13.65,0,0.004525,0.02
14,dt_multi_no_chain,55,low,28206.41,0,9.06,0,0.003953,0.01
14,dt_multi_no_chain,56,medium,11891.25,0,9.35,0,0.00675,0.02
14,dt_multi_no_chain,57,medium,7569.84,1,7.75,0,0.006821,0.02
14,dt_multi_no_chain,58,medium,16571.45,1,11.42,0,0.007043,0.02
14,dt_multi_no_chain,59,low,32766.84,1,3.6,0,0.002378,0.01
14,dt_multi_no_chain,60,low,33487.91,1,6.99,0,0.003065,0.01
14,dt_multi_no_chain,61,medium,4687.96,0,5.76,0,0.006489,0.02
14,dt_multi_no_chain,62,low,34205.29,1,6.05,0,0.001825,0.01
14,dt_multi_no_chain,63,medium,8648.98,1,9.86,0,0.007177,0.02
14,dt_multi_no_chain,64,low,29888.8,1,10.97,0,0.002078,0.01
14,dt_multi_no_chain,65,low,33485.98,1,9.89,0,0.003311,0.01
14,dt_multi_no_chain,66,medium,11531.87,1,11.4,0,0.007031,0.02
14,dt_multi_no_chain,67,medium,5053.8,0,5.35,0,0.004595,0.02
14,dt_multi_no_chain,68,low,27366.04,1,14.02,0,0.002958,0.01
14,dt_multi_no_chain,69,medium,6493.87,1,11.79,0,0.00485,0.02
14,dt_multi_no_chain,70,medium,13689.26,0,6.14,0,0.005692,0.02
14,dt_multi_no_chain,71,high,2897.3,1,7.78,0,0.012646,0.03
14,dt_multi_no_chain,72,medium,1449.97,0,8.0,0,0.006806,0.02
14,dt_multi_no_chain,73,low,14043.34,1,9.89,0,0.003789,0.01
14,dt_multi_no_chain,74,high,1098.05,0,11.57,0,0.010152,0.03
14,dt_multi_no_chain,75,high,739.39,0,9.58,0,0.01099,0.03
14,dt_multi_no_chain,76,low,27007.96,1,9.91,0,0.003392,0.01
14,dt_multi_no_chain,77,low,43204.59,1,10.95,0,0.00241,0.01
14,dt_multi_no_chain,78,high,742.27,1,10.55,0,0.012438,0.03
14,dt_multi_no_chain,79,low,26646.63,1,6.12,1,0.002961,0.01
14,dt_multi_no_chain,80,high,381.31,0,7.56,0,0.011704,0.03
14,dt_multi_no_chain,81,medium,1449.37,1,6.29,1,0.00488,0.02
14,dt_multi_no_chain,82,high,8300.18,0,12.81,0,0.01473,0.03
14,dt_multi_no_chain,83,low,43567.45,1,6.93,1,0.003093,0.01
14,dt_multi_no_chain,84,low,40686.57,1,5.04,0,0.002614,0.01
14,dt_multi_no_chain,85,low,42484.76,1,7.46,1,0.002445,0.01
14,dt_multi_no_chain,86,high,1100.24,0,7.91,1,0.012756,0.03
14,dt_multi_no_chain,87,low,28087.98,1,7.12,0,0.002637,0.01
14,dt_multi_no_chain,88,low,28205.04,0,15.3,0,0.003479,0.01
14,dt_multi_no_chain,89,high,1102.43,0,7.31,0,0.011617,0.03
14,dt_multi_no_chain,90,low,18364.37,1,9.04,0,0.003067,0.01
14,dt_multi_no_chain,91,high,1461.27,0,8.88,0,0.008011,0.03
14,dt_multi_no_chain,92,low,40687.07,1,11.08,0,0.002877,0.01
14,dt_multi_no_chain,93,high,740.43,1,8.87,0,0.010851,0.03
14,dt_multi_no_chain,94,high,2903.37,0,8.2,0,0.012315,0.03
14,dt_multi_no_chain,95,high,5780.03,0,11.63,0,0.012091,0.03
14,dt_multi_no_chain,96,medium,6486.76,1,9.88,0,0.007249,0.02
14,dt_multi_no_chain,97,medium,15851.22,0,9.34,1,0.005467,0.02
14,dt_multi_no_chain,98,medium,7570.72,1,12.13,0,0.005603,0.02
14,dt_multi_no_chain,99,medium,4690.69,0,8.14,0,0.008976,0.02
14,dt_multi_no_chain,100,low,14046.46,1,6.03,1,0.002672,0.01
14,dt_multi_no_chain,101,medium,15131.79,1,13.98,0,0.004946,0.02
14,dt_multi_no_chain,102,high,5420.46,0,7.66,0,0.010319,0.03
14,dt_multi_no_chain,103,low,34927.04,1,14.16,0,0.002782,0.01
14,dt_multi_no_chain,104,medium,5771.9,1,11.12,0,0.005253,0.02
14,dt_multi_no_chain,105,low,26284.53,1,10.81,0,0.003158,0.01
14,dt_multi_no_chain,106,medium,21250.61,1,12.54,0,0.005943,0.02
14,dt_multi_no_chain,107,high,1465.48,0,11.07,0,0.007895,0.03
14,dt_multi_no_chain,108,high,860.52,0,9.48,0,0.012737,0.03
14,dt_multi_no_chain,109,high,1100.18,1,8.84,0,0.011306,0.03
14,dt_multi_no_chain,110,medium,8654.77,0,12.38,0,0.006632,0.02
14,dt_multi_no_chain,111,medium,2892.79,0,9.95,0,0.006963,0.02
14,dt_multi_no_chain,112,high,384.31,0,2.97,0,0.011969,0.03
14,dt_multi_no_chain,113,medium,3971.67,1,8.72,0,0.005971,0.02
14,dt_multi_no_chain,114,high,3983.61,0,12.44,0,0.013626,0.03
14,dt_multi_no_chain,115,medium,4690.08,1,10.43,0,0.005452,0.02
14,dt_multi_no_chain,116,medium,20531.47,1,11.94,0,0.006384,0.02
14,dt_multi_no_chain,117,high,3619.23,0,9.01,0,0.013295,0.03
14,dt_multi_no_chain,118,medium,1569.47,0,10.52,0,0.005099,0.02
14,dt_multi_no_chain,119,medium,2889.75,1,8.47,0,0.005125,0.02
15,dt_multi_no_chain,0,low,26648.3,1,12.42,0,0.003109,0.01
15,dt_multi_no_chain,1,high,10102.65,0,6.41,0,0.01062,0.03
15,dt_multi_no_chain,2,high,1102.24,1,11.43,0,0.01437,0.03
15,dt_multi_no_chain,3,low,26290.92,1,10.26,1,0.003351,0.01
15,dt_multi_no_chain,4,medium,3611.73,1,7.98,0,0.003321,0.02
15,dt_multi_no_chain,5,high,17.24,1,7.98,0,0.013995,0.03
15,dt_multi_no_chain,6,high,24.19,0,11.96,0,0.010838,0.03
15,dt_multi_no_chain,7,high,380.25,0,6.29,0,0.01074,0.03
15,dt_multi_no_chain,8,medium,14051.93,1,10.68,1,0.004695,0.02
15,dt_multi_no_chain,9,high,741.52,0,9.08,0,0.012075,0.03
15,dt_multi_no_chain,10,low,25924.92,1,6.26,0,0.003672,0.01
15,dt_multi_no_chain,11,high,743.14,1,8.32,0,0.011835,0.03
15,dt_multi_no_chain,12,high,2902.01,1,8.28,0,0.011266,0.03
15,dt_multi_no_chain,13,low,27725.95,1,9.01,0,0.003665,0.01
15,dt_multi_no_chain,14,medium,13688.82,1,10.61,1,0.003065,0.02
15,dt_multi_no_chain,15,medium,19807.27,1,5.36,0,0.005592,0.02
15,dt_multi_no_chain,16,high,378.64,1,7.24,0,0.010543,0.03
15,dt_multi_no_chain,17,high,5177.52,0,13.78,1,0.009169,0.03
15,dt_multi_no_chain,18,low,54721.51,0,6.35,0,0.002223,0.01
15,dt_multi_no_chain,19,low,20523.22,1,6.92,0,0.002888,0.01
15,dt_multi_no_chain,20,low,23402.48,1,12.67,0,0.003894,0.01
15,dt_multi_no_chain,21,medium,1090.26,1,10.7,1,0.004817,0.02
15,dt_multi_no_chain,22,medium,3975.99,1,9.13,0,0.005898,0.02
15,dt_multi_no_chain,23,low,29525.23,1,5.1,0,0.00336,0.01
15,dt_multi_no_chain,24,low,28083.48,0,8.6,0,0.003362,0.01
15,dt_multi_no_chain,25,medium,3972.09,1,6.43,0,0.007767,0.02
15,dt_multi_no_chain,26,low,28087.3,1,7.69,0,0.003673,0.01
15,dt_multi_no_chain,27,low,22683.77,1,7.02,0,0.003844,0.01
15,dt_multi_no_chain,28,low,22325.37,1,8.5,0,0.003024,0.01
15,dt_multi_no_chain,29,low,39605.72,1,9.04,0,0.003046,0.01
15,dt_multi_no_chain,30,medium,3968.69,0,10.65,0,0.007017,0.02
15,dt_multi_no_chain,31,high,1461.94,1,11.43,0,0.01118,0.03
15,dt_multi_no_chain,32,low,24485.93,1,9.52,1,0.002713,0.01
15,dt_multi_no_chain,33,medium,6492.61,1,8.77,0,0.006095,0.02
15,dt_multi_no_chain,34,high,4342.14,0,10.17,0,0.012414,0.03
15,dt_multi_no_chain,35,high,2544.41,1,8.4,0,0.009837,0.03
15,dt_multi_no_chain,36,low,13684.72,1,6.54,0,0.002949,0.01
15,dt_multi_no_chain,37,medium,19090.57,1,6.39,0,0.006568,0.02
15,dt_multi_no_chain,38,medium,11529.62,1,8.73,1,0.006302,0.02
15,dt_multi_no_chain,39,high,3259.44,1,5.53,0,0.010917,0.03
15,dt_multi_no_chain,40,low,24485.22,1,10.7,0,0.002294,0.01
15,dt_multi_no_chain,41,medium,3247.59,1,7.97,0,0.006014,0.02
15,dt_multi_no_chain,42,medium,2891.44,1,8.47,0,0.007302,0.02
15,dt_multi_no_chain,43,low,31327.03,1,11.38,0,0.003252,0.01
15,dt_multi_no_chain,44,low,18727.34,1,8.43,1,0.002299,0.01
15,dt_multi_no_chain,45,low,19442.43,1,10.14,0,0.003274,0.01
15,dt_multi_no_chain,46,high,1460.26,0,9.16,0,0.014562,0.03
15,dt_multi_no_chain,47,high,6136.5,1,6.23,0,0.010947,0.03
15,dt_multi_no_chain,48,high,2540.33,0,7.63,0,0.009847,0.03
15,dt_multi_no_chain,49,high,382.25,0,10.32,0,0.01176,0.03
15,dt_multi_no_chain,50,high,1581.3,0,10.31,0,0.012187,0.03
15,dt_multi_no_chain,51,low,26287.88,1,11.98,0,0.003041,0.01
15,dt_multi_no_chain,52,low,21608.09,1,9.54,0,0.002735,0.01
15,dt_multi_no_chain,53,high,2178.23,0,7.5,1,0.011247,0.03
15,dt_multi_no_chain,54,high,5058.18,0,10.26,1,0.0149,0.03
15,dt_multi_no_chain,55,low,26285.94,1,3.82,1,0.002465,0.01
15,dt_multi_no_chain,56,medium,13693.29,1,11.51,0,0.006424,0.02
15,dt_multi_no_chain,57,low,35645.99,1,7.82,0,0.003288,0.01
15,dt_multi_no_chain,58,high,741.06,0,11.34,0,0.013225,0.03
15,dt_multi_no_chain,59,medium,1450.8,0,4.19,0,0.006311,0.02
15,dt_multi_no_chain,60,medium,2170.33,1,10.09,0,0.006878,0.02
15,dt_multi_no_chain,61,medium,15130.3,1,10.09,0,0.004979,0.02
15,dt_multi_no_chain,62,low,45366.55,1,9.41,0,0.002817,0.01
15,dt_multi_no_chain,63,low,43203.84,1,10.47,0,0.002687,0.01
15,dt_multi_no_chain,64,medium,8288.56,0,11.19,0,0.006807,0.02
15,dt_multi_no_chain,65,medium,730.76,1,11.3,0,0.004239,0.02
15,dt_multi_no_chain,66,low,25206.29,1,10.26,0,0.003254,0.01
15,dt_multi_no_chain,67,medium,9368.97,1,11.61,1,0.005177,0.02
15,dt_multi_no_chain,68,medium,13689.99,1,7.72,1,0.006203,0.02
15,dt_multi_no_chain,69,low,23764.16,1,6.83,0,0.002444,0.01
15,dt_multi_no_chain,70,high,859.82,0,11.08,0,0.010967,0.03
15,dt_multi_no_chain,71,low,30965.24,0,11.34,0,0.002826,0.01
15,dt_multi_no_chain,72,medium,1090.6,1,10.64,0,0.005073,0.02
15,dt_multi_no_chain,73,medium,8292.26,1,5.8,0,0.005541,0.02
15,dt_multi_no_chain,74,high,381.54,0,10.22,0,0.009377,0.03
15,dt_multi_no_chain,75,low,33244.03,0,6.11,0,0.002482,0.01
15,dt_multi_no_chain,76,low,37445.81,1,7.88,0,0.002305,0.01
15,dt_multi_no_chain,77,high,3623.41,0,11.31,0,0.007036,0.03
15,dt_multi_no_chain,78,low,50405.09,1,6.36,0,0.002237,0.01
15,dt_multi_no_chain,79,medium,8652.58,0,12.36,0,0.007109,0.02
15,dt_multi_no_chain,80,low,32044.05,1,8.57,0,0.003271,0.01
15,dt_multi_no_chain,81,high,3620.27,0,7.52,0,0.01103,0.03
15,dt_multi_no_chain,82,medium,5052.3,0,6.14,0,0.00546,0.02
15,dt_multi_no_chain,83,low,43202.24,1,11.41,0,0.002402,0.01
15,dt_multi_no_chain,84,medium,13332.66,1,7.67,0,0.007183,0.02
15,dt_multi_no_chain,85,high,5417.33,1,15.26,0,0.014487,0.03
15,dt_multi_no_chain,86,medium,10093.86,1,8.52,0,0.003514,0.02
15,dt_multi_no_chain,87,medium,3971.59,0,6.39,1,0.005555,0.02
15,dt_multi_no_chain,88,low,25569.12,1,7.78,0,0.002701,0.01
15,dt_multi_no_chain,89,low,30604.5,1,11.36,0,0.003508,0.01
15,dt_multi_no_chain,90,high,737.29,1,9.92,0,0.010652,0.03
15,dt_multi_no_chain,91,high,7219.71,1,10.91,0,0.016676,0.03
15,dt_multi_no_chain,92,medium,6127.77,1,9.7,1,0.005702,0.02
15,dt_multi_no_chain,93,low,34924.92,1,9.05,0,0.003549,0.01
15,dt_multi_no_chain,94,high,380.43,1,9.4,0,0.012214,0.03
15,dt_multi_no_chain,95,high,3260.37,0,10.64,0,0.013714,0.03
15,dt_multi_no_chain,96,medium,17652.76,1,7.48,0,0.00575,0.02
15,dt_multi_no_chain,97,low,21242.93,1,7.96,0,0.003023,0.01
15,dt_multi_no_chain,98,high,745.68,1,12.71,0,0.010428,0.03
15,dt_multi_no_chain,99,high,743.24,0,9.14,0,0.012017,0.03
15,dt_multi_no_chain,100,medium,25690.53,0,7.01,0,0.003637,0.02
15,dt_multi_no_chain,101,high,740.58,0,9.66,1,0.014062,0.03
15,dt_multi_no_chain,102,medium,8286.47,1,10.96,0,0.006595,0.02
15,dt_multi_no_chain,103,medium,2891.99,1,9.67,0,0.005251,0.02
15,dt_multi_no_chain,104,high,20.39,1,8.58,0,0.012203,0.03
15,dt_multi_no_chain,105,high,7222.83,0,9.65,0,0.013244,0.03
15,dt_multi_no_chain,106,medium,2533.68,1,10.95,0,0.004403,0.02
15,dt_multi_no_chain,107,high,739.17,0,9.87,1,0.013756,0.03
15,dt_multi_no_chain,108,medium,14772.29,1,9.18,0,0.006527,0.02
15,dt_multi_no_chain,109,low,32764.93,1,8.31,0,0.002459,0.01
15,dt_multi_no_chain,110,medium,10812.95,0,9.09,0,0.005418,0.02
15,dt_multi_no_chain,111,high,8661.16,0,11.11,0,0.010123,0.03
15,dt_multi_no_chain,112,low,6847.27,1,9.57,0,0.002411,0.01
15,dt_multi_no_chain,113,high,1098.11,1,10.78,1,0.014479,0.03
15,dt_multi_no_chain,114,high,5059.94,1,5.17,0,0.013217,0.03
15,dt_multi_no_chain,115,low,31325.6,0,9.34,0,0.00333,0.01
15,dt_multi_no_chain,116,low,37088.92,1,9.41,1,0.003734,0.01
15,dt_multi_no_chain,117,high,5421.74,1,8.98,0,0.015516,0.03
15,dt_multi_no_chain,118,medium,12974.0,1,7.73,0,0.006014,0.02
15,dt_multi_no_chain,119,high,1822.6,1,8.21,1,0.014437,0.03
16,dt_multi_no_chain,0,medium,18132.88,0,6.83,0,0.004491,0.02
16,dt_multi_no_chain,1,low,25205.99,1,10.99,0,0.003464,0.01
16,dt_multi_no_chain,2,medium,14769.21,1,10.77,0,0.006505,0.02
16,dt_multi_no_chain,3,medium,3733.03,0,8.66,0,0.005874,0.02
16,dt_multi_no_chain,4,medium,8652.26,1,6.37,0,0.005335,0.02
16,dt_multi_no_chain,5,low,28084.52,1,6.81,0,0.003006,0.01
16,dt_multi_no_chain,6,low,29167.24,1,9.53,0,0.003541,0.01
16,dt_multi_no_chain,7,medium,10810.65,0,8.67,0,0.006545,0.02
16,dt_multi_no_chain,8,low,44287.0,1,8.89,0,0.002909,0.01
16,dt_multi_no_chain,9,medium,18368.93,1,7.47,0,0.00712,0.02
16,dt_multi_no_chain,10,high,738.32,1,11.38,0,0.012922,0.03
16,dt_multi_no_chain,11,high,1460.91,1,12.24,0,0.010337,0.03
16,dt_multi_no_chain,12,medium,2171.71,1,7.5,0,0.004784,0.02
16,dt_multi_no_chain,13,low,41045.63,0,10.28,0,0.002088,0.01
16,dt_multi_no_chain,14,low,33130.35,1,11.11,0,0.003069,0.01
16,dt_multi_no_chain,15,high,5422.28,1,4.93,1,0.015761,0.03
16,dt_multi_no_chain,16,low,63007.26,0,8.91,0,0.001686,0.01
16,dt_multi_no_chain,17,low,14406.07,1,9.25,0,0.002916,0.01
16,dt_multi_no_chain,18,low,43202.43,1,7.51,1,0.003027,0.01
16,dt_multi_no_chain,19,medium,13693.13,1,6.91,0,0.005837,0.02
16,dt_multi_no_chain,20,low,22326.39,1,7.98,0,0.001637,0.01
16,dt_multi_no_chain,21,low,20887.8,1,8.43,0,0.00261,0.01
16,dt_multi_no_chain,22,low,55086.69,0,8.54,0,0.002004,0.01
16,dt_multi_no_chain,23,medium,2170.74,1,10.43,0,0.004006,0.02
16,dt_multi_no_chain,24,medium,4330.02,1,7.42,0,0.006089,0.02
16,dt_multi_no_chain,25,low,11285.84,0,10.29,0,0.002502,0.01
16,dt_multi_no_chain,26,low,29164.69,1,9.09,0,0.002997,0.01
16,dt_multi_no_chain,27,low,25563.17,1,10.92,0,0.003513,0.01
16,dt_multi_no_chain,28,high,378.64,0,8.27,0,0.011456,0.03
16,dt_multi_no_chain,29,high,1101.76,1,10.03,0,0.013705,0.03
16,dt_multi_no_chain,30,low,47525.58,1,7.3,0,0.002851,0.01
16,dt_multi_no_chain,31,low,30247.49,1,10.36,0,0.002578,0.01
16,dt_multi_no_chain,32,low,18725.61,0,9.74,0,0.004462,0.01
16,dt_multi_no_chain,33,medium,11169.92,1,8.94,0,0.006145,0.02
16,dt_multi_no_chain,34,low,22685.69,1,7.68,1,0.001772,0.01
16,dt_multi_no_chain,35,medium,13694.44,1,9.23,0,0.006097,0.02
16,dt_multi_no_chain,36,high,377.78,1,6.84,0,0.011464,0.03
16,dt_multi_no_chain,37,medium,2169.02,1,10.38,1,0.005116,0.02
16,dt_multi_no_chain,38,medium,10452.01,1,10.97,1,0.004291,0.02
16,dt_multi_no_chain,39,medium,8.7,1,7.96,1,0.005747,0.02
16,dt_multi_no_chain,40,high,1823.97,0,6.81,0,0.011649,0.03
16,dt_multi_no_chain,41,high,22.89,0,8.74,0,0.016362,0.03
16,dt_multi_no_chain,42,high,10101.61,1,9.03,0,0.012012,0.03
16,dt_multi_no_chain,43,low,10449.28,1,9.23,1,0.003461,0.01
16,dt_multi_no_chain,44,high,5420.62,1,9.29,0,0.014174,0.03
16,dt_multi_no_chain,45,low,29888.44,1,7.75,1,0.00243,0.01
16,dt_multi_no_chain,46,medium,1086.98,1,9.41,0,0.004127,0.02
16,dt_multi_no_chain,47,low,33489.38,1,5.09,1,0.002776,0.01
16,dt_multi_no_chain,48,high,1096.56,0,7.18,0,0.010518,0.03
16,dt_multi_no_chain,49,medium,1094.66,0,10.34,1,0.005751,0.02
16,dt_multi_no_chain,50,high,3981.77,0,6.82,0,0.015529,0.03
16,dt_multi_no_chain,51,low,14046.24,1,10.43,0,0.002494,0.01
16,dt_multi_no_chain,52,low,24846.87,1,9.04,0,0.00274,0.01
16,dt_multi_no_chain,53,high,3979.75,1,11.46,0,0.0104,0.03
16,dt_multi_no_chain,54,high,8658.09,1,11.68,0,0.013532,0.03
16,dt_multi_no_chain,55,low,27123.01,0,10.3,0,0.002764,0.01
16,dt_multi_no_chain,56,low,42848.4,1,13.05,0,0.002477,0.01
16,dt_multi_no_chain,57,low,30247.83,1,8.62,0,0.003009,0.01
16,dt_multi_no_chain,58,medium,10451.61,1,10.89,0,0.006506,0.02
16,dt_multi_no_chain,59,medium,23771.31,1,6.86,0,0.004375,0.02
16,dt_multi_no_chain,60,medium,18373.55,1,6.09,0,0.005886,0.02
16,dt_multi_no_chain,61,low,23043.5,1,5.42,0,0.002726,0.01
16,dt_multi_no_chain,62,low,35287.02,1,7.99,0,0.003813,0.01
16,dt_multi_no_chain,63,low,30248.06,1,10.1,0,0.002941,0.01
16,dt_multi_no_chain,64,medium,4332.29,0,9.26,0,0.005192,0.02
16,dt_multi_no_chain,65,high,741.3,0,4.37,0,0.011834,0.03
16,dt_multi_no_chain,66,high,6138.31,1,8.86,0,0.014123,0.03
16,dt_multi_no_chain,67,high,5059.56,0,10.48,0,0.012279,0.03
16,dt_multi_no_chain,68,high,1101.86,0,11.9,0,0.012295,0.03
16,dt_multi_no_chain,69,low,19804.58,1,8.36,0,0.003621,0.01
16,dt_multi_no_chain,70,low,18846.51,0,9.75,0,0.003516,0.01
16,dt_multi_no_chain,71,high,1100.15,0,11.82,1,0.011629,0.03
16,dt_multi_no_chain,72,low,23403.7,0,6.24,0,0.003069,0.01
16,dt_multi_no_chain,73,high,3983.65,1,9.42,0,0.012977,0.03
16,dt_multi_no_chain,74,low,36367.16,1,12.9,0,0.002826,0.01
16,dt_multi_no_chain,75,medium,1814.44,1,11.19,0,0.004462,0.02
16,dt_multi_no_chain,76,medium,6488.94,1,6.01,0,0.005706,0.02
16,dt_multi_no_chain,77,low,15485.0,1,8.24,0,0.002126,0.01
16,dt_multi_no_chain,78,high,382.66,0,8.45,0,0.01431,0.03
16,dt_multi_no_chain,79,high,6862.51,0,9.57,1,0.007698,0.03
16,dt_multi_no_chain,80,medium,31330.43,0,9.96,0,0.004096,0.02
16,dt_multi_no_chain,81,low,19928.48,0,10.86,0,0.002612,0.01
16,dt_multi_no_chain,82,high,11899.21,1,11.12,0,0.006947,0.03
16,dt_multi_no_chain,83,low,42492.33,1,5.25,0,0.002975,0.01
16,dt_multi_no_chain,84,high,744.98,1,7.43,0,0.011482,0.03
16,dt_multi_no_chain,85,low,33126.91,1,7.58,0,0.00374,0.01
16,dt_multi_no_chain,86,high,1099.12,1,10.74,1,0.010812,0.03
16,dt_multi_no_chain,87,medium,12245.97,1,9.88,0,0.005488,0.02
16,dt_multi_no_chain,88,high,10463.95,0,8.43,0,0.010312,0.03
16,dt_multi_no_chain,89,medium,18371.48,1,5.27,0,0.004915,0.02
16,dt_multi_no_chain,90,low,42485.36,1,10.17,0,0.003043,0.01
16,dt_multi_no_chain,91,low,15125.67,1,8.71,0,0.003027,0.01
16,dt_multi_no_chain,92,low,14408.64,1,7.92,0,0.002409,0.01
16,dt_multi_no_chain,93,high,3261.06,0,7.05,0,0.011373,0.03
16,dt_multi_no_chain,94,medium,1810.27,1,10.45,0,0.00657,0.02
16,dt_multi_no_chain,95,high,383.44,0,7.46,0,0.015522,0.03
16,dt_multi_no_chain,96,low,60485.39,1,12.12,1,0.002247,0.01
16,dt_multi_no_chain,97,medium,14768.37,0,6.47,0,0.005287,0.02
16,dt_multi_no_chain,98,high,1821.83,0,9.02,0,0.011959,0.03
16,dt_multi_no_chain,99,low,38647.07,0,9.61,0,0.002493,0.01
16,dt_multi_no_chain,100,high,2179.75,0,5.84,1,0.01118,0.03
16,dt_multi_no_chain,101,high,10458.95,1,8.12,0,0.010192,0.03
16,dt_multi_no_chain,102,low,45007.87,1,9.49,0,0.002699,0.01
16,dt_multi_no_chain,103,low,33850.72,1,6.77,0,0.002959,0.01
16,dt_multi_no_chain,104,high,2544.1,1,10.53,0,0.014409,0.03
16,dt_multi_no_chain,105,medium,10446.46,0,8.85,0,0.00756,0.02
16,dt_multi_no_chain,106,high,380.11,1,11.93,0,0.013112,0.03
16,dt_multi_no_chain,107,high,20.52,1,9.74,0,0.011079,0.03
16,dt_multi_no_chain,108,high,2184.09,0,11.55,0,0.008186,0.03
16,dt_multi_no_chain,109,low,34206.98,1,6.11,1,0.003431,0.01
16,dt_multi_no_chain,110,high,22.36,0,9.38,0,0.012841,0.03
16,dt_multi_no_chain,111,medium,4333.46,1,10.84,0,0.006187,0.02
16,dt_multi_no_chain,112,low,36729.7,1,11.11,0,0.003371,0.01
16,dt_multi_no_chain,113,medium,10451.96,0,6.41,0,0.005241,0.02
16,dt_multi_no_chain,114,high,9020.78,0,8.64,0,0.008521,0.03
16,dt_multi_no_chain,115,low,45008.24,1,8.93,0,0.003106,0.01
16,dt_multi_no_chain,116,low,36729.15,1,8.17,0,0.003053,0.01
16,dt_multi_no_chain,117,high,746.45,1,8.94,0,0.010628,0.03
16,dt_multi_no_chain,118,high,1463.01,0,9.08,0,0.014076,0.03
16,dt_multi_no_chain,119,low,22689.1,1,9.44,0,0.003046,0.01
17,dt_multi_no_chain,0,medium,13331.89,1,10.84,0,0.004343,0.02
17,dt_multi_no_chain,1,medium,13330.53,1,8.75,0,0.00575,0.02
17,dt_multi_no_chain,2,medium,5413.27,1,9.31,0,0.005894,0.02
17,dt_multi_no_chain,3,medium,3971.23,1,8.94,0,0.007344,0.02
17,dt_multi_no_chain,4,medium,1092.58,1,8.13,0,0.00636,0.02
17,dt_multi_no_chain,5,medium,9133.29,0,7.92,1,0.008794,0.02
17,dt_multi_no_chain,6,medium,7567.39,1,10.48,0,0.005667,0.02
17,dt_multi_no_chain,7,medium,1089.71,1,9.84,0,0.005647,0.02
17,dt_multi_no_chain,8,high,738.85,1,11.54,0,0.014283,0.03
17,dt_multi_no_chain,9,high,2903.16,1,12.04,0,0.009892,0.03
17,dt_multi_no_chain,10,low,19806.1,1,11.43,0,0.003566,0.01
17,dt_multi_no_chain,11,low,37806.95,1,5.42,0,0.0029,0.01
17,dt_multi_no_chain,12,medium,3611.72,1,8.76,0,0.00764,0.02
17,dt_multi_no_chain,13,high,1460.01,1,9.67,0,0.014464,0.03
17,dt_multi_no_chain,14,high,1463.23,1,9.33,0,0.011994,0.03
17,dt_multi_no_chain,15,low,36006.5,1,7.44,0,0.002848,0.01
17,dt_multi_no_chain,16,high,6498.56,0,10.1,0,0.013538,0.03
17,dt_multi_no_chain,17,low,21967.25,1,11.53,1,0.002947,0.01
17,dt_multi_no_chain,18,low,34205.43,1,10.34,0,0.002914,0.01
17,dt_multi_no_chain,19,high,2181.35,0,8.44,1,0.013145,0.03
17,dt_multi_no_chain,20,high,3619.05,1,7.38,1,0.012256,0.03
17,dt_multi_no_chain,21,high,1465.34,0,9.72,1,0.011123,0.03
17,dt_multi_no_chain,22,high,3987.89,1,11.98,0,0.013562,0.03
17,dt_multi_no_chain,23,medium,5411.47,1,8.41,0,0.006526,0.02
17,dt_multi_no_chain,24,low,11886.08,1,9.86,0,0.002703,0.01
17,dt_multi_no_chain,25,medium,24487.66,1,7.85,0,0.004609,0.02
17,dt_multi_no_chain,26,high,1463.17,0,9.83,0,0.013167,0.03
17,dt_multi_no_chain,27,high,3984.18,0,8.02,0,0.013899,0.03
17,dt_multi_no_chain,28,high,1820.45,0,7.36,0,0.010656,0.03
17,dt_multi_no_chain,29,high,2541.61,0,4.5,0,0.012703,0.03
17,dt_multi_no_chain,30,medium,7931.13,0,7.78,0,0.007128,0.02
17,dt_multi_no_chain,31,high,2540.29,0,8.41,0,0.011406,0.03
17,dt_multi_no_chain,32,high,6263.14,0,8.54,0,0.017316,0.03
17,dt_multi_no_chain,33,medium,4694.41,1,12.04,1,0.007288,0.02
17,dt_multi_no_chain,34,high,1104.31,0,8.46,0,0.011427,0.03
17,dt_multi_no_chain,35,low,16923.77,0,10.06,1,0.004029,0.01
17,dt_multi_no_chain,36,high,3618.77,1,8.64,1,0.009507,0.03
17,dt_multi_no_chain,37,medium,2533.13,0,7.75,0,0.006422,0.02
17,dt_multi_no_chain,38,medium,29893.25,1,7.63,0,0.003941,0.02
17,dt_multi_no_chain,39,low,25205.49,1,7.6,0,0.003222,0.01
17,dt_multi_no_chain,40,high,3980.93,1,10.8,0,0.008926,0.03
17,dt_multi_no_chain,41,medium,15491.66,1,9.68,1,0.006815,0.02
17,dt_multi_no_chain,42,high,7217.85,1,8.59,0,0.012889,0.03
17,dt_multi_no_chain,43,low,35646.42,1,7.59,0,0.003086,0.01
17,dt_multi_no_chain,44,low,28805.08,1,12.25,0,0.00353,0.01
17,dt_multi_no_chain,45,high,20.42,1,8.13,1,0.01081,0.03
17,dt_multi_no_chain,46,medium,11527.61,0,7.72,0,0.007243,0.02
17,dt_multi_no_chain,47,low,35646.31,1,9.33,0,0.003056,0.01
17,dt_multi_no_chain,48,medium,7930.36,1,10.46,1,0.006062,0.02
17,dt_multi_no_chain,49,medium,14767.59,1,6.98,0,0.006649,0.02
17,dt_multi_no_chain,50,medium,20170.71,0,11.76,0,0.00618,0.02
17,dt_multi_no_chain,51,medium,6131.86,0,8.6,0,0.006878,0.02
17,dt_multi_no_chain,52,low,18368.17,1,8.04,1,0.004336,0.01
17,dt_multi_no_chain,53,low,30243.43,1,13.77,1,0.002416,0.01
17,dt_multi_no_chain,54,medium,2528.48,1,10.3,1,0.007023,0.02
17,dt_multi_no_chain,55,low,25564.13,1,10.66,1,0.002896,0.01
17,dt_multi_no_chain,56,high,8662.26,0,8.74,0,0.011674,0.03
17,dt_multi_no_chain,57,medium,11891.33,1,7.81,0,0.007387,0.02
17,dt_multi_no_chain,58,high,22.99,1,8.81,0,0.013187,0.03
17,dt_multi_no_chain,59,low,49685.55,1,8.72,0,0.0025,0.01
17,dt_multi_no_chain,60,high,21.8,0,12.16,0,0.013578,0.03
17,dt_multi_no_chain,61,high,743.21,0,9.48,1,0.010015,0.03
17,dt_multi_no_chain,62,high,1462.06,1,11.67,1,0.011615,0.03
17,dt_multi_no_chain,63,high,9379.55,0,9.95,1,0.011354,0.03
17,dt_multi_no_chain,64,medium,7331.1,0,11.6,0,0.006258,0.02
17,dt_multi_no_chain,65,high,2899.89,1,10.3,0,0.011903,0.03
17,dt_multi_no_chain,66,medium,14051.82,0,12.72,0,0.006925,0.02
17,dt_multi_no_chain,67,low,46443.46,1,10.59,0,0.002732,0.01
17,dt_multi_no_chain,68,high,1823.4,1,9.82,0,0.012726,0.03
17,dt_multi_no_chain,69,low,19087.76,1,8.4,0,0.003176,0.01
17,dt_multi_no_chain,70,medium,14053.58,0,7.7,0,0.006385,0.02
17,dt_multi_no_chain,71,low,21247.91,1,8.43,0,0.002945,0.01
17,dt_multi_no_chain,72,high,2178.81,0,11.37,0,0.014122,0.03
17,dt_multi_no_chain,73,low,20882.89,0,11.71,0,0.003066,0.01
17,dt_multi_no_chain,74,medium,1813.74,1,6.91,0,0.005397,0.02
17,dt_multi_no_chain,75,medium,14051.26,1,9.84,0,0.005207,0.02
17,dt_multi_no_chain,76,high,4343.73,1,8.22,0,0.012491,0.03
17,dt_multi_no_chain,77,high,2182.02,0,7.42,0,0.012219,0.03
17,dt_multi_no_chain,78,low,11526.32,1,11.14,0,0.002762,0.01
17,dt_multi_no_chain,79,low,38167.0,1,12.97,0,0.002863,0.01
17,dt_multi_no_chain,80,high,7941.19,0,7.27,1,0.011155,0.03
17,dt_multi_no_chain,81,medium,3250.36,1,7.18,0,0.007139,0.02
17,dt_multi_no_chain,82,high,2181.76,1,8.83,0,0.009815,0.03
17,dt_multi_no_chain,83,low,41765.65,1,9.19,0,0.001775,0.01
17,dt_multi_no_chain,84,low,15484.09,1,7.98,0,0.003021,0.01
17,dt_multi_no_chain,85,low,19445.48,1,8.94,0,0.003617,0.01
17,dt_multi_no_chain,86,low,10806.57,1,9.38,0,0.004478,0.01
17,dt_multi_no_chain,87,medium,732.46,1,10.23,1,0.005755,0.02
17,dt_multi_no_chain,88,medium,2169.35,1,9.35,0,0.004251,0.02
17,dt_multi_no_chain,89,high,381.91,0,9.85,0,0.011644,0.03
17,dt_multi_no_chain,90,medium,6852.78,1,10.34,0,0.007698,0.02
17,dt_multi_no_chain,91,low,15847.44,0,9.88,0,0.002063,0.01
17,dt_multi_no_chain,92,medium,5049.04,1,10.02,0,0.00344,0.02
17,dt_multi_no_chain,93,low,38165.84,1,5.35,0,0.001896,0.01
17,dt_multi_no_chain,94,medium,12248.93,1,5.56,0,0.007912,0.02
17,dt_multi_no_chain,95,medium,1448.56,1,8.09,0,0.005703,0.02
17,dt_multi_no_chain,96,high,379.96,0,10.47,0,0.011012,0.03
17,dt_multi_no_chain,97,low,26284.88,1,9.58,0,0.002817,0.01
17,dt_multi_no_chain,98,high,383.34,0,8.59,0,0.012823,0.03
17,dt_multi_no_chain,99,medium,5768.66,1,6.88,0,0.006325,0.02
17,dt_multi_no_chain,100,high,5058.09,0,8.17,0,0.015837,0.03
17,dt_multi_no_chain,101,high,1458.68,1,10.01,0,0.012853,0.03
17,dt_multi_no_chain,102,low,20527.84,1,7.02,0,0.002427,0.01
17,dt_multi_no_chain,103,medium,7567.48,1,7.24,1,0.005542,0.02
17,dt_multi_no_chain,104,medium,5052.87,1,8.66,0,0.005873,0.02
17,dt_multi_no_chain,105,medium,11173.06,1,9.94,0,0.006306,0.02
17,dt_multi_no_chain,106,medium,17655.3,1,4.86,0,0.005328,0.02
17,dt_multi_no_chain,107,medium,11529.67,1,5.91,0,0.005899,0.02
17,dt_multi_no_chain,108,medium,7573.08,1,11.18,0,0.004417,0.02
17,dt_multi_no_chain,109,medium,3968.21,1,7.72,0,0.006487,0.02
17,dt_multi_no_chain,110,medium,12969.72,1,11.46,1,0.005547,0.02
17,dt_multi_no_chain,111,high,3980.13,0,10.0,0,0.011765,0.03
17,dt_multi_no_chain,112,low,24849.1,1,5.85,0,0.003141,0.01
17,dt_multi_no_chain,113,medium,8292.41,1,7.87,0,0.008259,0.02
17,dt_multi_no_chain,114,high,7582.51,0,12.21,0,0.012284,0.03
17,dt_multi_no_chain,115,medium,1809.99,1,10.73,0,0.005964,0.02
17,dt_multi_no_chain,116,medium,2172.37,1,5.37,0,0.006006,0.02
17,dt_multi_no_chain,117,medium,7215.64,1,10.26,1,0.00527,0.02
17,dt_multi_no_chain,118,medium,9370.37,1,8.39,0,0.007139,0.02
17,dt_multi_no_chain,119,medium,1452.12,0,13.89,0,0.006705,0.02
18,dt_multi_no_chain,0,low,28086.6,1,8.23,1,0.003088,0.01
18,dt_multi_no_chain,1,high,1464.38,0,5.43,0,0.011312,0.03
18,dt_multi_no_chain,2,high,1584.61,0,9.46,0,0.011209,0.03
18,dt_multi_no_chain,3,high,6139.89,1,8.28,0,0.012477,0.03
18,dt_multi_no_chain,4,medium,1808.86,1,8.95,0,0.006174,0.02
18,dt_multi_no_chain,5,high,3265.51,1,7.33,0,0.013128,0.03
18,dt_multi_no_chain,6,low,40686.08,1,6.35,1,0.003372,0.01
18,dt_multi_no_chain,7,low,30244.37,1,10.47,0,0.003327,0.01
18,dt_multi_no_chain,8,low,27001.88,0,12.87,0,0.002821,0.01
18,dt_multi_no_chain,9,high,2296.66,0,13.78,1,0.011413,0.03
18,dt_multi_no_chain,10,low,38162.33,1,7.49,0,0.002449,0.01
18,dt_multi_no_chain,11,low,25205.09,1,4.83,0,0.003191,0.01
18,dt_multi_no_chain,12,high,1820.06,1,9.19,0,0.012904,0.03
18,dt_multi_no_chain,13,medium,14411.97,1,8.46,0,0.006954,0.02
18,dt_multi_no_chain,14,high,5421.29,1,8.39,0,0.010601,0.03
18,dt_multi_no_chain,15,low,18364.39,1,10.9,0,0.003291,0.01
18,dt_multi_no_chain,16,low,33842.66,1,11.63,0,0.003138,0.01
18,dt_multi_no_chain,17,medium,7210.2,1,6.15,0,0.006896,0.02
18,dt_multi_no_chain,18,low,43925.99,1,6.93,0,0.002403,0.01
18,dt_multi_no_chain,19,medium,15851.75,0,7.8,0,0.005214,0.02
18,dt_multi_no_chain,20,low,18006.61,1,10.55,0,0.00335,0.01
18,dt_multi_no_chain,21,medium,4692.01,1,11.98,0,0.007026,0.02
18,dt_multi_no_chain,22,medium,6133.78,1,7.45,1,0.005139,0.02
18,dt_multi_no_chain,23,medium,13330.2,1,10.11,0,0.005463,0.02
18,dt_multi_no_chain,24,medium,1091.05,1,5.53,0,0.007097,0.02
18,dt_multi_no_chain,25,low,23405.41,1,5.83,0,0.003261,0.01
18,dt_multi_no_chain,26,low,30609.46,1,7.95,0,0.002598,0.01
18,dt_multi_no_chain,27,high,1101.19,1,3.08,1,0.013776,0.03
18,dt_multi_no_chain,28,medium,18370.78,1,5.14,1,0.004769,0.02
18,dt_multi_no_chain,29,medium,7211.51,1,9.64,0,0.007685,0.02
18,dt_multi_no_chain,30,medium,13691.61,1,10.06,0,0.005949,0.02
18,dt_multi_no_chain,31,medium,5411.26,0,8.55,0,0.004233,0.02
18,dt_multi_no_chain,32,medium,2171.68,1,11.19,0,0.005762,0.02
18,dt_multi_no_chain,33,medium,5768.7,1,5.43,0,0.00719,0.02
18,dt_multi_no_chain,34,high,1100.35,1,9.38,0,0.011127,0.03
18,dt_multi_no_chain,35,high,7942.5,0,7.81,0,0.015502,0.03
18,dt_multi_no_chain,36,medium,3251.02,1,6.39,0,0.006716,0.02
18,dt_multi_no_chain,37,medium,15129.51,1,10.32,1,0.005409,0.02
18,dt_multi_no_chain,38,high,2546.27,1,12.14,0,0.01044,0.03
18,dt_multi_no_chain,39,high,3979.45,0,7.54,0,0.01243,0.03
18,dt_multi_no_chain,40,high,1820.73,0,6.28,0,0.011836,0.03
18,dt_multi_no_chain,41,high,19.51,0,8.37,0,0.012491,0.03
18,dt_multi_no_chain,42,low,31326.64,1,11.16,0,0.002977,0.01
18,dt_multi_no_chain,43,high,4701.45,0,9.34,0,0.014035,0.03
18,dt_multi_no_chain,44,low,26648.24,0,11.58,0,0.002924,0.01
18,dt_multi_no_chain,45,low,17647.41,1,12.36,0,0.003131,0.01
18,dt_multi_no_chain,46,high,19.98,1,8.12,0,0.010943,0.03
18,dt_multi_no_chain,47,medium,7570.68,1,5.22,0,0.004873,0.02
18,dt_multi_no_chain,48,medium,9009.84,1,7.6,0,0.007144,0.02
18,dt_multi_no_chain,49,medium,7212.28,0,8.96,0,0.006053,0.02
18,dt_multi_no_chain,50,high,3258.22,1,14.15,0,0.012923,0.03
18,dt_multi_no_chain,51,high,384.67,1,6.86,0,0.01344,0.03
18,dt_multi_no_chain,52,low,25206.91,1,9.17,0,0.003887,0.01
18,dt_multi_no_chain,53,low,29887.33,1,10.4,0,0.002521,0.01
18,dt_multi_no_chain,54,low,36005.27,0,5.36,0,0.003259,0.01
18,dt_multi_no_chain,55,high,742.64,1,6.7,0,0.011721,0.03
18,dt_multi_no_chain,56,high,379.19,0,8.78,0,0.010494,0.03
18,dt_multi_no_chain,57,high,5061.41,1,9.96,0,0.014953,0.03
18,dt_multi_no_chain,58,high,1104.19,0,5.04,0,0.011717,0.03
18,dt_multi_no_chain,59,low,29165.71,1,8.64,0,0.003349,0.01
18,dt_multi_no_chain,60,high,3984.48,1,10.5,0,0.009163,0.03
18,dt_multi_no_chain,61,medium,1932.37,0,13.23,1,0.006903,0.02
18,dt_multi_no_chain,62,medium,21611.33,0,8.22,0,0.005961,0.02
18,dt_multi_no_chain,63,medium,8651.35,1,7.54,0,0.006929,0.02
18,dt_multi_no_chain,64,high,1824.31,1,7.46,0,0.012723,0.03
18,dt_multi_no_chain,65,low,50046.8,1,7.66,0,0.002621,0.01
18,dt_multi_no_chain,66,low,28088.49,1,7.99,0,0.003299,0.01
18,dt_multi_no_chain,67,low,12964.0,1,6.23,0,0.002578,0.01
18,dt_multi_no_chain,68,medium,9730.38,0,8.81,0,0.005589,0.02
18,dt_multi_no_chain,69,low,36003.62,1,10.72,1,0.003655,0.01
18,dt_multi_no_chain,70,high,2903.73,0,5.87,0,0.010595,0.03
18,dt_multi_no_chain,71,low,27006.06,1,7.89,0,0.003036,0.01
18,dt_multi_no_chain,72,low,29522.95,1,8.98,0,0.003309,0.01
18,dt_multi_no_chain,73,medium,4694.38,1,11.46,0,0.005044,0.02
18,dt_multi_no_chain,74,low,39963.1,1,6.25,0,0.002818,0.01
18,dt_multi_no_chain,75,medium,12972.07,1,12.54,0,0.00496,0.02
18,dt_multi_no_chain,76,low,14045.93,1,6.13,0,0.003354,0.01
18,dt_multi_no_chain,77,medium,16209.71,1,8.34,0,0.005597,0.02
18,dt_multi_no_chain,78,high,1100.01,1,8.54,0,0.012472,0.03
18,dt_multi_no_chain,79,medium,2532.05,1,12.74,0,0.005142,0.02
18,dt_multi_no_chain,80,medium,2889.26,1,9.72,0,0.006029,0.02
18,dt_multi_no_chain,81,low,42127.63,1,9.97,0,0.002947,0.01
18,dt_multi_no_chain,82,medium,7214.33,1,11.69,0,0.007219,0.02
18,dt_multi_no_chain,83,low,24845.32,1,9.21,0,0.00315,0.01
18,dt_multi_no_chain,84,low,23408.42,1,12.29,1,0.00251,0.01
18,dt_multi_no_chain,85,high,1097.45,0,9.05,0,0.009335,0.03
18,dt_multi_no_chain,86,high,741.97,0,10.32,0,0.012997,0.03
18,dt_multi_no_chain,87,medium,17651.93,1,10.83,1,0.005338,0.02
18,dt_multi_no_chain,88,high,1220.21,0,6.43,0,0.010588,0.03
18,dt_multi_no_chain,89,medium,20170.96,0,9.09,0,0.006261,0.02
18,dt_multi_no_chain,90,medium,3971.1,1,9.79,0,0.005697,0.02
18,dt_multi_no_chain,91,low,22084.38,0,13.96,0,0.002557,0.01
18,dt_multi_no_chain,92,medium,1092.07,1,7.45,0,0.007494,0.02
18,dt_multi_no_chain,93,high,5417.95,0,6.52,0,0.014748,0.03
18,dt_multi_no_chain,94,medium,7209.85,1,10.39,1,0.007033,0.02
18,dt_multi_no_chain,95,high,5779.47,1,10.59,0,0.011592,0.03
18,dt_multi_no_chain,96,medium,1448.15,1,6.81,1,0.005586,0.02
18,dt_multi_no_chain,97,low,43927.01,1,12.95,1,0.002965,0.01
18,dt_multi_no_chain,98,high,8301.63,1,10.87,0,0.01183,0.03
18,dt_multi_no_chain,99,high,743.04,1,6.72,0,0.012102,0.03
18,dt_multi_no_chain,100,low,39606.23,1,8.74,0,0.002692,0.01
18,dt_multi_no_chain,101,low,26283.15,1,4.93,0,0.003106,0.01
18,dt_multi_no_chain,102,high,8658.43,0,8.49,0,0.01092,0.03
18,dt_multi_no_chain,103,medium,7928.98,1,6.99,0,0.006901,0.02
18,dt_multi_no_chain,104,low,11887.23,1,6.97,0,0.00383,0.01
18,dt_multi_no_chain,105,medium,16214.52,1,6.18,0,0.004752,0.02
18,dt_multi_no_chain,106,low,40328.41,1,7.78,0,0.003471,0.01
18,dt_multi_no_chain,107,medium,13333.11,1,8.34,0,0.004013,0.02
18,dt_multi_no_chain,108,low,30245.46,1,7.36,1,0.003391,0.01
18,dt_multi_no_chain,109,medium,4330.68,1,9.12,0,0.006266,0.02
18,dt_multi_no_chain,110,medium,17293.4,0,5.39,0,0.006418,0.02
18,dt_multi_no_chain,111,high,741.28,0,8.85,0,0.011489,0.03
18,dt_multi_no_chain,112,low,18727.3,1,9.66,0,0.002973,0.01
18,dt_multi_no_chain,113,high,23.13,0,7.6,0,0.010077,0.03
18,dt_multi_no_chain,114,high,20.28,0,11.95,0,0.010816,0.03
18,dt_multi_no_chain,115,medium,1929.0,0,7.22,0,0.006436,0.02
18,dt_multi_no_chain,116,medium,21611.95,0,5.42,0,0.005834,0.02
18,dt_multi_no_chain,117,high,3983.17,1,5.35,0,0.013529,0.03
18,dt_multi_no_chain,118,low,14766.35,1,8.07,0,0.002328,0.01
18,dt_multi_no_chain,119,medium,373.81,1,10.57,1,0.005908,0.02
19,dt_multi_no_chain,0,medium,10451.79,1,8.38,0,0.006053,0.02
19,dt_multi_no_chain,1,low,44285.08,1,6.92,0,0.003273,0.01
19,dt_multi_no_chain,2,medium,4330.16,1,8.89,0,0.006233,0.02
19,dt_multi_no_chain,3,high,22.55,1,5.05,0,0.010558,0.03
19,dt_multi_no_chain,4,low,20163.65,1,10.02,0,0.003763,0.01
19,dt_multi_no_chain,5,high,7703.49,0,9.36,0,0.014174,0.03
19,dt_multi_no_chain,6,low,41769.11,1,7.33,0,0.002979,0.01
19,dt_multi_no_chain,7,low,38526.26,1,7.69,0,0.002588,0.01
19,dt_multi_no_chain,8,high,3262.47,1,9.78,0,0.012173,0.03
19,dt_multi_no_chain,9,low,20524.83,1,10.52,0,0.002784,0.01
19,dt_multi_no_chain,10,high,4705.2,0,12.09,0,0.011917,0.03
19,dt_multi_no_chain,11,low,36004.76,1,8.01,0,0.002673,0.01
19,dt_multi_no_chain,12,low,29882.65,1,9.72,0,0.003227,0.01
19,dt_multi_no_chain,13,low,37804.9,0,12.47,0,0.00274,0.01
19,dt_multi_no_chain,14,low,46803.8,1,8.74,0,0.002832,0.01
19,dt_multi_no_chain,15,medium,5770.34,1,10.54,0,0.006493,0.02
19,dt_multi_no_chain,16,low,45724.65,1,12.66,0,0.002897,0.01
19,dt_multi_no_chain,17,low,37445.81,1,9.54,0,0.003861,0.01
19,dt_multi_no_chain,18,low,34568.51,1,10.86,0,0.002239,0.01
19,dt_multi_no_chain,19,high,1462.99,0,3.83,0,0.010297,0.03
19,dt_multi_no_chain,20,low,32405.14,1,5.46,0,0.002879,0.01
19,dt_multi_no_chain,21,high,20.59,1,12.42,0,0.011474,0.03
19,dt_multi_no_chain,22,high,7941.66,0,9.3,0,0.009618,0.03
19,dt_multi_no_chain,23,high,8661.61,1,5.39,0,0.010852,0.03
19,dt_multi_no_chain,24,high,378.63,0,10.57,0,0.011832,0.03
19,dt_multi_no_chain,25,medium,5769.1,1,8.73,0,0.005021,0.02
19,dt_multi_no_chain,26,high,1462.49,0,8.89,0,0.008326,0.03
19,dt_multi_no_chain,27,medium,6849.81,1,7.8,0,0.004587,0.02
19,dt_multi_no_chain,28,medium,1809.44,1,11.52,0,0.005493,0.02
19,dt_multi_no_chain,29,medium,1088.32,1,12.92,0,0.005788,0.02
19,dt_multi_no_chain,30,high,9019.5,1,6.85,0,0.01286,0.03
19,dt_multi_no_chain,31,high,2181.3,0,11.98,0,0.010446,0.03
19,dt_multi_no_chain,32,high,4338.21,0,10.04,0,0.011472,0.03
19,dt_multi_no_chain,33,medium,7569.91,1,9.07,0,0.006851,0.02
19,dt_multi_no_chain,34,medium,11887.77,1,10.49,1,0.004284,0.02
19,dt_multi_no_chain,35,low,21606.72,1,7.99,0,0.002602,0.01
19,dt_multi_no_chain,36,low,35647.87,1,6.76,1,0.002885,0.01
19,dt_multi_no_chain,37,high,2544.09,0,9.94,0,0.013975,0.03
19,dt_multi_no_chain,38,high,2542.14,0,9.96,1,0.011841,0.03
19,dt_multi_no_chain,39,low,26406.74,0,8.65,0,0.004277,0.01
19,dt_multi_no_chain,40,low,45367.83,1,11.46,0,0.002594,0.01
19,dt_multi_no_chain,41,low,25682.04,0,9.26,0,0.003076,0.01
19,dt_multi_no_chain,42,low,39604.8,1,6.34,0,0.003207,0.01
19,dt_multi_no_chain,43,high,5902.42,0,12.06,0,0.011134,0.03
19,dt_multi_no_chain,44,low,21249.46,0,8.88,0,0.004201,0.01
19,dt_multi_no_chain,45,medium,6133.8,1,8.71,0,0.006049,0.02
19,dt_multi_no_chain,46,high,1461.12,1,7.6,0,0.011498,0.03
19,dt_multi_no_chain,47,high,2542.27,0,5.55,0,0.013025,0.03
19,dt_multi_no_chain,48,medium,8291.65,1,11.45,0,0.006767,0.02
19,dt_multi_no_chain,49,medium,4693.2,1,8.14,0,0.005977,0.02
19,dt_multi_no_chain,50,medium,17291.04,1,11.61,1,0.005289,0.02
19,dt_multi_no_chain,51,high,6498.46,0,11.47,0,0.013326,0.03
19,dt_multi_no_chain,52,medium,4332.34,0,10.29,0,0.006673,0.02
19,dt_multi_no_chain,53,low,27364.02,1,8.81,0,0.003081,0.01
19,dt_multi_no_chain,54,medium,14410.67,1,8.85,0,0.00782,0.02
19,dt_multi_no_chain,55,low,24128.22,0,7.64,0,0.002419,0.01
19,dt_multi_no_chain,56,medium,3970.56,0,10.07,0,0.005549,0.02
19,dt_multi_no_chain,57,medium,20529.84,1,7.33,0,0.006196,0.02
19,dt_multi_no_chain,58,medium,6129.63,0,10.57,0,0.005901,0.02
19,dt_multi_no_chain,59,low,20167.17,0,8.21,0,0.002734,0.01
19,dt_multi_no_chain,60,medium,20173.51,0,9.46,0,0.005644,0.02
19,dt_multi_no_chain,61,low,17287.51,1,6.81,0,0.003891,0.01
19,dt_multi_no_chain,62,medium,1452.26,0,9.15,0,0.006591,0.02
19,dt_multi_no_chain,63,medium,7569.65,1,8.04,1,0.005795,0.02
19,dt_multi_no_chain,64,medium,7930.89,1,7.51,0,0.005806,0.02
19,dt_multi_no_chain,65,low,48965.71,0,8.45,1,0.002441,0.01
19,dt_multi_no_chain,66,medium,22811.69,0,9.62,0,0.005523,0.02
19,dt_multi_no_chain,67,low,20167.17,1,12.32,0,0.003207,0.01
19,dt_multi_no_chain,68,low,16926.02,1,11.3,0,0.002447,0.01
19,dt_multi_no_chain,69,medium,13689.08,1,6.53,0,0.007523,0.02
19,dt_multi_no_chain,70,high,6501.83,1,9.54,0,0.014771,0.03
19,dt_multi_no_chain,71,medium,7929.68,1,10.65,0,0.005517,0.02
19,dt_multi_no_chain,72,high,1099.42,0,8.19,1,0.013062,0.03
19,dt_multi_no_chain,73,high,5062.22,0,6.4,0,0.013014,0.03
19,dt_multi_no_chain,74,medium,15850.88,1,10.42,0,0.005913,0.02
19,dt_multi_no_chain,75,low,33848.22,1,9.22,1,0.002829,0.01
19,dt_multi_no_chain,76,low,38885.48,0,12.39,0,0.002253,0.01
19,dt_multi_no_chain,77,high,2178.01,0,8.14,0,0.009676,0.03
19,dt_multi_no_chain,78,low,43566.54,1,11.57,0,0.003013,0.01
19,dt_multi_no_chain,79,low,24847.84,1,12.83,0,0.00334,0.01
19,dt_multi_no_chain,80,medium,2889.04,1,11.25,0,0.004508,0.02
19,dt_multi_no_chain,81,high,4700.29,1,9.63,0,0.008697,0.03
19,dt_multi_no_chain,82,low,37084.18,1,7.87,0,0.00244,0.01
19,dt_multi_no_chain,83,low,40685.62,1,8.89,1,0.003298,0.01
19,dt_multi_no_chain,84,low,37087.06,1,9.05,0,0.003692,0.01
19,dt_multi_no_chain,85,high,7579.1,0,10.07,0,0.014981,0.03
19,dt_multi_no_chain,86,high,2179.96,0,9.71,0,0.008859,0.03
19,dt_multi_no_chain,87,low,32047.72,1,8.39,0,0.002632,0.01
19,dt_multi_no_chain,88,medium,16690.09,0,10.68,1,0.005071,0.02
19,dt_multi_no_chain,89,high,6143.39,0,8.51,0,0.012569,0.03
19,dt_multi_no_chain,90,high,739.53,1,10.31,1,0.011606,0.03
19,dt_multi_no_chain,91,medium,12248.51,1,12.49,0,0.005322,0.02
19,dt_multi_no_chain,92,low,33845.2,1,9.91,0,0.003025,0.01
19,dt_multi_no_chain,93,high,381.32,0,9.34,0,0.011458,0.03
19,dt_multi_no_chain,94,low,30248.89,1,7.94,1,0.002031,0.01
19,dt_multi_no_chain,95,high,1459.97,0,8.04,0,0.009618,0.03
19,dt_multi_no_chain,96,high,3257.92,1,10.37,0,0.012202,0.03
19,dt_multi_no_chain,97,medium,7930.08,1,10.71,1,0.006527,0.02
19,dt_multi_no_chain,98,medium,9372.52,0,11.86,0,0.006236,0.02
19,dt_multi_no_chain,99,low,42843.53,1,11.6,1,0.002943,0.01
19,dt_multi_no_chain,100,medium,4692.24,1,9.35,0,0.007437,0.02
19,dt_multi_no_chain,101,high,2179.59,0,8.09,0,0.01361,0.03
19,dt_multi_no_chain,102,low,45728.66,0,12.18,0,0.002464,0.01
19,dt_multi_no_chain,103,high,1222.93,0,9.31,0,0.011486,0.03
19,dt_multi_no_chain,104,medium,16928.72,1,11.68,0,0.005386,0.02
19,dt_multi_no_chain,105,low,38525.71,1,10.77,0,0.002201,0.01
19,dt_multi_no_chain,106,medium,6487.38,0,10.15,0,0.006219,0.02
19,dt_multi_no_chain,107,medium,8651.34,1,6.86,0,0.005785,0.02
19,dt_multi_no_chain,108,high,22.72,1,6.74,0,0.011747,0.03
19,dt_multi_no_chain,109,high,7219.35,0,10.15,0,0.016057,0.03
19,dt_multi_no_chain,110,high,1820.93,1,5.87,1,0.008255,0.03
19,dt_multi_no_chain,111,high,2183.08,0,10.29,0,0.013872,0.03
19,dt_multi_no_chain,112,low,33484.88,1,6.31,0,0.003293,0.01
19,dt_multi_no_chain,113,medium,13691.61,1,8.45,0,0.006084,0.02
19,dt_multi_no_chain,114,medium,9730.6,1,11.12,0,0.007059,0.02
19,dt_multi_no_chain,115,low,12968.33,1,7.71,0,0.002542,0.01
19,dt_multi_no_chain,116,low,31326.53,1,4.2,0,0.003425,0.01
19,dt_multi_no_chain,117,medium,3970.44,1,5.53,1,0.006358,0.02
19,dt_multi_no_chain,118,medium,730.25,1,11.78,1,0.007844,0.02
19,dt_multi_no_chain,119,high,1820.81,1,8.36,0,0.009932,0.03
20,dt_multi_no_chain,0,medium,1809.64,0,8.25,0,0.004174,0.02
20,dt_multi_no_chain,1,high,3259.05,1,8.42,0,0.011209,0.03
20,dt_multi_no_chain,2,high,3618.11,0,10.39,0,0.012573,0.03
20,dt_multi_no_chain,3,low,9004.17,1,13.68,0,0.003805,0.01
20,dt_multi_no_chain,4,high,1105.6,0,7.92,0,0.010621,0.03
20,dt_multi_no_chain,5,high,2538.15,0,8.66,0,0.015165,0.03
20,dt_multi_no_chain,6,medium,3249.94,1,7.07,1,0.0063,0.02
20,dt_multi_no_chain,7,low,29525.88,1,8.49,1,0.002933,0.01
20,dt_multi_no_chain,8,medium,8292.48,1,6.78,0,0.005127,0.02
20,dt_multi_no_chain,9,high,1100.77,0,8.74,0,0.013641,0.03
20,dt_multi_no_chain,10,medium,3249.85,1,8.25,1,0.007639,0.02
20,dt_multi_no_chain,11,high,737.3,0,8.36,0,0.01172,0.03
20,dt_multi_no_chain,12,low,34204.2,1,10.41,0,0.003166,0.01
20,dt_multi_no_chain,13,high,18.09,0,8.76,0,0.012404,0.03
20,dt_multi_no_chain,14,medium,7572.08,1,7.98,0,0.008034,0.02
20,dt_multi_no_chain,15,medium,10451.69,1,7.46,0,0.00581,0.02
20,dt_multi_no_chain,16,medium,1808.84,0,7.78,0,0.005734,0.02
20,dt_multi_no_chain,17,low,39608.47,1,6.27,0,0.002657,0.01
20,dt_multi_no_chain,18,low,25204.68,1,6.28,1,0.004136,0.01
20,dt_multi_no_chain,19,medium,8653.75,0,8.3,0,0.005866,0.02
20,dt_multi_no_chain,20,high,378.03,0,5.26,0,0.012995,0.03
20,dt_multi_no_chain,21,high,2538.83,0,9.51,0,0.012412,0.03
20,dt_multi_no_chain,22,medium,7210.16,1,7.68,0,0.005525,0.02
20,dt_multi_no_chain,23,high,4340.07,0,8.91,0,0.009717,0.03
20,dt_multi_no_chain,24,medium,6127.61,1,5.34,0,0.006799,0.02
20,dt_multi_no_chain,25,high,2541.41,1,11.83,0,0.010233,0.03
20,dt_multi_no_chain,26,low,32047.25,1,9.17,0,0.003438,0.01
20,dt_multi_no_chain,27,low,23887.24,0,9.12,0,0.00275,0.01
20,dt_multi_no_chain,28,low,24488.32,0,10.6,1,0.003342,0.01
20,dt_multi_no_chain,29,high,379.22,1,5.99,0,0.010749,0.03
20,dt_multi_no_chain,30,low,30603.9,1,7.76,0,0.002817,0.01
20,dt_multi_no_chain,31,medium,9731.91,1,10.8,0,0.005088,0.02
20,dt_multi_no_chain,32,high,1102.48,0,9.26,0,0.013226,0.03
20,dt_multi_no_chain,33,high,1825.03,1,7.94,0,0.010291,0.03
20,dt_multi_no_chain,34,medium,2891.11,1,8.69,1,0.005723,0.02
20,dt_multi_no_chain,35,medium,10809.96,0,9.51,0,0.005889,0.02
20,dt_multi_no_chain,36,high,2903.19,1,8.43,0,0.012667,0.03
20,dt_multi_no_chain,37,low,35647.4,1,9.04,0,0.00375,0.01
20,dt_multi_no_chain,38,high,379.72,0,10.39,0,0.012444,0.03
20,dt_multi_no_chain,39,medium,1090.52,1,8.52,0,0.006799,0.02
20,dt_multi_no_chain,40,high,744.49,0,12.84,0,0.013369,0.03
20,dt_multi_no_chain,41,medium,3605.06,1,10.19,0,0.004901,0.02
20,dt_multi_no_chain,42,high,1818.2,1,8.28,0,0.011118,0.03
20,dt_multi_no_chain,43,high,6857.07,0,9.59,0,0.013591,0.03
20,dt_multi_no_chain,44,medium,7573.92,1,5.48,0,0.004998,0.02
20,dt_multi_no_chain,45,medium,16206.69,0,8.02,0,0.004894,0.02
20,dt_multi_no_chain,46,medium,10451.71,1,11.86,0,0.008309,0.02
20,dt_multi_no_chain,47,medium,728.48,1,9.18,0,0.005315,0.02
20,dt_multi_no_chain,48,medium,18012.84,1,9.54,0,0.006856,0.02
20,dt_multi_no_chain,49,medium,6489.0,1,6.69,0,0.006739,0.02
20,dt_multi_no_chain,50,low,26408.95,0,7.99,0,0.002013,0.01
20,dt_multi_no_chain,51,medium,1092.31,1,7.52,0,0.005194,0.02
20,dt_multi_no_chain,52,medium,16572.01,1,9.62,0,0.00623,0.02
20,dt_multi_no_chain,53,high,860.49,0,8.22,0,0.013688,0.03
20,dt_multi_no_chain,54,low,21241.74,1,8.69,0,0.003817,0.01
20,dt_multi_no_chain,55,high,2183.31,1,9.52,0,0.013422,0.03
20,dt_multi_no_chain,56,low,24843.56,1,8.85,0,0.003001,0.01
20,dt_multi_no_chain,57,high,6140.78,0,9.32,0,0.014231,0.03
20,dt_multi_no_chain,58,medium,10812.32,1,9.8,0,0.007572,0.02
20,dt_multi_no_chain,59,high,9739.37,0,9.89,0,0.010079,0.03
20,dt_multi_no_chain,60,medium,9010.83,1,8.65,0,0.00521,0.02
20,dt_multi_no_chain,61,low,35286.0,0,7.6,0,0.003314,0.01
20,dt_multi_no_chain,62,low,13324.15,1,10.19,0,0.003662,0.01
20,dt_multi_no_chain,63,medium,11891.71,1,8.03,0,0.004184,0.02
20,dt_multi_no_chain,64,medium,1808.15,1,7.47,0,0.004652,0.02
20,dt_multi_no_chain,65,low,27844.44,0,10.08,0,0.003331,0.01
20,dt_multi_no_chain,66,high,3261.67,0,8.45,1,0.01505,0.03
20,dt_multi_no_chain,67,low,18005.6,1,11.23,0,0.003529,0.01
20,dt_multi_no_chain,68,medium,1093.21,1,9.86,0,0.005206,0.02
20,dt_multi_no_chain,69,medium,2166.55,1,8.37,0,0.005508,0.02
20,dt_multi_no_chain,70,medium,10810.43,1,9.95,0,0.005856,0.02
20,dt_multi_no_chain,71,medium,15131.52,0,10.74,0,0.006359,0.02
20,dt_multi_no_chain,72,medium,6608.36,0,7.95,0,0.005421,0.02
20,dt_multi_no_chain,73,medium,7568.69,0,12.59,0,0.006037,0.02
20,dt_multi_no_chain,74,medium,8646.57,0,13.71,0,0.005896,0.02
20,dt_multi_no_chain,75,high,380.6,0,12.48,0,0.014346,0.03
20,dt_multi_no_chain,76,high,2901.43,1,9.09,0,0.011526,0.03
20,dt_multi_no_chain,77,low,33488.16,1,10.99,0,0.002768,0.01
20,dt_multi_no_chain,78,medium,4090.9,0,7.57,0,0.007198,0.02
20,dt_multi_no_chain,79,high,22.69,0,7.05,0,0.012237,0.03
20,dt_multi_no_chain,80,low,54003.61,1,6.06,0,0.00254,0.01
20,dt_multi_no_chain,81,high,3624.19,0,6.15,0,0.011837,0.03
20,dt_multi_no_chain,82,low,43204.25,1,8.92,0,0.003058,0.01
20,dt_multi_no_chain,83,high,3023.18,0,12.02,0,0.011664,0.03
20,dt_multi_no_chain,84,medium,15851.06,1,9.98,1,0.007668,0.02
20,dt_multi_no_chain,85,low,30606.23,1,11.7,0,0.003036,0.01
20,dt_multi_no_chain,86,medium,7570.42,1,10.96,0,0.00622,0.02
20,dt_multi_no_chain,87,medium,11894.04,1,6.37,1,0.005534,0.02
20,dt_multi_no_chain,88,high,10099.66,0,5.95,1,0.011772,0.03
20,dt_multi_no_chain,89,medium,7569.14,1,12.61,0,0.007403,0.02
20,dt_multi_no_chain,90,high,380.27,1,11.29,0,0.01044,0.03
20,dt_multi_no_chain,91,medium,12610.48,1,9.55,0,0.007695,0.02
20,dt_multi_no_chain,92,medium,2892.88,0,9.69,0,0.005939,0.02
20,dt_multi_no_chain,93,low,24125.91,0,8.0,1,0.003446,0.01
20,dt_multi_no_chain,94,low,41767.55,1,9.59,0,0.002896,0.01
20,dt_multi_no_chain,95,medium,4697.27,1,6.12,0,0.005584,0.02
20,dt_multi_no_chain,96,medium,3250.18,0,9.53,0,0.007529,0.02
20,dt_multi_no_chain,97,low,26285.26,0,9.32,0,0.002491,0.01
20,dt_multi_no_chain,98,high,2901.28,0,11.44,0,0.010002,0.03
20,dt_multi_no_chain,99,high,1463.0,1,8.99,0,0.01187,0.03
20,dt_multi_no_chain,100,low,31325.31,1,10.15,0,0.003066,0.01
20,dt_multi_no_chain,101,high,1100.59,1,9.4,0,0.014014,0.03
20,dt_multi_no_chain,102,low,24847.34,0,9.79,0,0.003335,0.01
20,dt_multi_no_chain,103,high,4699.73,1,7.27,0,0.013998,0.03
20,dt_multi_no_chain,104,medium,1090.37,1,6.03,0,0.006807,0.02
20,dt_multi_no_chain,105,high,3259.85,1,4.76,0,0.005675,0.03
20,dt_multi_no_chain,106,low,25206.31,1,9.89,0,0.00343,0.01
20,dt_multi_no_chain,107,low,30244.69,1,8.92,0,0.0028,0.01
20,dt_multi_no_chain,108,medium,1810.08,1,11.29,0,0.00355,0.02
20,dt_multi_no_chain,109,high,741.15,0,6.67,0,0.012206,0.03
20,dt_multi_no_chain,110,medium,18490.19,0,8.29,0,0.006457,0.02
20,dt_multi_no_chain,111,medium,2172.95,1,11.34,0,0.006612,0.02
20,dt_multi_no_chain,112,medium,18730.74,1,10.86,0,0.00546,0.02
20,dt_multi_no_chain,113,high,2538.75,1,5.39,1,0.011785,0.03
20,dt_multi_no_chain,114,medium,5410.0,1,9.54,0,0.007237,0.02
20,dt_multi_no_chain,115,medium,3972.84,1,9.88,0,0.005831,0.02
20,dt_multi_no_chain,116,high,5779.81,0,6.55,0,0.012277,0.03
20,dt_multi_no_chain,117,medium,11533.28,1,6.66,1,0.006513,0.02
20,dt_multi_no_chain,118,low,24125.47,0,11.3,1,0.002685,0.01
20,dt_multi_no_chain,119,low,32765.08,0,7.18,1,0.002644,0.01
21,dt_multi_no_chain,0,high,2181.64,1,9.04,0,0.011057,0.03
21,dt_multi_no_chain,1,medium,15130.05,1,11.31,0,0.005041,0.02
21,dt_multi_no_chain,2,medium,3970.3,1,10.51,0,0.006534,0.02
21,dt_multi_no_chain,3,low,29167.12,1,8.68,1,0.00286,0.01
21,dt_multi_no_chain,4,low,43923.84,1,8.5,0,0.002875,0.01
21,dt_multi_no_chain,5,high,379.37,0,9.44,0,0.010914,0.03
21,dt_multi_no_chain,6,medium,10451.15,1,10.11,0,0.005793,0.02
21,dt_multi_no_chain,7,high,373.89,1,12.29,0,0.014491,0.03
21,dt_multi_no_chain,8,low,9846.68,0,13.38,0,0.00348,0.01
21,dt_multi_no_chain,9,medium,2531.74,0,7.38,1,0.004036,0.02
21,dt_multi_no_chain,10,high,2177.77,1,7.42,0,0.012972,0.03
21,dt_multi_no_chain,11,medium,18371.48,0,8.89,0,0.005053,0.02
21,dt_multi_no_chain,12,medium,2529.65,0,6.45,1,0.008017,0.02
21,dt_multi_no_chain,13,low,26286.85,1,11.14,0,0.003972,0.01
21,dt_multi_no_chain,14,low,33484.69,0,8.67,0,0.002783,0.01
21,dt_multi_no_chain,15,low,27365.01,0,8.67,0,0.002304,0.01
21,dt_multi_no_chain,16,high,742.72,1,10.62,1,0.010291,0.03
21,dt_multi_no_chain,17,high,1101.41,0,7.8,0,0.011344,0.03
21,dt_multi_no_chain,18,medium,2889.29,0,7.52,1,0.005931,0.02
21,dt_multi_no_chain,19,medium,7213.66,1,9.76,0,0.004094,0.02
21,dt_multi_no_chain,20,low,21246.6,0,10.81,0,0.002952,0.01
21,dt_multi_no_chain,21,high,3621.61,0,10.04,0,0.013967,0.03
21,dt_multi_no_chain,22,high,3261.07,0,12.46,0,0.008985,0.03
21,dt_multi_no_chain,23,medium,9011.48,1,7.61,0,0.007064,0.02
21,dt_multi_no_chain,24,medium,9376.53,1,8.95,0,0.006278,0.02
21,dt_multi_no_chain,25,low,36727.67,0,6.32,0,0.002828,0.01
21,dt_multi_no_chain,26,high,23.34,0,6.86,1,0.011897,0.03
21,dt_multi_no_chain,27,high,1462.02,0,6.72,0,0.015069,0.03
21,dt_multi_no_chain,28,high,19.41,1,6.75,0,0.013998,0.03
21,dt_multi_no_chain,29,high,1822.0,1,8.52,0,0.012819,0.03
21,dt_multi_no_chain,30,low,46086.91,1,10.56,0,0.00237,0.01
21,dt_multi_no_chain,31,high,2539.79,1,13.57,1,0.011946,0.03
21,dt_multi_no_chain,32,low,29526.71,0,8.69,0,0.003481,0.01
21,dt_multi_no_chain,33,high,1098.94,0,9.97,1,0.011349,0.03
21,dt_multi_no_chain,34,low,23763.87,1,8.08,0,0.002521,0.01
21,dt_multi_no_chain,35,high,9381.31,1,7.83,0,0.011474,0.03
21,dt_multi_no_chain,36,high,740.96,1,9.01,0,0.011433,0.03
21,dt_multi_no_chain,37,high,1462.14,1,7.06,0,0.010325,0.03
21,dt_multi_no_chain,38,high,380.08,0,8.85,1,0.013817,0.03
21,dt_multi_no_chain,39,low,29883.51,1,8.97,0,0.002662,0.01
21,dt_multi_no_chain,40,high,740.29,0,11.13,1,0.012667,0.03
21,dt_multi_no_chain,41,low,30245.65,1,5.71,0,0.003366,0.01
21,dt_multi_no_chain,42,high,1099.58,1,12.86,0,0.013306,0.03
21,dt_multi_no_chain,43,high,378.9,0,6.45,1,0.010964,0.03
21,dt_multi_no_chain,44,low,25564.13,1,11.98,0,0.003015,0.01
21,dt_multi_no_chain,45,medium,5772.35,0,6.83,0,0.006581,0.02
21,dt_multi_no_chain,46,low,37448.27,1,8.66,0,0.002944,0.01
21,dt_multi_no_chain,47,high,1460.96,0,10.92,0,0.012762,0.03
21,dt_multi_no_chain,48,medium,12610.34,1,11.85,0,0.005704,0.02
21,dt_multi_no_chain,49,medium,15491.23,1,8.11,0,0.006162,0.02
21,dt_multi_no_chain,50,high,741.87,0,9.27,0,0.010999,0.03
21,dt_multi_no_chain,51,high,741.43,0,10.97,0,0.01282,0.03
21,dt_multi_no_chain,52,medium,4690.16,1,7.24,0,0.007001,0.02
21,dt_multi_no_chain,53,high,1221.07,0,12.47,0,0.01348,0.03
21,dt_multi_no_chain,54,high,1821.0,0,5.88,0,0.010189,0.03
21,dt_multi_no_chain,55,low,38166.24,0,10.88,0,0.002789,0.01
21,dt_multi_no_chain,56,high,1459.96,0,10.37,0,0.010017,0.03
21,dt_multi_no_chain,57,high,3021.92,0,8.92,1,0.009424,0.03
21,dt_multi_no_chain,58,high,742.26,0,6.78,1,0.009751,0.03
21,dt_multi_no_chain,59,medium,5053.21,0,7.68,0,0.004316,0.02
21,dt_multi_no_chain,60,medium,8653.77,1,8.24,0,0.006023,0.02
21,dt_multi_no_chain,61,medium,5769.1,0,9.8,0,0.003822,0.02
21,dt_multi_no_chain,62,high,21.52,0,9.2,0,0.01218,0.03
21,dt_multi_no_chain,63,low,28087.48,1,6.43,0,0.002971,0.01
21,dt_multi_no_chain,64,medium,8652.73,0,6.19,0,0.006513,0.02
21,dt_multi_no_chain,65,low,37444.59,1,6.86,1,0.003553,0.01
21,dt_multi_no_chain,66,medium,19452.23,0,9.5,0,0.006767,0.02
21,dt_multi_no_chain,67,medium,2170.22,0,11.32,0,0.004084,0.02
21,dt_multi_no_chain,68,medium,1090.1,0,9.18,0,0.005759,0.02
21,dt_multi_no_chain,69,low,39363.96,0,8.1,0,0.003168,0.01
21,dt_multi_no_chain,70,high,5422.44,0,9.87,0,0.015563,0.03
21,dt_multi_no_chain,71,high,1820.64,1,4.9,0,0.015598,0.03
21,dt_multi_no_chain,72,medium,729.53,1,5.6,0,0.006902,0.02
21,dt_multi_no_chain,73,high,3259.02,0,4.96,0,0.013827,0.03
21,dt_multi_no_chain,74,low,21965.12,1,8.73,0,0.003582,0.01
21,dt_multi_no_chain,75,high,4701.13,0,8.44,0,0.014888,0.03
21,dt_multi_no_chain,76,low,18364.28,1,8.23,0,0.002396,0.01
21,dt_multi_no_chain,77,medium,2532.63,1,7.21,0,0.005198,0.02
21,dt_multi_no_chain,78,medium,3970.89,1,5.22,0,0.005446,0.02
21,dt_multi_no_chain,79,medium,6489.72,1,9.22,0,0.005132,0.02
21,dt_multi_no_chain,80,medium,10450.12,1,10.68,0,0.004003,0.02
21,dt_multi_no_chain,81,medium,3610.13,0,9.6,0,0.006277,0.02
21,dt_multi_no_chain,82,medium,17411.35,0,6.58,0,0.006945,0.02
21,dt_multi_no_chain,83,medium,8296.03,1,7.34,0,0.004758,0.02
21,dt_multi_no_chain,84,medium,2887.79,1,11.54,0,0.005985,0.02
21,dt_multi_no_chain,85,medium,1811.29,1,6.04,0,0.006716,0.02
21,dt_multi_no_chain,86,low,47529.19,0,10.85,0,0.002171,0.01
21,dt_multi_no_chain,87,medium,19816.37,1,8.74,0,0.004201,0.02
21,dt_multi_no_chain,88,high,2183.95,0,9.11,0,0.009001,0.03
21,dt_multi_no_chain,89,low,14044.8,1,8.16,0,0.003273,0.01
21,dt_multi_no_chain,90,high,1820.34,1,11.93,0,0.011995,0.03
21,dt_multi_no_chain,91,high,2539.97,1,7.26,1,0.015269,0.03
21,dt_multi_no_chain,92,low,42127.51,1,8.38,1,0.003157,0.01
21,dt_multi_no_chain,93,high,739.7,1,12.16,0,0.009676,0.03
21,dt_multi_no_chain,94,medium,15490.22,1,9.07,0,0.00552,0.02
21,dt_multi_no_chain,95,medium,18013.82,1,6.71,0,0.004969,0.02
21,dt_multi_no_chain,96,low,33487.95,1,7.29,0,0.00346,0.01
21,dt_multi_no_chain,97,low,30246.61,1,8.78,0,0.002749,0.01
21,dt_multi_no_chain,98,high,2539.74,1,5.68,1,0.011511,0.03
21,dt_multi_no_chain,99,high,2898.75,0,8.12,0,0.011556,0.03
21,dt_multi_no_chain,100,low,27003.27,1,10.39,0,0.002716,0.01
21,dt_multi_no_chain,101,medium,6849.81,1,11.01,0,0.007067,0.02
21,dt_multi_no_chain,102,medium,4331.53,1,7.06,0,0.005806,0.02
21,dt_multi_no_chain,103,low,25929.95,1,10.64,0,0.00277,0.01
21,dt_multi_no_chain,104,medium,1450.9,1,5.89,0,0.007254,0.02
21,dt_multi_no_chain,105,medium,12974.17,1,6.67,0,0.004648,0.02
21,dt_multi_no_chain,106,medium,13689.55,1,12.07,0,0.005858,0.02
21,dt_multi_no_chain,107,medium,12612.26,1,7.98,0,0.006675,0.02
21,dt_multi_no_chain,108,medium,6487.19,1,7.33,0,0.005501,0.02
21,dt_multi_no_chain,109,medium,1092.03,1,6.08,0,0.004866,0.02
21,dt_multi_no_chain,110,low,30606.11,0,6.82,0,0.003516,0.01
21,dt_multi_no_chain,111,low,32042.52,1,7.75,1,0.003206,0.01
21,dt_multi_no_chain,112,low,41041.41,1,11.83,1,0.00325,0.01
21,dt_multi_no_chain,113,medium,1450.97,1,10.52,0,0.005172,0.02
21,dt_multi_no_chain,114,low,12245.64,1,7.39,1,0.002666,0.01
21,dt_multi_no_chain,115,high,5062.3,0,11.41,1,0.013679,0.03
21,dt_multi_no_chain,116,medium,1809.77,1,8.19,0,0.005368,0.02
21,dt_multi_no_chain,117,medium,20890.01,0,9.12,0,0.004744,0.02
21,dt_multi_no_chain,118,medium,20171.86,1,10.04,1,0.005504,0.02
21,dt_multi_no_chain,119,low,24126.98,1,12.2,0,0.003392,0.01
22,dt_multi_no_chain,0,low,58328.41,0,10.17,0,0.001942,0.01
22,dt_multi_no_chain,1,medium,5050.22,1,12.72,0,0.006628,0.02
22,dt_multi_no_chain,2,medium,3971.33,1,10.82,0,0.006514,0.02
22,dt_multi_no_chain,3,high,381.71,0,7.76,1,0.013518,0.03
22,dt_multi_no_chain,4,medium,3969.12,0,11.1,1,0.006395,0.02
22,dt_multi_no_chain,5,low,37443.63,1,8.2,0,0.0029,0.01
22,dt_multi_no_chain,6,medium,12370.53,0,11.39,0,0.006346,0.02
22,dt_multi_no_chain,7,medium,10451.5,1,8.79,0,0.006441,0.02
22,dt_multi_no_chain,8,low,27006.68,1,11.05,0,0.002413,0.01
22,dt_multi_no_chain,9,high,4703.93,0,7.78,0,0.007727,0.03
22,dt_multi_no_chain,10,medium,2170.55,1,8.14,0,0.005475,0.02
22,dt_multi_no_chain,11,high,740.45,1,9.77,0,0.014858,0.03
22,dt_multi_no_chain,12,high,6498.43,0,10.52,0,0.015767,0.03
22,dt_multi_no_chain,13,medium,12971.07,1,5.48,1,0.004248,0.02
22,dt_multi_no_chain,14,high,1459.91,0,8.95,0,0.00656,0.03
22,dt_multi_no_chain,15,medium,15849.6,1,8.77,0,0.004602,0.02
22,dt_multi_no_chain,16,medium,15850.38,1,10.69,0,0.00478,0.02
22,dt_multi_no_chain,17,low,32765.87,0,11.2,0,0.002958,0.01
22,dt_multi_no_chain,18,medium,16571.31,1,7.68,0,0.004911,0.02
22,dt_multi_no_chain,19,low,21606.08,1,7.47,0,0.003845,0.01
22,dt_multi_no_chain,20,high,740.73,1,12.12,0,0.014164,0.03
22,dt_multi_no_chain,21,high,3981.98,1,7.05,0,0.013414,0.03
22,dt_multi_no_chain,22,low,24483.98,1,7.44,0,0.002764,0.01
22,dt_multi_no_chain,23,medium,3247.12,1,4.65,0,0.006739,0.02
22,dt_multi_no_chain,24,low,38885.07,1,6.09,0,0.00265,0.01
22,dt_multi_no_chain,25,high,7938.99,0,8.49,0,0.01336,0.03
22,dt_multi_no_chain,26,high,1102.25,1,8.38,0,0.009824,0.03
22,dt_multi_no_chain,27,high,381.98,0,6.96,0,0.012865,0.03
22,dt_multi_no_chain,28,high,378.26,0,9.62,0,0.011078,0.03
22,dt_multi_no_chain,29,medium,17292.05,1,5.7,0,0.006878,0.02
22,dt_multi_no_chain,30,high,7222.8,0,11.14,0,0.00793,0.03
22,dt_multi_no_chain,31,medium,12251.61,1,7.02,0,0.006069,0.02
22,dt_multi_no_chain,32,high,1215.37,0,8.16,0,0.012559,0.03
22,dt_multi_no_chain,33,high,1461.18,1,9.63,0,0.011499,0.03
22,dt_multi_no_chain,34,low,39245.06,1,9.19,0,0.002764,0.01
22,dt_multi_no_chain,35,medium,5771.32,1,12.04,1,0.006564,0.02
22,dt_multi_no_chain,36,low,16925.7,1,8.36,0,0.002905,0.01
22,dt_multi_no_chain,37,medium,10811.06,0,5.83,0,0.00534,0.02
22,dt_multi_no_chain,38,medium,13690.02,1,6.26,0,0.005111,0.02
22,dt_multi_no_chain,39,medium,2532.47,0,10.39,0,0.004969,0.02
22,dt_multi_no_chain,40,high,1821.49,1,10.09,0,0.010753,0.03
22,dt_multi_no_chain,41,high,3983.67,0,10.2,0,0.01102,0.03
22,dt_multi_no_chain,42,high,2179.16,1,9.2,0,0.013266,0.03
22,dt_multi_no_chain,43,low,24126.55,1,9.08,0,0.003248,0.01
22,dt_multi_no_chain,44,low,29166.78,1,7.37,0,0.003217,0.01
22,dt_multi_no_chain,45,medium,3732.15,0,9.23,1,0.00526,0.02
22,dt_multi_no_chain,46,medium,3249.74,1,5.3,0,0.005255,0.02
22,dt_multi_no_chain,47,high,2901.38,1,11.1,0,0.011895,0.03
22,dt_multi_no_chain,48,low,29161.29,1,10.82,0,0.003913,0.01
22,dt_multi_no_chain,49,medium,3605.91,1,7.8,1,0.005604,0.02
22,dt_multi_no_chain,50,medium,1094.88,1,9.76,0,0.004743,0.02
22,dt_multi_no_chain,51,medium,11171.45,1,6.42,0,0.007213,0.02
22,dt_multi_no_chain,52,low,24487.57,1,12.72,0,0.002702,0.01
22,dt_multi_no_chain,53,low,22687.48,1,9.63,0,0.002909,0.01
22,dt_multi_no_chain,54,low,23043.39,1,9.83,0,0.003576,0.01
22,dt_multi_no_chain,55,medium,18728.64,1,7.15,0,0.005651,0.02
22,dt_multi_no_chain,56,high,379.96,1,4.68,0,0.010036,0.03
22,dt_multi_no_chain,57,high,739.46,0,9.01,0,0.014389,0.03
22,dt_multi_no_chain,58,medium,3250.24,1,8.99,0,0.00715,0.02
22,dt_multi_no_chain,59,medium,3611.26,1,10.46,0,0.005861,0.02
22,dt_multi_no_chain,60,low,28804.3,1,9.17,0,0.0027,0.01
22,dt_multi_no_chain,61,high,1100.87,1,11.07,0,0.013956,0.03
22,dt_multi_no_chain,62,high,5061.66,0,10.16,0,0.013253,0.03
22,dt_multi_no_chain,63,low,23766.42,1,7.72,0,0.003111,0.01
22,dt_multi_no_chain,64,medium,2649.89,0,11.01,1,0.00802,0.02
22,dt_multi_no_chain,65,medium,372.64,1,7.74,0,0.006517,0.02
22,dt_multi_no_chain,66,medium,12610.79,1,10.25,0,0.006933,0.02
22,dt_multi_no_chain,67,medium,2525.8,1,10.62,0,0.006929,0.02
22,dt_multi_no_chain,68,medium,18371.79,0,9.64,0,0.00512,0.02
22,dt_multi_no_chain,69,medium,2534.81,1,13.61,0,0.005706,0.02
22,dt_multi_no_chain,70,low,26645.23,1,11.03,0,0.002836,0.01
22,dt_multi_no_chain,71,low,37085.67,1,7.35,0,0.003027,0.01
22,dt_multi_no_chain,72,low,39968.36,1,11.97,0,0.003316,0.01
22,dt_multi_no_chain,73,low,29526.27,1,10.93,0,0.004604,0.01
22,dt_multi_no_chain,74,medium,11886.96,0,10.92,0,0.00556,0.02
22,dt_multi_no_chain,75,low,24845.77,1,11.58,1,0.003108,0.01
22,dt_multi_no_chain,76,medium,7567.11,1,8.17,1,0.004943,0.02
22,dt_multi_no_chain,77,low,27006.08,1,9.57,0,0.00317,0.01
22,dt_multi_no_chain,78,high,1103.9,1,8.68,0,0.009944,0.03
22,dt_multi_no_chain,79,medium,13690.08,1,9.98,0,0.006816,0.02
22,dt_multi_no_chain,80,medium,10809.04,1,7.45,0,0.006665,0.02
22,dt_multi_no_chain,81,low,49327.35,1,9.64,0,0.002648,0.01
22,dt_multi_no_chain,82,medium,10094.46,1,11.08,1,0.006095,0.02
22,dt_multi_no_chain,83,high,8660.01,0,7.23,0,0.012075,0.03
22,dt_multi_no_chain,84,high,1823.9,1,8.98,0,0.013792,0.03
22,dt_multi_no_chain,85,medium,9373.87,0,6.82,0,0.005688,0.02
22,dt_multi_no_chain,86,high,4696.86,0,14.68,0,0.012411,0.03
22,dt_multi_no_chain,87,low,38884.89,1,10.21,0,0.003385,0.01
22,dt_multi_no_chain,88,high,4341.02,0,9.38,0,0.010966,0.03
22,dt_multi_no_chain,89,low,51484.79,1,11.89,0,0.002274,0.01
22,dt_multi_no_chain,90,medium,12611.6,1,10.35,0,0.00437,0.02
22,dt_multi_no_chain,91,medium,15852.71,1,7.14,0,0.005313,0.02
22,dt_multi_no_chain,92,medium,10807.65,0,5.53,0,0.006516,0.02
22,dt_multi_no_chain,93,medium,15484.56,1,10.16,0,0.00666,0.02
22,dt_multi_no_chain,94,high,6504.52,1,10.61,0,0.006799,0.03
22,dt_multi_no_chain,95,medium,7571.3,1,9.01,0,0.005807,0.02
22,dt_multi_no_chain,96,low,32766.29,1,11.2,0,0.003544,0.01
22,dt_multi_no_chain,97,low,27008.71,1,9.47,0,0.00374,0.01
22,dt_multi_no_chain,98,medium,5413.36,1,10.77,0,0.005844,0.02
22,dt_multi_no_chain,99,high,2539.72,1,9.45,0,0.010698,0.03
22,dt_multi_no_chain,100,low,22683.89,1,11.29,0,0.003356,0.01
22,dt_multi_no_chain,101,medium,17652.54,0,9.97,1,0.004583,0.02
22,dt_multi_no_chain,102,medium,5170.58,0,5.29,0,0.006236,0.02
22,dt_multi_no_chain,103,medium,1087.7,1,5.26,0,0.004674,0.02
22,dt_multi_no_chain,104,medium,6847.61,1,9.16,0,0.006429,0.02
22,dt_multi_no_chain,105,high,1460.86,0,10.19,0,0.009565,0.03
22,dt_multi_no_chain,106,low,47527.1,1,11.42,0,0.002277,0.01
22,dt_multi_no_chain,107,medium,6128.21,0,12.7,0,0.007116,0.02
22,dt_multi_no_chain,108,low,25565.66,0,5.72,0,0.002675,0.01
22,dt_multi_no_chain,109,medium,10090.94,0,9.51,0,0.005145,0.02
22,dt_multi_no_chain,110,high,3262.52,0,8.19,0,0.007705,0.03
22,dt_multi_no_chain,111,low,38164.83,1,8.51,1,0.002905,0.01
22,dt_multi_no_chain,112,medium,7572.08,0,9.24,0,0.005421,0.02
22,dt_multi_no_chain,113,medium,6851.45,1,10.38,0,0.005639,0.02
22,dt_multi_no_chain,114,medium,9731.49,1,10.35,0,0.006091,0.02
22,dt_multi_no_chain,115,low,34923.79,1,12.11,0,0.003316,0.01
22,dt_multi_no_chain,116,medium,1448.67,1,10.66,1,0.00624,0.02
22,dt_multi_no_chain,117,low,22326.42,1,8.41,0,0.003961,0.01
22,dt_multi_no_chain,118,low,36005.83,1,10.25,0,0.003412,0.01
22,dt_multi_no_chain,119,low,18365.68,1,11.01,0,0.002914,0.01
23,dt_multi_no_chain,0,medium,10091.23,1,8.27,1,0.005457,0.02
23,dt_multi_no_chain,1,low,20524.88,0,10.67,0,0.003286,0.01
23,dt_multi_no_chain,2,low,36724.89,1,8.89,0,0.003281,0.01
23,dt_multi_no_chain,3,medium,4332.31,0,5.32,0,0.005386,0.02
23,dt_multi_no_chain,4,high,1102.73,1,7.84,0,0.01377,0.03
23,dt_multi_no_chain,5,medium,7569.37,1,8.9,0,0.004584,0.02
23,dt_multi_no_chain,6,high,3621.8,0,10.63,0,0.011975,0.03
23,dt_multi_no_chain,7,medium,9732.88,1,8.77,0,0.005061,0.02
23,dt_multi_no_chain,8,medium,1452.43,1,10.85,0,0.006924,0.02
23,dt_multi_no_chain,9,high,1820.9,0,9.0,0,0.008152,0.03
23,dt_multi_no_chain,10,low,24484.19,1,10.08,0,0.003371,0.01
23,dt_multi_no_chain,11,low,39605.03,1,6.72,0,0.002551,0.01
23,dt_multi_no_chain,12,high,1821.14,0,6.63,0,0.011699,0.03
23,dt_multi_no_chain,13,high,3624.35,1,8.29,0,0.011729,0.03
23,dt_multi_no_chain,14,low,32406.36,1,8.11,1,0.003534,0.01
23,dt_multi_no_chain,15,low,47888.78,1,7.65,0,0.002737,0.01
23,dt_multi_no_chain,16,low,35287.42,0,9.96,0,0.003516,0.01
23,dt_multi_no_chain,17,low,32764.61,1,4.36,0,0.003563,0.01
23,dt_multi_no_chain,18,medium,2171.3,1,9.77,1,0.006453,0.02
23,dt_multi_no_chain,19,high,8660.18,1,13.92,0,0.013013,0.03
23,dt_multi_no_chain,20,low,34926.4,1,7.13,0,0.002323,0.01
23,dt_multi_no_chain,21,medium,18728.42,1,4.79,0,0.005327,0.02
23,dt_multi_no_chain,22,low,27009.85,1,6.15,0,0.002592,0.01
23,dt_multi_no_chain,23,medium,8649.38,1,10.73,0,0.005781,0.02
23,dt_multi_no_chain,24,high,1820.66,0,8.93,0,0.012502,0.03
23,dt_multi_no_chain,25,medium,18370.43,1,7.25,1,0.006788,0.02
23,dt_multi_no_chain,26,high,22.04,1,6.81,0,0.01064,0.03
23,dt_multi_no_chain,27,medium,3607.87,0,10.07,0,0.00705,0.02
23,dt_multi_no_chain,28,medium,9011.29,0,8.98,0,0.006523,0.02
23,dt_multi_no_chain,29,medium,3733.9,0,11.41,0,0.006421,0.02
23,dt_multi_no_chain,30,medium,21971.16,0,8.15,0,0.005228,0.02
23,dt_multi_no_chain,31,high,382.19,0,8.95,0,0.013769,0.03
23,dt_multi_no_chain,32,medium,12612.0,0,5.53,1,0.006934,0.02
23,dt_multi_no_chain,33,low,37448.83,1,9.4,0,0.002332,0.01
23,dt_multi_no_chain,34,medium,3252.02,1,8.75,0,0.005424,0.02
23,dt_multi_no_chain,35,high,11541.54,0,8.44,0,0.008921,0.03
23,dt_multi_no_chain,36,medium,13330.8,0,10.86,0,0.006137,0.02
23,dt_multi_no_chain,37,low,41766.48,1,10.41,1,0.002347,0.01
23,dt_multi_no_chain,38,high,740.73,1,9.88,0,0.00974,0.03
23,dt_multi_no_chain,39,low,32765.17,1,11.54,0,0.003399,0.01
23,dt_multi_no_chain,40,high,1100.22,0,5.02,0,0.012218,0.03
23,dt_multi_no_chain,41,low,18365.92,1,6.25,0,0.002932,0.01
23,dt_multi_no_chain,42,low,33848.29,1,9.0,0,0.003423,0.01
23,dt_multi_no_chain,43,high,2185.75,0,9.89,0,0.010538,0.03
23,dt_multi_no_chain,44,low,39966.06,1,10.57,0,0.002324,0.01
23,dt_multi_no_chain,45,low,43928.9,0,12.09,0,0.002499,0.01
23,dt_multi_no_chain,46,low,37806.27,1,10.59,0,0.003039,0.01
23,dt_multi_no_chain,47,medium,18006.38,1,9.9,1,0.006345,0.02
23,dt_multi_no_chain,48,medium,3252.23,0,7.68,0,0.006738,0.02
23,dt_multi_no_chain,49,high,2540.89,0,9.46,1,0.014773,0.03
23,dt_multi_no_chain,50,medium,10090.46,1,10.75,0,0.005824,0.02
23,dt_multi_no_chain,51,high,3982.49,1,9.58,0,0.012444,0.03
23,dt_multi_no_chain,52,high,2183.83,0,7.43,1,0.010388,0.03
23,dt_multi_no_chain,53,medium,11534.72,1,12.56,0,0.00687,0.02
23,dt_multi_no_chain,54,high,1824.18,1,7.73,0,0.011007,0.03
23,dt_multi_no_chain,55,medium,6491.68,0,7.15,0,0.007617,0.02
23,dt_multi_no_chain,56,high,1104.32,0,7.0,1,0.010941,0.03
23,dt_multi_no_chain,57,medium,5771.06,1,7.12,0,0.007433,0.02
23,dt_multi_no_chain,58,medium,370.78,1,10.89,0,0.005689,0.02
23,dt_multi_no_chain,59,low,24847.39,1,8.9,0,0.002848,0.01
23,dt_multi_no_chain,60,medium,12252.34,1,7.14,0,0.006761,0.02
23,dt_multi_no_chain,61,low,38525.89,1,9.94,1,0.002981,0.01
23,dt_multi_no_chain,62,high,1103.24,1,12.17,0,0.011185,0.03
23,dt_multi_no_chain,63,low,24847.69,1,8.03,0,0.003339,0.01
23,dt_multi_no_chain,64,medium,3612.86,1,7.34,0,0.006639,0.02
23,dt_multi_no_chain,65,high,1103.62,0,9.2,0,0.011574,0.03
23,dt_multi_no_chain,66,high,9022.67,0,9.32,0,0.010607,0.03
23,dt_multi_no_chain,67,high,379.22,0,11.28,0,0.012595,0.03
23,dt_multi_no_chain,68,high,5063.45,1,7.93,0,0.011736,0.03
23,dt_multi_no_chain,69,high,1819.46,1,7.21,0,0.015282,0.03
23,dt_multi_no_chain,70,medium,6849.83,1,5.06,0,0.004943,0.02
23,dt_multi_no_chain,71,low,16928.55,1,11.5,1,0.002444,0.01
23,dt_multi_no_chain,72,high,1455.31,1,10.69,0,0.013659,0.03
23,dt_multi_no_chain,73,high,386.72,1,8.09,0,0.009487,0.03
23,dt_multi_no_chain,74,high,741.39,1,9.39,0,0.009745,0.03
23,dt_multi_no_chain,75,low,20888.46,1,8.04,0,0.003656,0.01
23,dt_multi_no_chain,76,low,23764.38,1,8.56,0,0.003156,0.01
23,dt_multi_no_chain,77,high,1818.29,0,8.08,0,0.013816,0.03
23,dt_multi_no_chain,78,medium,5770.67,0,7.32,0,0.00564,0.02
23,dt_multi_no_chain,79,low,41409.35,1,7.98,0,0.002344,0.01
23,dt_multi_no_chain,80,medium,18373.04,1,11.04,0,0.006432,0.02
23,dt_multi_no_chain,81,medium,4691.45,1,10.2,0,0.007334,0.02
23,dt_multi_no_chain,82,low,47164.16,0,7.58,0,0.002628,0.01
23,dt_multi_no_chain,83,medium,4330.27,1,8.48,0,0.00477,0.02
23,dt_multi_no_chain,84,medium,3613.14,1,8.02,0,0.006796,0.02
23,dt_multi_no_chain,85,low,21966.72,1,9.77,0,0.003141,0.01
23,dt_multi_no_chain,86,high,382.96,1,9.66,0,0.010354,0.03
23,dt_multi_no_chain,87,high,5779.09,1,8.44,0,0.01134,0.03
23,dt_multi_no_chain,88,high,1463.06,0,6.33,0,0.011267,0.03
23,dt_multi_no_chain,89,high,3620.07,0,5.77,0,0.012777,0.03
23,dt_multi_no_chain,90,high,857.69,0,8.5,0,0.013304,0.03
23,dt_multi_no_chain,91,high,1820.69,1,5.94,0,0.013332,0.03
23,dt_multi_no_chain,92,medium,12614.01,1,8.65,0,0.005297,0.02
23,dt_multi_no_chain,93,medium,1810.14,1,10.46,1,0.006634,0.02
23,dt_multi_no_chain,94,low,25928.34,1,9.1,0,0.003341,0.01
23,dt_multi_no_chain,95,high,1818.43,0,7.41,0,0.010139,0.03
23,dt_multi_no_chain,96,low,42125.42,1,9.51,0,0.002563,0.01
23,dt_multi_no_chain,97,low,31326.56,1,8.42,0,0.003346,0.01
23,dt_multi_no_chain,98,medium,1089.41,1,9.21,0,0.006384,0.02
23,dt_multi_no_chain,99,medium,5411.2,0,10.22,0,0.006029,0.02
23,dt_multi_no_chain,100,medium,6848.2,0,7.43,1,0.006966,0.02
23,dt_multi_no_chain,101,medium,10090.94,1,12.12,0,0.005359,0.02
23,dt_multi_no_chain,102,high,4702.68,1,7.56,1,0.013465,0.03
23,dt_multi_no_chain,103,low,35644.93,1,13.01,1,0.003379,0.01
23,dt_multi_no_chain,104,low,29887.21,1,8.17,0,0.003161,0.01
23,dt_multi_no_chain,105,medium,3609.09,1,10.81,0,0.005647,0.02
23,dt_multi_no_chain,106,high,1459.84,0,7.58,0,0.010962,0.03
23,dt_multi_no_chain,107,low,21607.66,1,9.27,1,0.003311,0.01
23,dt_multi_no_chain,108,low,14045.68,1,7.37,0,0.002765,0.01
23,dt_multi_no_chain,109,high,738.6,1,11.38,0,0.013799,0.03
23,dt_multi_no_chain,110,high,1462.42,1,5.76,0,0.011518,0.03
23,dt_multi_no_chain,111,low,27725.2,1,9.74,0,0.002452,0.01
23,dt_multi_no_chain,112,medium,12252.18,0,5.99,0,0.006453,0.02
23,dt_multi_no_chain,113,medium,5408.61,1,10.25,0,0.005799,0.02
23,dt_multi_no_chain,114,low,20169.21,1,8.25,0,0.003107,0.01
23,dt_multi_no_chain,115,low,19086.0,1,9.99,0,0.003494,0.01
23,dt_multi_no_chain,116,high,4343.82,0,8.03,0,0.014382,0.03
23,dt_multi_no_chain,117,low,36008.37,1,6.89,0,0.003175,0.01
23,dt_multi_no_chain,118,medium,5049.7,1,6.0,0,0.005695,0.02
23,dt_multi_no_chain,119,low,38888.13,1,8.02,0,0.002928,0.01
24,dt_multi_no_chain,0,high,740.9,0,7.92,0,0.012193,0.03
24,dt_multi_no_chain,1,low,41405.74,1,9.73,0,0.002873,0.01
24,dt_multi_no_chain,2,low,27368.61,1,12.98,0,0.002621,0.01
24,dt_multi_no_chain,3,high,6498.9,0,8.25,0,0.014135,0.03
24,dt_multi_no_chain,4,medium,17655.66,1,7.7,0,0.00571,0.02
24,dt_multi_no_chain,5,low,31325.57,1,11.97,0,0.003187,0.01
24,dt_multi_no_chain,6,low,18722.34,1,8.38,1,0.00296,0.01
24,dt_multi_no_chain,7,low,22685.13,1,11.34,0,0.00227,0.01
24,dt_multi_no_chain,8,high,2177.13,1,7.76,1,0.009858,0.03
24,dt_multi_no_chain,9,high,3623.46,1,4.51,0,0.012764,0.03
24,dt_multi_no_chain,10,high,738.95,0,7.15,0,0.010919,0.03
24,dt_multi_no_chain,11,high,6501.6,1,9.76,0,0.011824,0.03
24,dt_multi_no_chain,12,low,36724.91,1,8.69,1,0.003008,0.01
24,dt_multi_no_chain,13,medium,14768.86,1,8.39,0,0.00582,0.02
24,dt_multi_no_chain,14,medium,4332.35,1,8.88,0,0.007559,0.02
24,dt_multi_no_chain,15,medium,4687.73,1,9.4,1,0.006222,0.02
24,dt_multi_no_chain,16,medium,3249.34,1,4.41,0,0.007279,0.02
24,dt_multi_no_chain,17,high,2179.2,1,6.22,0,0.01465,0.03
24,dt_multi_no_chain,18,high,1823.83,0,5.78,0,0.012227,0.03
24,dt_multi_no_chain,19,high,1464.88,0,7.91,0,0.010406,0.03
24,dt_multi_no_chain,20,high,741.89,0,4.99,0,0.012478,0.03
24,dt_multi_no_chain,21,low,37804.33,1,6.88,0,0.003326,0.01
24,dt_multi_no_chain,22,high,5422.63,1,8.44,1,0.012395,0.03
24,dt_multi_no_chain,23,high,1820.69,1,11.34,0,0.011833,0.03
24,dt_multi_no_chain,24,high,1102.1,1,8.23,0,0.011521,0.03
24,dt_multi_no_chain,25,high,740.07,1,9.31,0,0.011232,0.03
24,dt_multi_no_chain,26,medium,9372.63,1,8.17,0,0.006985,0.02
24,dt_multi_no_chain,27,low,35286.06,1,8.85,0,0.003151,0.01
24,dt_multi_no_chain,28,high,1460.92,0,9.75,0,0.013978,0.03
24,dt_multi_no_chain,29,medium,2892.51,1,8.73,0,0.006396,0.02
24,dt_multi_no_chain,30,low,21245.75,1,8.91,0,0.002533,0.01
24,dt_multi_no_chain,31,low,28083.33,1,6.96,0,0.003176,0.01
24,dt_multi_no_chain,32,medium,6125.43,1,6.91,0,0.005919,0.02
24,dt_multi_no_chain,33,medium,2533.76,1,11.63,0,0.006121,0.02
24,dt_multi_no_chain,34,high,379.72,0,7.59,0,0.014553,0.03
24,dt_multi_no_chain,35,high,2899.02,1,11.24,0,0.013272,0.03
24,dt_multi_no_chain,36,low,24846.21,1,9.11,1,0.00261,0.01
24,dt_multi_no_chain,37,high,6860.78,1,9.94,0,0.011722,0.03
24,dt_multi_no_chain,38,low,15125.41,1,7.22,0,0.003546,0.01
24,dt_multi_no_chain,39,high,378.51,0,12.37,0,0.010448,0.03
24,dt_multi_no_chain,40,low,41045.02,1,7.24,0,0.002518,0.01
24,dt_multi_no_chain,41,medium,4094.9,0,11.48,0,0.004618,0.02
24,dt_multi_no_chain,42,medium,8650.56,1,11.79,0,0.005396,0.02
24,dt_multi_no_chain,43,high,1818.9,0,7.94,0,0.00861,0.03
24,dt_multi_no_chain,44,low,27008.66,0,12.26,0,0.003175,0.01
24,dt_multi_no_chain,45,medium,7213.32,1,13.26,0,0.006848,0.02
24,dt_multi_no_chain,46,high,1459.77,0,5.71,0,0.012487,0.03
24,dt_multi_no_chain,47,medium,4693.33,1,6.52,0,0.004705,0.02
24,dt_multi_no_chain,48,low,45006.59,1,7.86,0,0.002822,0.01
24,dt_multi_no_chain,49,low,35645.45,1,9.71,0,0.00285,0.01
24,dt_multi_no_chain,50,medium,1932.64,0,9.01,0,0.00415,0.02
24,dt_multi_no_chain,51,high,3623.12,1,9.72,0,0.014151,0.03
24,dt_multi_no_chain,52,medium,20171.15,0,8.29,0,0.005704,0.02
24,dt_multi_no_chain,53,high,739.82,1,6.41,0,0.016003,0.03
24,dt_multi_no_chain,54,high,740.06,0,6.14,0,0.01091,0.03
24,dt_multi_no_chain,55,high,1101.71,0,6.07,0,0.016003,0.03
24,dt_multi_no_chain,56,high,1100.17,0,10.62,0,0.014391,0.03
24,dt_multi_no_chain,57,high,1102.14,1,6.55,0,0.012187,0.03
24,dt_multi_no_chain,58,high,8302.84,1,10.53,1,0.013527,0.03
24,dt_multi_no_chain,59,medium,7212.59,1,8.32,1,0.005039,0.02
24,dt_multi_no_chain,60,medium,19808.45,0,11.04,0,0.005541,0.02
24,dt_multi_no_chain,61,low,22685.87,1,4.65,0,0.003171,0.01
24,dt_multi_no_chain,62,low,41401.45,0,8.82,0,0.002141,0.01
24,dt_multi_no_chain,63,low,37805.86,0,6.84,0,0.002775,0.01
24,dt_multi_no_chain,64,low,33845.23,1,10.33,0,0.002791,0.01
24,dt_multi_no_chain,65,low,19444.45,1,6.95,0,0.003365,0.01
24,dt_multi_no_chain,66,high,379.74,0,9.33,0,0.010348,0.03
24,dt_multi_no_chain,67,low,38162.89,1,8.57,0,0.002962,0.01
24,dt_multi_no_chain,68,low,32045.6,1,9.98,0,0.003267,0.01
24,dt_multi_no_chain,69,medium,1450.63,1,9.46,0,0.00407,0.02
24,dt_multi_no_chain,70,high,20.19,1,9.24,1,0.011733,0.03
24,dt_multi_no_chain,71,low,41405.97,1,8.16,1,0.002704,0.01
24,dt_multi_no_chain,72,medium,16570.55,1,11.26,0,0.006412,0.02
24,dt_multi_no_chain,73,medium,3607.87,1,10.98,0,0.005867,0.02
24,dt_multi_no_chain,74,medium,12611.08,1,8.76,0,0.005984,0.02
24,dt_multi_no_chain,75,high,743.79,1,7.8,0,0.011373,0.03
24,dt_multi_no_chain,76,high,379.93,0,10.59,1,0.012504,0.03
24,dt_multi_no_chain,77,medium,12611.6,1,9.87,0,0.006207,0.02
24,dt_multi_no_chain,78,high,743.58,0,5.9,0,0.015786,0.03
24,dt_multi_no_chain,79,low,20163.43,1,8.27,0,0.004391,0.01
24,dt_multi_no_chain,80,high,3261.21,0,11.84,0,0.008784,0.03
24,dt_multi_no_chain,81,high,381.12,0,11.23,0,0.009672,0.03
24,dt_multi_no_chain,82,high,22.54,0,8.65,0,0.01278,0.03
24,dt_multi_no_chain,83,high,740.16,0,9.78,1,0.010609,0.03
24,dt_multi_no_chain,84,low,20525.2,1,7.89,0,0.003678,0.01
24,dt_multi_no_chain,85,high,2185.24,1,7.66,1,0.009862,0.03
24,dt_multi_no_chain,86,high,2542.31,0,9.77,0,0.01255,0.03
24,dt_multi_no_chain,87,low,30603.11,1,12.71,1,0.002664,0.01
24,dt_multi_no_chain,88,medium,1450.33,1,9.0,0,0.008472,0.02
24,dt_multi_no_chain,89,low,10084.7,1,7.46,0,0.004473,0.01
24,dt_multi_no_chain,90,low,25208.41,1,7.29,0,0.00375,0.01
24,dt_multi_no_chain,91,high,3621.42,1,7.56,0,0.015906,0.03
24,dt_multi_no_chain,92,low,33844.43,1,10.0,0,0.003864,0.01
24,dt_multi_no_chain,93,high,8301.99,0,9.47,0,0.013614,0.03
24,dt_multi_no_chain,94,low,43926.94,1,11.18,0,0.002442,0.01
24,dt_multi_no_chain,95,low,29527.0,1,7.34,0,0.002438,0.01
24,dt_multi_no_chain,96,low,9366.66,1,9.79,0,0.003487,0.01
24,dt_multi_no_chain,97,high,4699.39,0,7.01,0,0.012113,0.03
24,dt_multi_no_chain,98,medium,4690.46,1,11.33,0,0.00514,0.02
24,dt_multi_no_chain,99,medium,7211.75,1,10.49,0,0.007709,0.02
24,dt_multi_no_chain,100,low,37086.99,1,8.61,0,0.002536,0.01
24,dt_multi_no_chain,101,medium,7570.23,1,10.62,0,0.004498,0.02
24,dt_multi_no_chain,102,low,41043.99,0,12.27,0,0.002659,0.01
24,dt_multi_no_chain,103,high,6862.0,1,9.89,1,0.011816,0.03
24,dt_multi_no_chain,104,high,382.46,1,10.23,0,0.01297,0.03
24,dt_multi_no_chain,105,high,1100.54,1,10.59,0,0.009802,0.03
24,dt_multi_no_chain,106,high,379.55,1,8.46,0,0.010435,0.03
24,dt_multi_no_chain,107,high,10101.21,1,8.97,0,0.008415,0.03
24,dt_multi_no_chain,108,high,742.9,1,6.08,1,0.01593,0.03
24,dt_multi_no_chain,109,medium,20170.58,1,10.26,0,0.004792,0.02
24,dt_multi_no_chain,110,high,382.34,0,9.14,0,0.015634,0.03
24,dt_multi_no_chain,111,medium,2527.33,1,7.08,0,0.006101,0.02
24,dt_multi_no_chain,112,medium,2649.84,0,10.15,0,0.006629,0.02
24,dt_multi_no_chain,113,low,25925.72,1,7.24,0,0.00309,0.01
24,dt_multi_no_chain,114,low,41767.52,1,11.28,1,0.002815,0.01
24,dt_multi_no_chain,115,low,23403.41,1,2.31,0,0.003139,0.01
24,dt_multi_no_chain,116,medium,7930.0,1,8.3,0,0.007069,0.02
24,dt_multi_no_chain,117,medium,6132.26,1,8.2,0,0.006591,0.02
24,dt_multi_no_chain,118,medium,13688.91,1,9.15,1,0.004385,0.02
24,dt_multi_no_chain,119,low,35286.46,1,9.65,0,0.002545,0.01
25,dt_multi_no_chain,0,low,38169.85,1,6.69,0,0.002365,0.01
25,dt_multi_no_chain,1,high,1457.85,1,9.89,0,0.011524,0.03
25,dt_multi_no_chain,2,medium,16213.16,1,9.32,0,0.00648,0.02
25,dt_multi_no_chain,3,low,14404.66,1,7.94,1,0.003401,0.01
25,dt_multi_no_chain,4,medium,10093.47,1,10.26,0,0.006088,0.02
25,dt_multi_no_chain,5,low,34567.4,1,5.48,0,0.003095,0.01
25,dt_multi_no_chain,6,high,738.65,1,8.39,0,0.011535,0.03
25,dt_multi_no_chain,7,high,1097.77,1,9.98,0,0.011676,0.03
25,dt_multi_no_chain,8,medium,1448.83,1,4.42,1,0.007349,0.02
25,dt_multi_no_chain,9,medium,9733.07,1,9.62,0,0.00628,0.02
25,dt_multi_no_chain,10,medium,3971.08,1,12.07,0,0.007783,0.02
25,dt_multi_no_chain,11,low,38527.67,1,8.14,0,0.002708,0.01
25,dt_multi_no_chain,12,medium,2169.6,1,8.44,0,0.004537,0.02
25,dt_multi_no_chain,13,low,34565.08,1,9.24,0,0.003459,0.01
25,dt_multi_no_chain,14,medium,8654.18,1,9.05,0,0.006607,0.02
25,dt_multi_no_chain,15,low,33843.17,1,13.77,0,0.002737,0.01
25,dt_multi_no_chain,16,high,379.45,1,10.85,0,0.014047,0.03
25,dt_multi_no_chain,17,high,1101.13,1,10.04,0,0.012245,0.03
25,dt_multi_no_chain,18,low,13687.61,1,9.47,0,0.002149,0.01
25,dt_multi_no_chain,19,medium,2170.07,1,11.08,0,0.006731,0.02
25,dt_multi_no_chain,20,high,7219.48,1,9.25,0,0.014413,0.03
25,dt_multi_no_chain,21,medium,21253.42,0,8.11,0,0.00588,0.02
25,dt_multi_no_chain,22,medium,2171.47,1,10.67,0,0.004923,0.02
25,dt_multi_no_chain,23,low,36727.54,1,8.28,0,0.003021,0.01
25,dt_multi_no_chain,24,high,3618.02,0,9.73,0,0.013264,0.03
25,dt_multi_no_chain,25,medium,1091.9,1,8.12,0,0.006299,0.02
25,dt_multi_no_chain,26,low,15123.56,1,7.64,0,0.002704,0.01
25,dt_multi_no_chain,27,low,18009.1,1,10.32,0,0.003843,0.01
25,dt_multi_no_chain,28,medium,8651.01,0,8.28,0,0.005424,0.02
25,dt_multi_no_chain,29,medium,14047.97,1,8.14,1,0.005444,0.02
25,dt_multi_no_chain,30,medium,14411.95,1,11.1,0,0.005002,0.02
25,dt_multi_no_chain,31,low,36006.36,1,5.77,0,0.0039,0.01
25,dt_multi_no_chain,32,medium,5053.79,1,9.55,0,0.004861,0.02
25,dt_multi_no_chain,33,low,29526.53,1,11.65,0,0.003731,0.01
25,dt_multi_no_chain,34,low,26281.66,1,7.29,0,0.003431,0.01
25,dt_multi_no_chain,35,high,382.46,1,8.34,0,0.011573,0.03
25,dt_multi_no_chain,36,low,45366.17,1,3.72,0,0.002522,0.01
25,dt_multi_no_chain,37,low,22684.46,1,5.4,0,0.003356,0.01
25,dt_multi_no_chain,38,low,25561.22,0,9.82,0,0.00257,0.01
25,dt_multi_no_chain,39,high,4702.46,1,9.89,0,0.012438,0.03
25,dt_multi_no_chain,40,high,502.41,0,12.25,0,0.014248,0.03
25,dt_multi_no_chain,41,high,503.15,0,8.01,0,0.010036,0.03
25,dt_multi_no_chain,42,medium,3727.17,0,11.04,0,0.006289,0.02
25,dt_multi_no_chain,43,medium,19449.77,1,8.17,0,0.006399,0.02
25,dt_multi_no_chain,44,medium,15855.26,1,12.17,0,0.00576,0.02
25,dt_multi_no_chain,45,low,26650.6,1,12.04,0,0.003552,0.01
25,dt_multi_no_chain,46,medium,6852.28,0,7.36,0,0.006479,0.02
25,dt_multi_no_chain,47,high,2539.88,1,7.03,0,0.015662,0.03
25,dt_multi_no_chain,48,high,2540.82,1,9.63,0,0.009949,0.03
25,dt_multi_no_chain,49,medium,10448.87,1,8.72,1,0.00557,0.02
25,dt_multi_no_chain,50,low,34567.14,1,8.59,1,0.003145,0.01
25,dt_multi_no_chain,51,low,36005.02,0,9.08,0,0.001917,0.01
25,dt_multi_no_chain,52,low,14167.09,0,8.3,0,0.003096,0.01
25,dt_multi_no_chain,53,medium,3011.51,0,6.33,0,0.007953,0.02
25,dt_multi_no_chain,54,high,2183.72,0,10.86,0,0.011547,0.03
25,dt_multi_no_chain,55,medium,5772.01,1,7.92,0,0.005803,0.02
25,dt_multi_no_chain,56,low,22325.47,1,5.34,0,0.002257,0.01
25,dt_multi_no_chain,57,high,739.09,0,7.84,0,0.0124,0.03
25,dt_multi_no_chain,58,medium,3609.53,1,8.68,0,0.005911,0.02
25,dt_multi_no_chain,59,low,31685.43,1,5.1,0,0.001903,0.01
25,dt_multi_no_chain,60,high,378.86,1,11.4,0,0.009717,0.03
25,dt_multi_no_chain,61,high,1461.13,0,10.47,0,0.015777,0.03
25,dt_multi_no_chain,62,low,34926.8,0,8.81,1,0.003079,0.01
25,dt_multi_no_chain,63,medium,9374.78,1,10.94,0,0.005759,0.02
25,dt_multi_no_chain,64,high,5061.69,0,9.42,1,0.009238,0.03
25,dt_multi_no_chain,65,medium,10809.42,1,6.41,0,0.006067,0.02
25,dt_multi_no_chain,66,medium,731.57,0,7.71,0,0.006936,0.02
25,dt_multi_no_chain,67,medium,6845.71,1,4.01,0,0.005448,0.02
25,dt_multi_no_chain,68,low,34208.23,1,8.24,0,0.003498,0.01
25,dt_multi_no_chain,69,medium,1450.31,1,10.18,1,0.006225,0.02
25,dt_multi_no_chain,70,low,21606.76,1,7.13,0,0.00427,0.01
25,dt_multi_no_chain,71,low,36845.29,0,8.08,0,0.002593,0.01
25,dt_multi_no_chain,72,low,22323.53,1,4.95,0,0.003372,0.01
25,dt_multi_no_chain,73,medium,9370.2,0,10.64,0,0.00569,0.02
25,dt_multi_no_chain,74,low,47886.46,1,6.76,0,0.002844,0.01
25,dt_multi_no_chain,75,medium,1088.82,1,12.72,1,0.006106,0.02
25,dt_multi_no_chain,76,medium,9733.04,1,5.97,0,0.006948,0.02
25,dt_multi_no_chain,77,medium,13690.1,1,9.4,0,0.005073,0.02
25,dt_multi_no_chain,78,medium,3608.77,1,6.12,0,0.006906,0.02
25,dt_multi_no_chain,79,low,7204.97,1,8.96,1,0.004222,0.01
25,dt_multi_no_chain,80,low,32763.33,0,9.93,0,0.002626,0.01
25,dt_multi_no_chain,81,medium,22331.86,0,9.38,0,0.005951,0.02
25,dt_multi_no_chain,82,medium,2529.5,1,8.18,1,0.005595,0.02
25,dt_multi_no_chain,83,medium,11173.3,1,7.83,0,0.005425,0.02
25,dt_multi_no_chain,84,high,862.01,0,6.02,0,0.016458,0.03
25,dt_multi_no_chain,85,medium,7573.78,1,11.17,1,0.00637,0.02
25,dt_multi_no_chain,86,high,1457.65,1,7.48,0,0.01136,0.03
25,dt_multi_no_chain,87,high,1819.83,1,7.09,0,0.00752,0.03
25,dt_multi_no_chain,88,medium,14773.53,1,5.98,1,0.006523,0.02
25,dt_multi_no_chain,89,low,33128.34,1,9.91,0,0.002211,0.01
25,dt_multi_no_chain,90,medium,1090.98,1,8.57,0,0.005074,0.02
25,dt_multi_no_chain,91,medium,18132.36,0,7.38,0,0.006341,0.02
25,dt_multi_no_chain,92,medium,372.07,1,7.63,0,0.005646,0.02
25,dt_multi_no_chain,93,high,379.92,0,9.62,0,0.011994,0.03
25,dt_multi_no_chain,94,low,29525.12,1,8.31,0,0.003128,0.01
25,dt_multi_no_chain,95,high,3619.41,0,11.38,0,0.011414,0.03
25,dt_multi_no_chain,96,medium,4331.29,1,4.67,0,0.003917,0.02
25,dt_multi_no_chain,97,medium,14409.81,1,7.46,0,0.005887,0.02
25,dt_multi_no_chain,98,medium,10449.31,0,12.97,0,0.005126,0.02
25,dt_multi_no_chain,99,high,2179.34,0,13.58,0,0.01079,0.03
25,dt_multi_no_chain,100,high,741.48,0,8.13,1,0.0151,0.03
25,dt_multi_no_chain,101,low,25567.21,1,7.12,0,0.003441,0.01
25,dt_multi_no_chain,102,high,3258.87,0,11.19,0,0.012778,0.03
25,dt_multi_no_chain,103,medium,2172.87,1,7.37,0,0.005697,0.02
25,dt_multi_no_chain,104,medium,369.18,1,9.56,1,0.007523,0.02
25,dt_multi_no_chain,105,high,740.31,0,10.8,0,0.008804,0.03
25,dt_multi_no_chain,106,medium,14052.65,0,11.6,0,0.006093,0.02
25,dt_multi_no_chain,107,low,31686.16,1,6.66,0,0.00296,0.01
25,dt_multi_no_chain,108,high,6141.8,0,7.31,0,0.014834,0.03
25,dt_multi_no_chain,109,medium,7211.16,1,4.39,0,0.006157,0.02
25,dt_multi_no_chain,110,high,7940.38,0,7.04,0,0.013231,0.03
25,dt_multi_no_chain,111,low,40325.01,1,6.77,0,0.002899,0.01
25,dt_multi_no_chain,112,medium,4693.85,1,5.78,0,0.006878,0.02
25,dt_multi_no_chain,113,high,3624.67,1,9.02,0,0.011713,0.03
25,dt_multi_no_chain,114,high,2182.44,0,10.56,0,0.011766,0.03
25,dt_multi_no_chain,115,high,1822.71,0,8.05,0,0.011335,0.03
25,dt_multi_no_chain,116,low,19445.6,0,11.68,0,0.002577,0.01
25,dt_multi_no_chain,117,high,8662.09,1,10.27,0,0.012771,0.03
25,dt_multi_no_chain,118,low,26647.67,1,11.86,0,0.002623,0.01
25,dt_multi_no_chain,119,high,1099.97,1,10.88,0,0.010477,0.03
26,dt_multi_no_chain,0,high,1456.72,1,6.64,0,0.008245,0.03
26,dt_multi_no_chain,1,low,35644.76,1,9.22,0,0.002617,0.01
26,dt_multi_no_chain,2,medium,1091.62,1,11.93,0,0.007265,0.02
26,dt_multi_no_chain,3,low,38527.08,1,6.6,0,0.00342,0.01
26,dt_multi_no_chain,4,high,6141.07,1,5.59,0,0.01165,0.03
26,dt_multi_no_chain,5,medium,6487.26,1,6.56,1,0.006394,0.02
26,dt_multi_no_chain,6,low,32406.62,1,11.75,0,0.002611,0.01
26,dt_multi_no_chain,7,medium,5774.36,1,7.13,0,0.0061,0.02
26,dt_multi_no_chain,8,low,23045.19,1,8.44,0,0.003973,0.01
26,dt_multi_no_chain,9,high,1099.33,0,10.68,0,0.009618,0.03
26,dt_multi_no_chain,10,low,30244.64,1,11.34,0,0.002647,0.01
26,dt_multi_no_chain,11,low,11891.06,1,9.36,0,0.004051,0.01
26,dt_multi_no_chain,12,low,30242.59,1,10.23,0,0.002833,0.01
26,dt_multi_no_chain,13,low,20882.55,1,10.42,0,0.002572,0.01
26,dt_multi_no_chain,14,medium,21014.01,0,6.89,0,0.004935,0.02
26,dt_multi_no_chain,15,medium,6494.9,1,8.83,0,0.004496,0.02
26,dt_multi_no_chain,16,medium,30250.05,1,8.79,0,0.003804,0.02
26,dt_multi_no_chain,17,low,27364.64,1,8.2,1,0.002881,0.01
26,dt_multi_no_chain,18,high,381.83,0,7.37,0,0.008992,0.03
26,dt_multi_no_chain,19,low,21608.68,1,9.56,1,0.003538,0.01
26,dt_multi_no_chain,20,high,382.16,1,11.02,0,0.011149,0.03
26,dt_multi_no_chain,21,low,25685.09,0,7.54,0,0.003989,0.01
26,dt_multi_no_chain,22,medium,5049.1,1,9.64,0,0.006704,0.02
26,dt_multi_no_chain,23,low,43205.46,1,8.17,0,0.002683,0.01
26,dt_multi_no_chain,24,low,19808.58,1,10.75,0,0.002094,0.01
26,dt_multi_no_chain,25,low,10804.8,1,11.49,0,0.003596,0.01
26,dt_multi_no_chain,26,high,2900.26,0,10.06,1,0.012939,0.03
26,dt_multi_no_chain,27,medium,2893.49,1,7.71,0,0.006947,0.02
26,dt_multi_no_chain,28,medium,8292.81,1,12.32,0,0.007107,0.02
26,dt_multi_no_chain,29,high,380.78,1,8.02,1,0.01088,0.03
26,dt_multi_no_chain,30,high,741.86,0,9.37,0,0.013686,0.03
26,dt_multi_no_chain,31,high,1461.48,1,10.17,0,0.006177,0.03
26,dt_multi_no_chain,32,medium,15851.78,1,9.19,0,0.004571,0.02
26,dt_multi_no_chain,33,low,5766.02,1,10.07,0,0.003817,0.01
26,dt_multi_no_chain,34,medium,12250.02,1,11.91,0,0.005598,0.02
26,dt_multi_no_chain,35,high,739.5,1,11.4,0,0.009695,0.03
26,dt_multi_no_chain,36,high,1103.85,1,11.21,0,0.009358,0.03
26,dt_multi_no_chain,37,low,24126.83,1,7.33,0,0.004098,0.01
26,dt_multi_no_chain,38,low,9728.8,1,9.33,0,0.002261,0.01
26,dt_multi_no_chain,39,high,742.68,0,8.53,0,0.011911,0.03
26,dt_multi_no_chain,40,low,26646.76,1,6.49,0,0.002833,0.01
26,dt_multi_no_chain,41,low,14765.52,1,11.67,0,0.002409,0.01
26,dt_multi_no_chain,42,medium,5046.81,1,6.53,0,0.006818,0.02
26,dt_multi_no_chain,43,high,7938.1,0,10.15,0,0.013893,0.03
26,dt_multi_no_chain,44,high,3261.17,0,10.07,0,0.011349,0.03
26,dt_multi_no_chain,45,high,3982.51,0,9.55,0,0.014956,0.03
26,dt_multi_no_chain,46,medium,6129.05,1,10.69,0,0.008717,0.02
26,dt_multi_no_chain,47,medium,1809.96,1,3.37,0,0.005397,0.02
26,dt_multi_no_chain,48,high,382.01,0,8.41,0,0.008599,0.03
26,dt_multi_no_chain,49,high,2177.93,0,10.02,0,0.015604,0.03
26,dt_multi_no_chain,50,medium,4331.5,1,10.8,0,0.006051,0.02
26,dt_multi_no_chain,51,medium,3251.82,0,11.94,0,0.005517,0.02
26,dt_multi_no_chain,52,medium,19814.02,1,11.51,0,0.006098,0.02
26,dt_multi_no_chain,53,medium,6492.24,1,8.83,1,0.007299,0.02
26,dt_multi_no_chain,54,medium,20890.55,1,6.79,0,0.005972,0.02
26,dt_multi_no_chain,55,high,1101.27,1,5.89,1,0.008251,0.03
26,dt_multi_no_chain,56,high,1103.77,1,6.85,0,0.011182,0.03
26,dt_multi_no_chain,57,high,20.93,0,10.31,0,0.011528,0.03
26,dt_multi_no_chain,58,high,6861.28,1,9.81,0,0.009514,0.03
26,dt_multi_no_chain,59,medium,5409.43,1,12.89,0,0.005915,0.02
26,dt_multi_no_chain,60,medium,13330.7,1,6.53,0,0.005198,0.02
26,dt_multi_no_chain,61,low,29164.52,1,8.14,0,0.003304,0.01
26,dt_multi_no_chain,62,medium,24130.17,1,8.02,0,0.005461,0.02
26,dt_multi_no_chain,63,medium,5767.91,1,12.58,0,0.005208,0.02
26,dt_multi_no_chain,64,low,21961.0,1,8.81,0,0.002929,0.01
26,dt_multi_no_chain,65,high,141.17,0,6.61,0,0.008331,0.03
26,dt_multi_no_chain,66,high,2185.05,0,11.82,0,0.009634,0.03
26,dt_multi_no_chain,67,high,1464.89,1,10.6,0,0.013257,0.03
26,dt_multi_no_chain,68,low,53650.21,0,9.08,0,0.002344,0.01
26,dt_multi_no_chain,69,low,30961.91,1,10.18,0,0.002962,0.01
26,dt_multi_no_chain,70,high,1222.13,0,9.77,0,0.012945,0.03
26,dt_multi_no_chain,71,high,3623.39,1,7.16,0,0.009525,0.03
26,dt_multi_no_chain,72,high,6863.39,1,8.86,1,0.007536,0.03
26,dt_multi_no_chain,73,medium,9731.07,1,10.89,0,0.005394,0.02
26,dt_multi_no_chain,74,medium,13329.36,1,7.65,0,0.006804,0.02
26,dt_multi_no_chain,75,medium,14409.17,1,9.23,0,0.006437,0.02
26,dt_multi_no_chain,76,medium,13690.11,1,10.39,0,0.005531,0.02
26,dt_multi_no_chain,77,medium,3971.6,1,9.92,0,0.005048,0.02
26,dt_multi_no_chain,78,medium,20170.48,1,8.25,0,0.006037,0.02
26,dt_multi_no_chain,79,medium,2890.88,1,10.65,0,0.003556,0.02
26,dt_multi_no_chain,80,high,1942.55,0,10.14,0,0.011657,0.03
26,dt_multi_no_chain,81,low,28804.99,1,7.49,0,0.00326,0.01
26,dt_multi_no_chain,82,medium,7931.37,1,8.77,1,0.005271,0.02
26,dt_multi_no_chain,83,medium,734.44,1,10.23,0,0.006824,0.02
26,dt_multi_no_chain,84,medium,733.15,1,9.95,0,0.004358,0.02
26,dt_multi_no_chain,85,low,21608.55,1,9.99,0,0.003318,0.01
26,dt_multi_no_chain,86,high,1461.4,0,9.89,1,0.011327,0.03
26,dt_multi_no_chain,87,medium,15131.09,0,8.6,0,0.007236,0.02
26,dt_multi_no_chain,88,low,18125.77,0,6.56,0,0.003174,0.01
26,dt_multi_no_chain,89,medium,19450.93,1,10.89,0,0.005604,0.02
26,dt_multi_no_chain,90,high,4698.56,1,8.69,0,0.009809,0.03
26,dt_multi_no_chain,91,low,49689.89,0,9.55,0,0.00218,0.01
26,dt_multi_no_chain,92,low,33486.36,1,8.89,1,0.002893,0.01
26,dt_multi_no_chain,93,high,5425.19,0,8.94,0,0.016557,0.03
26,dt_multi_no_chain,94,low,28084.93,1,6.97,0,0.003033,0.01
26,dt_multi_no_chain,95,low,37088.25,1,8.14,0,0.003489,0.01
26,dt_multi_no_chain,96,medium,4331.12,1,8.31,0,0.00701,0.02
26,dt_multi_no_chain,97,low,33844.83,1,5.66,0,0.003875,0.01
26,dt_multi_no_chain,98,low,22689.02,1,7.69,0,0.00302,0.01
26,dt_multi_no_chain,99,low,27367.48,1,8.97,0,0.003861,0.01
26,dt_multi_no_chain,100,high,1822.48,0,8.92,0,0.013879,0.03
26,dt_multi_no_chain,101,medium,2290.88,0,7.9,1,0.005805,0.02
26,dt_multi_no_chain,102,low,24488.58,1,9.59,0,0.003678,0.01
26,dt_multi_no_chain,103,medium,729.89,1,8.76,0,0.007355,0.02
26,dt_multi_no_chain,104,medium,3616.76,1,5.22,0,0.005161,0.02
26,dt_multi_no_chain,105,medium,10452.52,1,9.93,0,0.00525,0.02
26,dt_multi_no_chain,106,high,5421.48,0,8.38,0,0.010068,0.03
26,dt_multi_no_chain,107,medium,8048.98,0,8.37,0,0.005185,0.02
26,dt_multi_no_chain,108,high,3264.78,0,6.99,0,0.007619,0.03
26,dt_multi_no_chain,109,low,41524.99,0,9.34,0,0.002576,0.01
26,dt_multi_no_chain,110,low,27008.54,1,13.09,0,0.00329,0.01
26,dt_multi_no_chain,111,medium,15130.53,0,10.52,0,0.004464,0.02
26,dt_multi_no_chain,112,high,3260.09,1,7.43,0,0.012811,0.03
26,dt_multi_no_chain,113,low,38531.93,1,3.13,0,0.003029,0.01
26,dt_multi_no_chain,114,low,20890.43,1,10.29,0,0.003258,0.01
26,dt_multi_no_chain,115,high,379.66,1,12.0,0,0.011644,0.03
26,dt_multi_no_chain,116,low,28444.15,1,9.01,0,0.002686,0.01
26,dt_multi_no_chain,117,low,40444.65,0,10.45,0,0.003231,0.01
26,dt_multi_no_chain,118,low,32045.65,1,9.67,0,0.003566,0.01
26,dt_multi_no_chain,119,medium,1450.15,1,11.63,0,0.00674,0.02
27,dt_multi_no_chain,0,high,9018.31,0,9.57,0,0.012244,0.03
27,dt_multi_no_chain,1,high,5418.67,1,9.99,0,0.012309,0.03
27,dt_multi_no_chain,2,low,18007.56,1,8.44,0,0.003352,0.01
27,dt_multi_no_chain,3,medium,3249.63,1,7.24,1,0.005906,0.02
27,dt_multi_no_chain,4,medium,13689.64,0,8.9,0,0.007503,0.02
27,dt_multi_no_chain,5,high,739.02,1,8.77,0,0.01409,0.03
27,dt_multi_no_chain,6,low,37446.22,1,14.59,0,0.002618,0.01
27,dt_multi_no_chain,7,low,37444.64,1,8.45,1,0.002695,0.01
27,dt_multi_no_chain,8,high,741.81,0,13.48,0,0.014123,0.03
27,dt_multi_no_chain,9,low,42125.2,0,9.95,0,0.002554,0.01
27,dt_multi_no_chain,10,high,740.01,1,7.86,1,0.010389,0.03
27,dt_multi_no_chain,11,medium,4332.56,1,8.48,1,0.005158,0.02
27,dt_multi_no_chain,12,high,743.67,1,9.48,0,0.013459,0.03
27,dt_multi_no_chain,13,high,741.32,1,7.14,0,0.012864,0.03
27,dt_multi_no_chain,14,high,3257.4,1,11.26,0,0.0126,0.03
27,dt_multi_no_chain,15,medium,5408.81,1,5.18,0,0.007333,0.02
27,dt_multi_no_chain,16,low,36366.19,1,8.45,0,0.002139,0.01
27,dt_multi_no_chain,17,low,34924.58,1,10.5,0,0.002721,0.01
27,dt_multi_no_chain,18,low,30248.25,1,5.97,0,0.003493,0.01
27,dt_multi_no_chain,19,low,47528.18,1,11.05,1,0.002907,0.01
27,dt_multi_no_chain,20,high,9024.2,1,8.81,0,0.012726,0.03
27,dt_multi_no_chain,21,medium,11170.42,1,6.4,0,0.007806,0.02
27,dt_multi_no_chain,22,medium,16576.21,1,5.82,0,0.005704,0.02
27,dt_multi_no_chain,23,low,38525.91,1,10.17,0,0.002838,0.01
27,dt_multi_no_chain,24,low,34203.75,1,7.44,0,0.003992,0.01
27,dt_multi_no_chain,25,high,384.19,0,5.56,0,0.01139,0.03
27,dt_multi_no_chain,26,low,38167.28,1,7.9,0,0.0035,0.01
27,dt_multi_no_chain,27,low,30970.78,1,12.51,0,0.003219,0.01
27,dt_multi_no_chain,28,low,27006.41,1,10.66,1,0.002356,0.01
27,dt_multi_no_chain,29,high,380.04,1,11.04,1,0.01423,0.03
27,dt_multi_no_chain,30,medium,7573.81,1,6.86,0,0.005631,0.02
27,dt_multi_no_chain,31,low,47525.6,1,8.38,0,0.002512,0.01
27,dt_multi_no_chain,32,medium,11531.18,1,10.48,0,0.006697,0.02
27,dt_multi_no_chain,33,low,30250.15,1,10.96,0,0.002343,0.01
27,dt_multi_no_chain,34,low,25563.74,1,9.73,0,0.003424,0.01
27,dt_multi_no_chain,35,low,23764.01,1,7.91,0,0.003498,0.01
27,dt_multi_no_chain,36,medium,16209.77,1,12.27,0,0.007398,0.02
27,dt_multi_no_chain,37,medium,726.91,1,8.15,0,0.005352,0.02
27,dt_multi_no_chain,38,medium,729.3,0,10.05,0,0.00408,0.02
27,dt_multi_no_chain,39,low,23766.3,1,8.76,0,0.003386,0.01
27,dt_multi_no_chain,40,medium,13332.79,0,7.48,0,0.005855,0.02
27,dt_multi_no_chain,41,high,3623.01,0,6.23,1,0.01144,0.03
27,dt_multi_no_chain,42,medium,5051.34,1,8.57,1,0.005695,0.02
27,dt_multi_no_chain,43,high,740.7,0,12.92,0,0.015768,0.03
27,dt_multi_no_chain,44,medium,14051.97,1,8.77,0,0.005527,0.02
27,dt_multi_no_chain,45,high,3979.98,1,6.59,0,0.013176,0.03
27,dt_multi_no_chain,46,low,21601.0,1,7.7,0,0.002893,0.01
27,dt_multi_no_chain,47,low,13325.91,1,12.53,0,0.004038,0.01
27,dt_multi_no_chain,48,low,39606.8,0,5.34,1,0.002347,0.01
27,dt_multi_no_chain,49,low,27004.73,1,7.65,0,0.003449,0.01
27,dt_multi_no_chain,50,high,5062.76,1,11.9,0,0.011722,0.03
27,dt_multi_no_chain,51,low,19804.55,1,6.44,1,0.003149,0.01
27,dt_multi_no_chain,52,medium,17292.18,1,8.12,0,0.007661,0.02
27,dt_multi_no_chain,53,low,19447.35,1,10.89,0,0.003665,0.01
27,dt_multi_no_chain,54,high,1460.7,1,7.34,0,0.015435,0.03
27,dt_multi_no_chain,55,high,1819.14,1,9.52,1,0.014264,0.03
27,dt_multi_no_chain,56,medium,8648.79,1,7.93,1,0.006926,0.02
27,dt_multi_no_chain,57,medium,6132.31,1,9.67,1,0.007068,0.02
27,dt_multi_no_chain,58,medium,15487.87,0,10.51,0,0.006546,0.02
27,dt_multi_no_chain,59,medium,1092.85,1,10.32,0,0.005954,0.02
27,dt_multi_no_chain,60,medium,3970.69,1,5.85,0,0.007502,0.02
27,dt_multi_no_chain,61,low,44287.89,1,11.18,0,0.002969,0.01
27,dt_multi_no_chain,62,high,383.56,0,9.24,0,0.01061,0.03
27,dt_multi_no_chain,63,medium,11171.32,1,9.15,1,0.005998,0.02
27,dt_multi_no_chain,64,high,379.72,0,10.49,0,0.01271,0.03
27,dt_multi_no_chain,65,medium,15130.23,1,7.62,0,0.006399,0.02
27,dt_multi_no_chain,66,high,739.22,1,10.21,0,0.011385,0.03
27,dt_multi_no_chain,67,low,34567.71,1,11.2,0,0.002694,0.01
27,dt_multi_no_chain,68,low,23403.94,1,6.46,1,0.003481,0.01
27,dt_multi_no_chain,69,medium,4689.32,1,5.87,0,0.0058,0.02
27,dt_multi_no_chain,70,medium,6492.91,1,8.17,0,0.004791,0.02
27,dt_multi_no_chain,71,medium,5772.57,1,12.45,0,0.006268,0.02
27,dt_multi_no_chain,72,low,22689.07,1,5.48,0,0.003193,0.01
27,dt_multi_no_chain,73,low,18008.46,1,10.02,0,0.003333,0.01
27,dt_multi_no_chain,74,medium,14052.54,1,11.19,1,0.005291,0.02
27,dt_multi_no_chain,75,low,28089.62,1,6.65,0,0.003265,0.01
27,dt_multi_no_chain,76,low,15488.25,1,9.09,0,0.00236,0.01
27,dt_multi_no_chain,77,high,1819.02,1,7.83,1,0.012234,0.03
27,dt_multi_no_chain,78,medium,2169.33,1,7.39,0,0.007113,0.02
27,dt_multi_no_chain,79,low,27725.32,1,7.56,0,0.00304,0.01
27,dt_multi_no_chain,80,medium,27008.23,0,9.05,1,0.004884,0.02
27,dt_multi_no_chain,81,low,18726.3,1,7.14,0,0.00227,0.01
27,dt_multi_no_chain,82,low,33966.09,0,10.02,0,0.003345,0.01
27,dt_multi_no_chain,83,medium,12610.94,0,12.21,0,0.007374,0.02
27,dt_multi_no_chain,84,low,30606.13,1,7.2,0,0.003408,0.01
27,dt_multi_no_chain,85,low,23403.5,1,12.33,0,0.003368,0.01
27,dt_multi_no_chain,86,low,33483.56,1,7.22,0,0.002805,0.01
27,dt_multi_no_chain,87,medium,1091.09,1,6.49,0,0.007105,0.02
27,dt_multi_no_chain,88,low,26282.58,1,8.36,0,0.002855,0.01
27,dt_multi_no_chain,89,medium,10450.28,0,7.15,0,0.00565,0.02
27,dt_multi_no_chain,90,low,11165.63,0,9.49,0,0.002131,0.01
27,dt_multi_no_chain,91,medium,7571.63,1,10.11,0,0.005173,0.02
27,dt_multi_no_chain,92,medium,10091.72,1,8.5,0,0.005398,0.02
27,dt_multi_no_chain,93,low,22689.82,1,10.15,0,0.002925,0.01
27,dt_multi_no_chain,94,high,1819.0,0,5.99,0,0.007764,0.03
27,dt_multi_no_chain,95,low,52565.72,1,7.88,1,0.002571,0.01
27,dt_multi_no_chain,96,high,1101.62,0,12.31,0,0.011167,0.03
27,dt_multi_no_chain,97,medium,9731.4,1,9.55,1,0.005417,0.02
27,dt_multi_no_chain,98,medium,1093.97,0,8.56,0,0.005034,0.02
27,dt_multi_no_chain,99,low,35283.61,1,11.69,0,0.003227,0.01
27,dt_multi_no_chain,100,high,379.37,1,6.58,0,0.010808,0.03
27,dt_multi_no_chain,101,high,1460.67,1,9.79,0,0.010926,0.03
27,dt_multi_no_chain,102,medium,6490.31,1,9.0,0,0.007143,0.02
27,dt_multi_no_chain,103,high,743.58,0,11.73,0,0.009299,0.03
27,dt_multi_no_chain,104,low,37084.16,1,8.23,1,0.003556,0.01
27,dt_multi_no_chain,105,medium,3248.87,1,8.75,0,0.003931,0.02
27,dt_multi_no_chain,106,high,2539.33,0,11.8,0,0.014767,0.03
27,dt_multi_no_chain,107,medium,3972.56,1,9.11,0,0.006112,0.02
27,dt_multi_no_chain,108,medium,4329.26,1,8.45,0,0.005958,0.02
27,dt_multi_no_chain,109,low,34564.36,1,8.78,0,0.003173,0.01
27,dt_multi_no_chain,110,medium,1454.26,1,11.58,0,0.006735,0.02
27,dt_multi_no_chain,111,medium,2888.8,1,9.18,0,0.005491,0.02
27,dt_multi_no_chain,112,medium,9369.63,1,8.85,0,0.005748,0.02
27,dt_multi_no_chain,113,low,20886.99,1,8.0,0,0.003249,0.01
27,dt_multi_no_chain,114,medium,729.93,1,6.76,0,0.005817,0.02
27,dt_multi_no_chain,115,medium,7570.93,1,9.14,0,0.00412,0.02
27,dt_multi_no_chain,116,high,2899.33,1,12.78,0,0.014825,0.03
27,dt_multi_no_chain,117,medium,732.7,1,8.26,0,0.005765,0.02
27,dt_multi_no_chain,118,high,1101.62,0,7.78,0,0.013612,0.03
27,dt_multi_no_chain,119,high,5781.48,0,10.77,0,0.012315,0.03
28,dt_multi_no_chain,0,low,31686.96,1,8.94,0,0.003172,0.01
28,dt_multi_no_chain,1,low,28090.87,0,8.38,0,0.003139,0.01
28,dt_multi_no_chain,2,high,2540.99,1,9.86,0,0.011605,0.03
28,dt_multi_no_chain,3,medium,14050.5,1,7.38,0,0.007509,0.02
28,dt_multi_no_chain,4,low,36726.77,1,10.76,0,0.002764,0.01
28,dt_multi_no_chain,5,high,379.19,0,8.86,0,0.014825,0.03
28,dt_multi_no_chain,6,low,24485.71,1,8.17,1,0.003687,0.01
28,dt_multi_no_chain,7,medium,4692.0,1,8.8,0,0.005373,0.02
28,dt_multi_no_chain,8,low,29881.91,1,8.39,0,0.003044,0.01
28,dt_multi_no_chain,9,low,31324.1,1,6.87,0,0.003357,0.01
28,dt_multi_no_chain,10,low,24966.14,0,9.92,0,0.003043,0.01
28,dt_multi_no_chain,11,high,1465.02,0,11.73,0,0.011377,0.03
28,dt_multi_no_chain,12,medium,12253.41,1,9.4,0,0.006432,0.02
28,dt_multi_no_chain,13,medium,10451.39,1,12.73,1,0.005654,0.02
28,dt_multi_no_chain,14,high,8662.11,1,7.66,0,0.013388,0.03
28,dt_multi_no_chain,15,low,28444.58,1,12.52,0,0.003204,0.01
28,dt_multi_no_chain,16,low,38883.83,0,11.06,0,0.003028,0.01
28,dt_multi_no_chain,17,low,59769.12,0,5.48,0,0.001906,0.01
28,dt_multi_no_chain,18,medium,1090.85,1,9.44,0,0.007409,0.02
28,dt_multi_no_chain,19,high,143.7,0,6.06,1,0.013822,0.03
28,dt_multi_no_chain,20,medium,2170.47,1,8.76,0,0.00663,0.02
28,dt_multi_no_chain,21,high,18.98,0,8.64,0,0.009453,0.03
28,dt_multi_no_chain,22,low,22684.74,0,7.72,0,0.002507,0.01
28,dt_multi_no_chain,23,high,10463.2,1,9.33,0,0.007903,0.03
28,dt_multi_no_chain,24,high,2542.89,1,7.54,0,0.011358,0.03
28,dt_multi_no_chain,25,low,37927.24,0,11.91,0,0.002877,0.01
28,dt_multi_no_chain,26,low,34929.84,1,9.56,1,0.003021,0.01
28,dt_multi_no_chain,27,high,1101.22,0,8.73,0,0.011692,0.03
28,dt_multi_no_chain,28,high,377.57,0,9.15,0,0.01075,0.03
28,dt_multi_no_chain,29,medium,7212.31,1,9.31,0,0.004844,0.02
28,dt_multi_no_chain,30,high,380.05,1,7.72,0,0.015093,0.03
28,dt_multi_no_chain,31,high,2179.86,1,11.56,0,0.011047,0.03
28,dt_multi_no_chain,32,high,1100.36,0,11.54,0,0.011559,0.03
28,dt_multi_no_chain,33,medium,3971.86,1,9.39,0,0.007508,0.02
28,dt_multi_no_chain,34,high,1103.9,1,5.62,0,0.008869,0.03
28,dt_multi_no_chain,35,high,1819.1,0,7.71,1,0.012537,0.03
28,dt_multi_no_chain,36,high,18.6,1,8.2,0,0.012751,0.03
28,dt_multi_no_chain,37,medium,4331.25,1,10.21,0,0.006762,0.02
28,dt_multi_no_chain,38,low,37804.11,1,9.59,1,0.002918,0.01
28,dt_multi_no_chain,39,low,27006.43,1,8.32,0,0.0038,0.01
28,dt_multi_no_chain,40,low,23407.41,1,8.53,0,0.003185,0.01
28,dt_multi_no_chain,41,low,16203.59,1,8.92,0,0.002954,0.01
28,dt_multi_no_chain,42,medium,14774.08,0,9.71,0,0.00586,0.02
28,dt_multi_no_chain,43,medium,7933.06,1,7.36,0,0.005951,0.02
28,dt_multi_no_chain,44,high,376.23,1,7.01,1,0.009275,0.03
28,dt_multi_no_chain,45,low,25568.01,1,9.19,0,0.003159,0.01
28,dt_multi_no_chain,46,medium,5532.48,0,9.34,0,0.006578,0.02
28,dt_multi_no_chain,47,high,5060.9,1,8.03,0,0.010794,0.03
28,dt_multi_no_chain,48,high,739.89,0,9.77,0,0.013713,0.03
28,dt_multi_no_chain,49,medium,3248.23,1,10.1,0,0.005292,0.02
28,dt_multi_no_chain,50,high,2896.49,1,9.02,1,0.008121,0.03
28,dt_multi_no_chain,51,low,24484.33,1,8.13,0,0.002852,0.01
28,dt_multi_no_chain,52,low,36363.46,1,12.96,0,0.002997,0.01
28,dt_multi_no_chain,53,medium,5.25,1,7.75,0,0.005913,0.02
28,dt_multi_no_chain,54,low,33486.12,1,4.41,0,0.003078,0.01
28,dt_multi_no_chain,55,medium,9375.54,0,6.27,0,0.006017,0.02
28,dt_multi_no_chain,56,medium,3614.92,1,8.29,0,0.005676,0.02
28,dt_multi_no_chain,57,low,25928.64,1,7.45,0,0.003846,0.01
28,dt_multi_no_chain,58,medium,10093.33,1,9.82,1,0.006492,0.02
28,dt_multi_no_chain,59,medium,11891.16,1,10.95,0,0.004339,0.02
28,dt_multi_no_chain,60,high,2180.2,0,8.86,0,0.011533,0.03
28,dt_multi_no_chain,61,medium,15132.63,1,10.21,0,0.003735,0.02
28,dt_multi_no_chain,62,low,29525.79,1,7.97,1,0.002602,0.01
28,dt_multi_no_chain,63,medium,4330.12,1,6.79,1,0.006052,0.02
28,dt_multi_no_chain,64,low,24484.35,1,10.2,0,0.002751,0.01
28,dt_multi_no_chain,65,high,377.41,1,10.14,0,0.013139,0.03
28,dt_multi_no_chain,66,medium,8290.58,1,8.0,1,0.005091,0.02
28,dt_multi_no_chain,67,low,24488.27,1,8.22,1,0.003656,0.01
28,dt_multi_no_chain,68,low,35646.7,1,12.47,0,0.003627,0.01
28,dt_multi_no_chain,69,low,40330.15,1,9.59,0,0.002175,0.01
28,dt_multi_no_chain,70,low,34568.95,1,11.74,0,0.00263,0.01
28,dt_multi_no_chain,71,high,4699.6,1,3.42,0,0.011085,0.03
28,dt_multi_no_chain,72,high,1821.38,1,8.74,0,0.010765,0.03
28,dt_multi_no_chain,73,medium,4329.0,1,8.48,1,0.005669,0.02
28,dt_multi_no_chain,74,medium,18371.46,1,12.99,0,0.004875,0.02
28,dt_multi_no_chain,75,high,1100.88,0,12.07,0,0.012071,0.03
28,dt_multi_no_chain,76,medium,13335.42,1,8.22,0,0.006905,0.02
28,dt_multi_no_chain,77,low,43565.11,1,7.15,0,0.002612,0.01
28,dt_multi_no_chain,78,medium,4327.94,1,6.45,1,0.006617,0.02
28,dt_multi_no_chain,79,medium,15850.88,1,11.83,0,0.007861,0.02
28,dt_multi_no_chain,80,high,1100.75,1,9.8,0,0.011176,0.03
28,dt_multi_no_chain,81,low,48964.57,0,9.14,1,0.002146,0.01
28,dt_multi_no_chain,82,low,37089.42,1,9.21,0,0.002867,0.01
28,dt_multi_no_chain,83,medium,5053.12,1,9.5,0,0.006496,0.02
28,dt_multi_no_chain,84,low,33123.95,1,11.04,0,0.00312,0.01
28,dt_multi_no_chain,85,high,3621.59,0,4.31,0,0.01297,0.03
28,dt_multi_no_chain,86,high,745.12,0,8.48,0,0.010657,0.03
28,dt_multi_no_chain,87,low,32406.17,1,12.12,0,0.002441,0.01
28,dt_multi_no_chain,88,medium,3249.82,1,8.76,0,0.006346,0.02
28,dt_multi_no_chain,89,high,2539.1,1,11.76,0,0.012776,0.03
28,dt_multi_no_chain,90,low,24485.52,1,8.57,0,0.003083,0.01
28,dt_multi_no_chain,91,high,380.71,0,8.36,1,0.009139,0.03
28,dt_multi_no_chain,92,high,1459.52,1,7.19,0,0.014423,0.03
28,dt_multi_no_chain,93,high,1102.25,0,12.07,0,0.010277,0.03
28,dt_multi_no_chain,94,medium,5051.16,0,10.5,1,0.006968,0.02
28,dt_multi_no_chain,95,high,1103.91,0,9.36,0,0.01096,0.03
28,dt_multi_no_chain,96,medium,19453.06,1,7.11,0,0.005316,0.02
28,dt_multi_no_chain,97,medium,2892.17,1,11.9,0,0.007513,0.02
28,dt_multi_no_chain,98,medium,2170.17,1,8.92,1,0.005344,0.02
28,dt_multi_no_chain,99,medium,8651.29,1,7.96,0,0.005953,0.02
28,dt_multi_no_chain,100,low,28805.3,1,3.99,0,0.002406,0.01
28,dt_multi_no_chain,101,high,7941.62,1,13.98,0,0.013561,0.03
28,dt_multi_no_chain,102,high,381.83,0,10.07,0,0.01468,0.03
28,dt_multi_no_chain,103,low,10085.41,1,6.96,0,0.003256,0.01
28,dt_multi_no_chain,104,medium,30612.78,1,9.59,0,0.003415,0.02
28,dt_multi_no_chain,105,low,27724.43,1,9.36,0,0.003796,0.01
28,dt_multi_no_chain,106,high,18.74,1,9.05,0,0.011761,0.03
28,dt_multi_no_chain,107,low,22326.13,1,6.66,0,0.003254,0.01
28,dt_multi_no_chain,108,high,21.11,0,8.77,0,0.015971,0.03
28,dt_multi_no_chain,109,low,11167.64,1,8.33,0,0.002299,0.01
28,dt_multi_no_chain,110,medium,6849.87,1,6.25,0,0.005669,0.02
28,dt_multi_no_chain,111,high,5424.63,0,8.16,0,0.011251,0.03
28,dt_multi_no_chain,112,high,5058.07,0,9.59,0,0.012472,0.03
28,dt_multi_no_chain,113,high,3258.89,1,8.93,1,0.013721,0.03
28,dt_multi_no_chain,114,high,738.99,0,9.85,1,0.011686,0.03
28,dt_multi_no_chain,115,high,4338.23,1,12.03,0,0.010306,0.03
28,dt_multi_no_chain,116,medium,12246.94,1,7.62,0,0.006295,0.02
28,dt_multi_no_chain,117,high,1100.79,1,8.71,0,0.010514,0.03
28,dt_multi_no_chain,118,low,41403.91,1,8.62,0,0.002685,0.01
28,dt_multi_no_chain,119,medium,12251.13,0,10.15,0,0.007546,0.02
29,dt_multi_no_chain,0,low,32404.12,1,7.54,0,0.003163,0.01
29,dt_multi_no_chain,1,medium,9010.6,1,9.13,0,0.008025,0.02
29,dt_multi_no_chain,2,medium,5408.6,1,9.39,0,0.004901,0.02
29,dt_multi_no_chain,3,high,1101.1,0,8.33,0,0.012708,0.03
29,dt_multi_no_chain,4,medium,18367.94,1,10.65,0,0.006736,0.02
29,dt_multi_no_chain,5,low,24486.6,0,10.19,0,0.003421,0.01
29,dt_multi_no_chain,6,low,34925.9,1,8.34,0,0.002741,0.01
29,dt_multi_no_chain,7,high,11177.17,0,9.67,0,0.010172,0.03
29,dt_multi_no_chain,8,low,29881.72,1,11.65,0,0.002572,0.01
29,dt_multi_no_chain,9,low,33845.84,1,7.8,1,0.001924,0.01
29,dt_multi_no_chain,10,low,23408.05,1,6.27,0,0.003087,0.01
29,dt_multi_no_chain,11,medium,4331.09,1,12.6,0,0.006375,0.02
29,dt_multi_no_chain,12,high,1463.63,0,9.44,0,0.013368,0.03
29,dt_multi_no_chain,13,low,25925.48,1,8.74,1,0.004001,0.01
29,dt_multi_no_chain,14,medium,6132.76,1,7.83,1,0.003235,0.02
29,dt_multi_no_chain,15,high,1817.64,0,9.86,0,0.010668,0.03
29,dt_multi_no_chain,16,low,26645.09,1,10.39,0,0.003194,0.01
29,dt_multi_no_chain,17,high,1463.01,1,9.84,0,0.013125,0.03
29,dt_multi_no_chain,18,low,25564.49,1,9.24,0,0.003629,0.01
29,dt_multi_no_chain,19,low,22683.63,1,7.57,0,0.00229,0.01
29,dt_multi_no_chain,20,medium,8652.91,1,10.89,0,0.00448,0.02
29,dt_multi_no_chain,21,medium,17290.76,0,7.77,0,0.00524,0.02
29,dt_multi_no_chain,22,medium,1571.75,0,11.71,0,0.0054,0.02
29,dt_multi_no_chain,23,low,21609.11,1,8.54,1,0.003695,0.01
29,dt_multi_no_chain,24,medium,10453.63,0,7.82,0,0.006865,0.02
29,dt_multi_no_chain,25,medium,4687.44,1,10.65,1,0.005129,0.02
29,dt_multi_no_chain,26,high,2900.29,1,10.17,1,0.013086,0.03
29,dt_multi_no_chain,27,low,27366.78,0,10.39,0,0.002203,0.01
29,dt_multi_no_chain,28,high,381.48,0,9.07,0,0.011393,0.03
29,dt_multi_no_chain,29,high,3619.69,0,8.2,0,0.012976,0.03
29,dt_multi_no_chain,30,medium,12250.33,1,10.98,0,0.007177,0.02
29,dt_multi_no_chain,31,medium,1088.29,1,3.82,0,0.005241,0.02
29,dt_multi_no_chain,32,low,29524.05,1,11.63,0,0.002489,0.01
29,dt_multi_no_chain,33,high,863.18,0,11.59,1,0.012942,0.03
29,dt_multi_no_chain,34,low,40324.0,1,10.95,0,0.002953,0.01
29,dt_multi_no_chain,35,medium,2170.32,1,7.42,0,0.006622,0.02
29,dt_multi_no_chain,36,low,24845.13,1,9.74,1,0.00248,0.01
29,dt_multi_no_chain,37,low,26286.84,1,5.82,0,0.002045,0.01
29,dt_multi_no_chain,38,low,47168.55,1,9.47,0,0.002521,0.01
29,dt_multi_no_chain,39,low,20524.58,1,7.89,0,0.003629,0.01
29,dt_multi_no_chain,40,medium,5410.04,1,11.64,0,0.005886,0.02
29,dt_multi_no_chain,41,medium,14051.69,1,9.08,0,0.005493,0.02
29,dt_multi_no_chain,42,high,6137.67,1,12.6,1,0.010474,0.03
29,dt_multi_no_chain,43,medium,16210.64,1,6.06,0,0.005999,0.02
29,dt_multi_no_chain,44,medium,8288.99,1,12.32,0,0.005061,0.02
29,dt_multi_no_chain,45,medium,16930.54,0,10.47,0,0.005627,0.02
29,dt_multi_no_chain,46,medium,8648.54,1,8.93,0,0.007365,0.02
29,dt_multi_no_chain,47,high,4344.66,1,8.29,0,0.01252,0.03
29,dt_multi_no_chain,48,low,18004.11,1,9.06,0,0.003909,0.01
29,dt_multi_no_chain,49,medium,13688.42,1,12.68,0,0.006244,0.02
29,dt_multi_no_chain,50,low,42126.94,1,7.91,0,0.001821,0.01
29,dt_multi_no_chain,51,low,30608.58,1,9.12,0,0.002283,0.01
29,dt_multi_no_chain,52,low,47523.7,1,7.98,0,0.00187,0.01
29,dt_multi_no_chain,53,high,1822.36,0,5.14,0,0.015564,0.03
29,dt_multi_no_chain,54,low,33127.2,1,7.3,0,0.002461,0.01
29,dt_multi_no_chain,55,low,36008.13,1,10.87,0,0.002986,0.01
29,dt_multi_no_chain,56,medium,2889.96,1,12.55,0,0.007301,0.02
29,dt_multi_no_chain,57,medium,7933.59,0,12.3,0,0.006817,0.02
29,dt_multi_no_chain,58,low,6844.69,1,9.88,0,0.003546,0.01
29,dt_multi_no_chain,59,medium,4330.43,1,9.21,0,0.005419,0.02
29,dt_multi_no_chain,60,high,858.82,0,9.35,1,0.014158,0.03
29,dt_multi_no_chain,61,low,45368.71,0,10.13,0,0.002294,0.01
29,dt_multi_no_chain,62,medium,7208.39,0,10.05,0,0.00714,0.02
29,dt_multi_no_chain,63,low,60846.96,0,9.5,0,0.001344,0.01
29,dt_multi_no_chain,64,high,3618.9,0,8.32,0,0.012187,0.03
29,dt_multi_no_chain,65,medium,17292.27,0,6.89,0,0.006246,0.02
29,dt_multi_no_chain,66,low,36364.25,1,8.93,0,0.00272,0.01
29,dt_multi_no_chain,67,high,740.12,1,7.89,0,0.010487,0.03
29,dt_multi_no_chain,68,low,22687.03,1,10.63,1,0.002711,0.01
29,dt_multi_no_chain,69,low,46927.76,0,11.83,0,0.002998,0.01
29,dt_multi_no_chain,70,medium,2171.86,1,9.93,0,0.008166,0.02
29,dt_multi_no_chain,71,medium,17291.44,1,10.52,1,0.006554,0.02
29,dt_multi_no_chain,72,low,33846.81,1,6.11,0,0.003162,0.01
29,dt_multi_no_chain,73,high,380.78,0,12.63,0,0.011948,0.03
29,dt_multi_no_chain,74,high,3981.43,1,11.55,1,0.013179,0.03
29,dt_multi_no_chain,75,high,23.62,1,6.05,0,0.010776,0.03
29,dt_multi_no_chain,76,medium,10092.83,0,9.93,1,0.006622,0.02
29,dt_multi_no_chain,77,high,739.16,1,8.92,0,0.014664,0.03
29,dt_multi_no_chain,78,low,29883.43,1,7.03,0,0.003112,0.01
29,dt_multi_no_chain,79,medium,5050.24,1,9.17,1,0.005556,0.02
29,dt_multi_no_chain,80,low,39607.33,1,10.28,0,0.003443,0.01
29,dt_multi_no_chain,81,low,17289.13,1,8.44,1,0.003081,0.01
29,dt_multi_no_chain,82,high,5059.99,1,13.05,0,0.011479,0.03
29,dt_multi_no_chain,83,medium,9369.67,1,7.54,0,0.005386,0.02
29,dt_multi_no_chain,84,medium,9009.99,1,11.9,0,0.004851,0.02
29,dt_multi_no_chain,85,medium,2893.69,1,7.98,0,0.006503,0.02
29,dt_multi_no_chain,86,low,32046.57,1,9.54,1,0.002917,0.01
29,dt_multi_no_chain,87,high,1818.65,1,8.96,1,0.01117,0.03
29,dt_multi_no_chain,88,high,1460.66,0,9.0,0,0.011493,0.03
29,dt_multi_no_chain,89,low,21244.75,1,10.25,0,0.001895,0.01
29,dt_multi_no_chain,90,low,16925.48,1,6.43,0,0.003885,0.01
29,dt_multi_no_chain,91,medium,17651.13,1,7.01,0,0.00672,0.02
29,dt_multi_no_chain,92,low,32763.64,1,8.26,0,0.003095,0.01
29,dt_multi_no_chain,93,low,21608.18,1,7.0,0,0.003086,0.01
29,dt_multi_no_chain,94,low,34926.95,1,10.56,0,0.003274,0.01
29,dt_multi_no_chain,95,medium,10448.04,1,10.79,0,0.006444,0.02
29,dt_multi_no_chain,96,medium,12251.71,1,12.39,1,0.005743,0.02
29,dt_multi_no_chain,97,high,3623.26,1,8.05,1,0.011311,0.03
29,dt_multi_no_chain,98,medium,10095.93,1,12.28,0,0.006367,0.02
29,dt_multi_no_chain,99,medium,3975.09,1,8.52,0,0.006062,0.02
29,dt_multi_no_chain,100,low,6486.07,1,12.46,0,0.002763,0.01
29,dt_multi_no_chain,101,low,33126.75,1,11.96,1,0.003215,0.01
29,dt_multi_no_chain,102,low,17291.62,1,7.44,1,0.003729,0.01
29,dt_multi_no_chain,103,low,28086.28,1,6.99,0,0.003356,0.01
29,dt_multi_no_chain,104,high,5422.08,1,9.95,0,0.014796,0.03
29,dt_multi_no_chain,105,high,739.76,0,4.25,1,0.012856,0.03
29,dt_multi_no_chain,106,medium,373.54,1,8.55,0,0.007497,0.02
29,dt_multi_no_chain,107,low,12603.36,1,10.88,0,0.003777,0.01
29,dt_multi_no_chain,108,low,36724.43,1,9.72,0,0.002186,0.01
29,dt_multi_no_chain,109,low,33126.57,1,8.9,0,0.002918,0.01
29,dt_multi_no_chain,110,high,3979.37,1,10.39,1,0.011955,0.03
29,dt_multi_no_chain,111,medium,12610.6,1,12.74,0,0.00797,0.02
29,dt_multi_no_chain,112,low,47888.61,0,5.94,0,0.002596,0.01
29,dt_multi_no_chain,113,high,1101.49,0,10.67,0,0.012573,0.03
29,dt_multi_no_chain,114,high,23.2,0,10.41,0,0.015446,0.03
29,dt_multi_no_chain,115,high,381.78,0,10.12,0,0.009075,0.03
29,dt_multi_no_chain,116,medium,31330.95,1,6.6,0,0.004029,0.02
29,dt_multi_no_chain,117,medium,16930.47,1,10.96,0,0.006021,0.02
29,dt_multi_no_chain,118,medium,24131.68,1,5.15,0,0.004907,0.02
29,dt_multi_no_chain,119,low,25566.78,1,7.88,0,0.002853,0.01
0,agentic_full,0,high,1461.53,1,6.49,1,0.01006,0.03
0,agentic_full,1,low,37086.28,1,9.33,1,0.00279,0.01
0,agentic_full,2,low,47884.56,1,9.81,1,0.002206,0.01
0,agentic_full,3,high,862.63,0,6.74,1,0.013248,0.03
0,agentic_full,4,medium,6131.89,1,11.71,1,0.008763,0.02
0,agentic_full,5,low,25209.73,1,11.15,1,0.003818,0.01
0,agentic_full,6,high,2540.21,1,7.85,1,0.009355,0.03
0,agentic_full,7,medium,8649.22,1,11.07,1,0.00648,0.02
0,agentic_full,8,low,41767.43,1,12.27,1,0.002456,0.01
0,agentic_full,9,medium,12251.74,1,8.19,1,0.00674,0.02
0,agentic_full,10,medium,7211.63,1,8.57,1,0.006952,0.02
0,agentic_full,11,high,739.54,1,8.63,0,0.012833,0.03
0,agentic_full,12,low,19084.52,1,8.71,1,0.00244,0.01
0,agentic_full,13,low,32762.22,1,7.74,1,0.00269,0.01
0,agentic_full,14,low,45725.0,0,7.26,1,0.001749,0.01
0,agentic_full,15,high,738.81,1,10.32,0,0.011059,0.03
0,agentic_full,16,medium,12611.44,1,10.8,1,0.006216,0.02
0,agentic_full,17,low,25924.2,1,7.49,1,0.002564,0.01
0,agentic_full,18,medium,16570.45,1,9.06,1,0.006893,0.02
0,agentic_full,19,high,1102.06,0,12.14,1,0.014377,0.03
0,agentic_full,20,medium,10089.04,1,7.23,1,0.005134,0.02
0,agentic_full,21,low,36009.52,1,10.18,1,0.003842,0.01
0,agentic_full,22,medium,3611.16,1,7.59,0,0.003683,0.02
0,agentic_full,23,low,18007.95,1,11.34,1,0.003251,0.01
0,agentic_full,24,high,9022.7,0,9.75,1,0.009913,0.03
0,agentic_full,25,low,33125.23,1,6.75,1,0.002548,0.01
0,agentic_full,26,low,39604.91,0,6.58,1,0.002693,0.01
0,agentic_full,27,high,3984.19,0,8.52,1,0.012739,0.03
0,agentic_full,28,medium,4332.36,1,8.08,1,0.007016,0.02
0,agentic_full,29,low,37807.85,1,7.73,1,0.002786,0.01
0,agentic_full,30,low,28927.29,0,10.51,1,0.002529,0.01
0,agentic_full,31,medium,2532.03,1,11.38,1,0.007636,0.02
0,agentic_full,32,high,2542.68,1,12.12,0,0.01354,0.03
0,agentic_full,33,high,20.68,0,13.79,1,0.007654,0.03
0,agentic_full,34,medium,15492.31,0,8.11,1,0.006844,0.02
0,agentic_full,35,medium,11890.41,1,6.53,1,0.007089,0.02
0,agentic_full,36,medium,6494.56,1,9.54,1,0.004879,0.02
0,agentic_full,37,medium,18368.85,1,11.44,1,0.005065,0.02
0,agentic_full,38,medium,6850.7,1,7.8,1,0.003852,0.02
0,agentic_full,39,low,32405.2,1,11.5,1,0.003126,0.01
0,agentic_full,40,low,21966.98,1,5.97,1,0.00303,0.01
0,agentic_full,41,medium,10449.95,1,11.41,1,0.007152,0.02
0,agentic_full,42,medium,11531.96,0,10.18,1,0.005094,0.02
0,agentic_full,43,medium,12250.98,1,8.95,1,0.00613,0.02
0,agentic_full,44,low,1085.33,1,9.0,1,0.003077,0.01
0,agentic_full,45,medium,6491.83,0,10.25,0,0.006071,0.02
0,agentic_full,46,low,33486.71,1,10.49,1,0.00316,0.01
0,agentic_full,47,low,17644.57,1,11.24,1,0.003841,0.01
0,agentic_full,48,low,28441.57,1,7.03,1,0.0032,0.01
0,agentic_full,49,high,3978.72,0,10.8,1,0.01368,0.03
0,agentic_full,50,low,21968.0,1,12.27,1,0.003464,0.01
0,agentic_full,51,low,34927.25,1,11.39,1,0.003557,0.01
0,agentic_full,52,low,27007.08,1,7.24,1,0.003014,0.01
0,agentic_full,53,high,1100.74,1,8.71,1,0.013306,0.03
0,agentic_full,54,high,680.98,0,8.27,1,0.014489,0.03
0,agentic_full,55,low,38167.62,1,5.58,1,0.002721,0.01
0,agentic_full,56,medium,1451.16,0,4.97,1,0.004827,0.02
0,agentic_full,57,high,738.82,1,4.44,1,0.011707,0.03
0,agentic_full,58,low,36003.61,1,9.98,1,0.003376,0.01
0,agentic_full,59,medium,9008.55,0,8.63,1,0.005972,0.02
0,agentic_full,60,high,4643.71,1,10.31,1,0.011927,0.03
0,agentic_full,61,medium,19811.67,1,8.45,1,0.00554,0.02
0,agentic_full,62,medium,13331.4,1,8.35,1,0.005083,0.02
0,agentic_full,63,low,5764.89,1,9.39,1,0.002197,0.01
0,agentic_full,64,medium,10452.19,1,7.52,1,0.007552,0.02
0,agentic_full,65,low,32762.68,1,8.63,1,0.003793,0.01
0,agentic_full,66,low,12603.03,0,9.15,1,0.003619,0.01
0,agentic_full,67,high,8961.81,0,12.24,0,0.009478,0.03
0,agentic_full,68,high,9380.64,0,10.77,1,0.009158,0.03
0,agentic_full,69,medium,733.37,1,6.48,1,0.005819,0.02
0,agentic_full,70,medium,4691.29,0,9.59,1,0.005955,0.02
0,agentic_full,71,high,1103.15,1,13.42,1,0.01057,0.03
0,agentic_full,72,medium,16570.26,1,9.69,1,0.005884,0.02
0,agentic_full,73,low,20648.34,0,8.83,1,0.002755,0.01
0,agentic_full,74,high,2896.44,1,9.47,1,0.012666,0.03
0,agentic_full,75,low,21009.48,0,10.69,1,0.002452,0.01
0,agentic_full,76,medium,6850.79,1,8.1,1,0.005959,0.02
0,agentic_full,77,high,3261.41,0,6.21,0,0.012326,0.03
0,agentic_full,78,medium,3254.4,1,7.57,1,0.006511,0.02
0,agentic_full,79,high,1043.29,0,10.99,1,0.010142,0.03
0,agentic_full,80,high,382.46,0,7.83,0,0.009897,0.03
0,agentic_full,81,low,37806.51,1,6.9,1,0.002197,0.01
0,agentic_full,82,medium,16931.83,1,8.3,1,0.005276,0.02
0,agentic_full,83,medium,3729.54,0,10.19,1,0.005996,0.02
0,agentic_full,84,medium,15131.09,1,8.92,1,0.0075,0.02
0,agentic_full,85,low,24486.36,1,10.06,1,0.004582,0.01
0,agentic_full,86,high,1459.1,0,10.6,1,0.01369,0.03
0,agentic_full,87,low,24843.43,1,12.65,1,0.003121,0.01
0,agentic_full,88,low,42126.03,1,10.5,1,0.00255,0.01
0,agentic_full,89,high,7579.87,0,4.96,1,0.011466,0.03
0,agentic_full,90,low,10088.52,1,5.26,1,0.003902,0.01
0,agentic_full,91,high,1459.48,0,11.37,1,0.014054,0.03
0,agentic_full,92,low,33485.03,1,5.42,1,0.003573,0.01
0,agentic_full,93,medium,1812.56,1,11.54,1,0.006905,0.02
0,agentic_full,94,high,2302.22,0,7.44,1,0.014244,0.03
0,agentic_full,95,low,35284.03,1,6.3,1,0.003247,0.01
0,agentic_full,96,high,1099.96,0,8.58,1,0.012029,0.03
0,agentic_full,97,high,1460.63,0,10.63,1,0.010271,0.03
0,agentic_full,98,medium,2890.55,1,8.34,1,0.005754,0.02
0,agentic_full,99,high,1457.93,0,8.05,1,0.009997,0.03
0,agentic_full,100,medium,11171.32,1,10.39,1,0.006946,0.02
0,agentic_full,101,low,30606.05,1,10.14,1,0.002609,0.01
0,agentic_full,102,low,27306.43,1,6.17,1,0.002805,0.01
0,agentic_full,103,medium,6491.43,1,9.06,1,0.005109,0.02
0,agentic_full,104,high,1459.63,0,5.04,1,0.011927,0.03
0,agentic_full,105,low,31682.83,1,13.96,1,0.003317,0.01
0,agentic_full,106,medium,12250.71,0,7.26,1,0.007052,0.02
0,agentic_full,107,low,25204.15,1,5.01,1,0.003649,0.01
0,agentic_full,108,low,34568.42,1,13.86,1,0.002523,0.01
0,agentic_full,109,low,15486.59,1,7.85,1,0.003274,0.01
0,agentic_full,110,high,1458.79,0,8.07,1,0.011252,0.03
0,agentic_full,111,high,5779.36,1,7.0,1,0.008555,0.03
0,agentic_full,112,low,21246.92,1,8.16,1,0.002175,0.01
0,agentic_full,113,medium,1809.96,1,5.41,1,0.006192,0.02
0,agentic_full,114,low,36363.3,1,11.74,1,0.002062,0.01
0,agentic_full,115,medium,9370.96,1,10.89,1,0.004835,0.02
0,agentic_full,116,low,19090.5,1,9.35,1,0.003644,0.01
0,agentic_full,117,medium,7932.15,1,6.39,1,0.005114,0.02
0,agentic_full,118,medium,16693.88,0,8.71,1,0.005471,0.02
0,agentic_full,119,high,2304.14,0,10.29,0,0.013065,0.03
1,agentic_full,0,high,17.4,1,11.29,1,0.009716,0.03
1,agentic_full,1,low,7926.12,0,10.67,1,0.002696,0.01
1,agentic_full,2,low,6845.42,1,9.67,1,0.002803,0.01
1,agentic_full,3,low,37445.58,1,5.99,1,0.002652,0.01
1,agentic_full,4,medium,4689.91,1,7.98,1,0.007036,0.02
1,agentic_full,5,high,1099.05,1,7.48,1,0.010634,0.03
1,agentic_full,6,low,38526.38,1,9.03,1,0.003296,0.01
1,agentic_full,7,high,383.36,0,6.89,1,0.008453,0.03
1,agentic_full,8,low,49686.37,1,9.37,1,0.002722,0.01
1,agentic_full,9,medium,9370.53,0,8.07,1,0.006975,0.02
1,agentic_full,10,medium,10453.73,0,10.76,1,0.007114,0.02
1,agentic_full,11,medium,1451.39,1,9.65,1,0.006966,0.02
1,agentic_full,12,low,15128.61,1,8.36,1,0.002357,0.01
1,agentic_full,13,low,47165.83,1,9.01,0,0.00255,0.01
1,agentic_full,14,high,380.24,1,9.08,0,0.013325,0.03
1,agentic_full,15,medium,20889.27,1,8.41,0,0.003938,0.02
1,agentic_full,16,low,28446.14,1,10.06,1,0.002939,0.01
1,agentic_full,17,low,18729.99,1,11.55,1,0.002684,0.01
1,agentic_full,18,high,3621.22,0,9.49,1,0.00944,0.03
1,agentic_full,19,low,24847.94,1,7.42,1,0.004136,0.01
1,agentic_full,20,low,30607.45,1,11.73,1,0.00276,0.01
1,agentic_full,21,high,740.68,1,8.27,1,0.015086,0.03
1,agentic_full,22,low,28087.61,0,8.67,0,0.003521,0.01
1,agentic_full,23,low,32765.54,1,9.75,1,0.003116,0.01
1,agentic_full,24,medium,3251.12,1,7.02,1,0.005945,0.02
1,agentic_full,25,high,2540.12,0,3.86,1,0.016714,0.03
1,agentic_full,26,high,3265.02,1,9.88,1,0.01066,0.03
1,agentic_full,27,medium,6850.47,0,8.13,1,0.005085,0.02
1,agentic_full,28,high,6861.29,1,6.06,0,0.011052,0.03
1,agentic_full,29,medium,9015.82,0,9.97,0,0.007343,0.02
1,agentic_full,30,high,737.97,1,7.77,1,0.011815,0.03
1,agentic_full,31,low,16926.72,1,11.96,1,0.003336,0.01
1,agentic_full,32,medium,6851.54,1,11.56,1,0.005791,0.02
1,agentic_full,33,high,1940.35,0,9.35,1,0.010984,0.03
1,agentic_full,34,high,3624.17,0,10.72,1,0.010043,0.03
1,agentic_full,35,medium,3608.39,1,11.1,1,0.004968,0.02
1,agentic_full,36,low,29523.92,1,10.15,1,0.002758,0.01
1,agentic_full,37,high,1215.68,0,8.13,1,0.011196,0.03
1,agentic_full,38,low,31685.07,1,8.0,1,0.003008,0.01
1,agentic_full,39,low,16923.57,1,5.5,1,0.004371,0.01
1,agentic_full,40,medium,7934.85,0,7.23,1,0.006361,0.02
1,agentic_full,41,low,29165.11,0,7.25,1,0.003526,0.01
1,agentic_full,42,low,21608.77,1,7.04,1,0.002899,0.01
1,agentic_full,43,medium,2889.56,1,10.33,1,0.006662,0.02
1,agentic_full,44,high,2180.65,0,7.43,1,0.014932,0.03
1,agentic_full,45,high,1100.03,0,7.22,1,0.014456,0.03
1,agentic_full,46,high,384.03,1,8.33,1,0.010908,0.03
1,agentic_full,47,low,13326.9,1,10.56,1,0.003126,0.01
1,agentic_full,48,medium,28093.4,1,5.71,1,0.003632,0.02
1,agentic_full,49,medium,2888.43,1,7.42,1,0.007555,0.02
1,agentic_full,50,high,6501.92,0,7.43,1,0.014288,0.03
1,agentic_full,51,low,19446.05,1,12.81,1,0.002861,0.01
1,agentic_full,52,medium,2887.11,0,10.02,1,0.006159,0.02
1,agentic_full,53,medium,3971.76,1,9.33,0,0.004808,0.02
1,agentic_full,54,high,8299.3,0,10.21,1,0.013557,0.03
1,agentic_full,55,high,19.67,1,7.83,1,0.012583,0.03
1,agentic_full,56,medium,11530.47,0,10.25,1,0.005848,0.02
1,agentic_full,57,medium,10808.95,0,7.95,1,0.005651,0.02
1,agentic_full,58,high,380.81,0,7.28,1,0.011174,0.03
1,agentic_full,59,medium,7211.83,0,8.12,1,0.006231,0.02
1,agentic_full,60,high,2181.47,0,6.76,1,0.009512,0.03
1,agentic_full,61,medium,4692.57,1,5.23,1,0.007971,0.02
1,agentic_full,62,medium,11530.66,1,7.62,1,0.005016,0.02
1,agentic_full,63,medium,372.03,1,8.12,1,0.008636,0.02
1,agentic_full,64,low,9365.16,1,9.0,1,0.002204,0.01
1,agentic_full,65,low,23764.66,1,13.44,1,0.002974,0.01
1,agentic_full,66,medium,1089.29,1,9.67,1,0.006256,0.02
1,agentic_full,67,low,38883.46,1,13.84,1,0.002634,0.01
1,agentic_full,68,low,27727.04,1,7.89,1,0.003234,0.01
1,agentic_full,69,medium,14051.89,0,9.22,1,0.005195,0.02
1,agentic_full,70,medium,15129.25,1,8.36,1,0.007361,0.02
1,agentic_full,71,high,6141.8,1,10.29,1,0.010755,0.03
1,agentic_full,72,medium,14772.93,1,2.78,1,0.006132,0.02
1,agentic_full,73,low,21965.53,1,8.42,0,0.002197,0.01
1,agentic_full,74,low,31682.45,1,10.82,1,0.003657,0.01
1,agentic_full,75,low,63006.22,1,8.09,1,0.00206,0.01
1,agentic_full,76,high,5782.32,0,13.11,1,0.011698,0.03
1,agentic_full,77,high,1819.42,1,11.59,1,0.009422,0.03
1,agentic_full,78,high,7579.84,0,12.73,1,0.015092,0.03
1,agentic_full,79,high,2542.22,1,8.08,1,0.015641,0.03
1,agentic_full,80,high,1461.99,0,9.5,1,0.01382,0.03
1,agentic_full,81,high,8659.35,0,5.65,1,0.012969,0.03
1,agentic_full,82,medium,2171.86,1,10.43,1,0.00488,0.02
1,agentic_full,83,medium,7569.81,1,7.78,1,0.006221,0.02
1,agentic_full,84,low,18729.31,1,8.57,1,0.002509,0.01
1,agentic_full,85,high,744.11,1,7.94,1,0.010694,0.03
1,agentic_full,86,low,32401.68,0,10.18,1,0.002931,0.01
1,agentic_full,87,medium,8293.51,0,9.82,1,0.005574,0.02
1,agentic_full,88,medium,18010.07,1,7.89,0,0.005314,0.02
1,agentic_full,89,medium,11174.72,0,11.78,1,0.00667,0.02
1,agentic_full,90,high,5061.15,1,5.63,1,0.010524,0.03
1,agentic_full,91,high,3262.58,0,9.27,1,0.013319,0.03
1,agentic_full,92,medium,6488.62,1,7.58,1,0.006561,0.02
1,agentic_full,93,medium,7932.59,1,11.54,0,0.00633,0.02
1,agentic_full,94,medium,1449.24,1,12.78,1,0.0062,0.02
1,agentic_full,95,medium,14772.05,1,9.2,1,0.004894,0.02
1,agentic_full,96,low,16204.38,1,11.03,1,0.003728,0.01
1,agentic_full,97,medium,15131.73,0,7.74,1,0.006145,0.02
1,agentic_full,98,medium,6851.44,1,11.47,1,0.006313,0.02
1,agentic_full,99,medium,2530.62,1,9.21,0,0.005587,0.02
1,agentic_full,100,low,32765.37,1,9.8,1,0.002265,0.01
1,agentic_full,101,low,41409.75,1,8.58,1,0.003271,0.01
1,agentic_full,102,medium,12.0,1,10.0,1,0.006629,0.02
1,agentic_full,103,low,21606.23,1,10.33,1,0.002435,0.01
1,agentic_full,104,medium,10811.27,1,6.71,1,0.006642,0.02
1,agentic_full,105,low,27369.51,1,8.9,1,0.003399,0.01
1,agentic_full,106,high,1099.98,1,12.76,0,0.015523,0.03
1,agentic_full,107,high,381.9,1,10.73,1,0.009335,0.03
1,agentic_full,108,medium,16929.77,1,10.3,1,0.006041,0.02
1,agentic_full,109,low,46446.49,1,9.6,1,0.00285,0.01
1,agentic_full,110,low,46807.73,1,10.88,1,0.002655,0.01
1,agentic_full,111,high,5063.0,0,8.38,1,0.015365,0.03
1,agentic_full,112,low,45724.2,1,8.43,1,0.00233,0.01
1,agentic_full,113,low,19805.61,1,11.05,1,0.003967,0.01
1,agentic_full,114,low,42128.77,1,8.3,1,0.00256,0.01
1,agentic_full,115,low,26643.99,1,5.88,1,0.003294,0.01
1,agentic_full,116,high,381.01,0,9.07,0,0.009893,0.03
1,agentic_full,117,low,24848.34,1,8.07,1,0.002342,0.01
1,agentic_full,118,medium,2531.9,1,8.88,1,0.005929,0.02
1,agentic_full,119,low,15123.49,1,6.97,1,0.003976,0.01
2,agentic_full,0,high,2542.75,1,10.54,1,0.013126,0.03
2,agentic_full,1,medium,8289.62,0,8.98,1,0.00601,0.02
2,agentic_full,2,low,43865.18,0,10.15,1,0.001483,0.01
2,agentic_full,3,medium,4331.14,1,12.14,1,0.006218,0.02
2,agentic_full,4,low,27726.86,1,8.92,1,0.002835,0.01
2,agentic_full,5,low,27004.42,1,8.97,0,0.002579,0.01
2,agentic_full,6,low,43564.25,1,8.06,1,0.002126,0.01
2,agentic_full,7,medium,2172.01,1,10.98,1,0.004676,0.02
2,agentic_full,8,medium,9012.24,0,5.88,1,0.007787,0.02
2,agentic_full,9,low,15486.01,1,8.86,1,0.002989,0.01
2,agentic_full,10,low,13324.36,1,8.59,1,0.003118,0.01
2,agentic_full,11,high,3624.36,0,8.68,1,0.009291,0.03
2,agentic_full,12,low,30605.35,0,9.02,1,0.002448,0.01
2,agentic_full,13,high,379.95,0,11.29,0,0.009791,0.03
2,agentic_full,14,low,30604.63,1,9.59,1,0.002602,0.01
2,agentic_full,15,low,17646.64,1,6.07,1,0.003612,0.01
2,agentic_full,16,low,27723.74,1,6.42,1,0.003332,0.01
2,agentic_full,17,medium,2170.93,1,4.48,1,0.007419,0.02
2,agentic_full,18,medium,8290.45,0,6.46,1,0.007054,0.02
2,agentic_full,19,high,8302.66,0,8.3,1,0.011979,0.03
2,agentic_full,20,high,2539.89,0,10.69,1,0.013223,0.03
2,agentic_full,21,low,33850.67,1,8.62,1,0.003499,0.01
2,agentic_full,22,high,2540.89,0,9.27,1,0.011739,0.03
2,agentic_full,23,high,2542.35,1,7.42,1,0.012732,0.03
2,agentic_full,24,low,29886.8,1,9.4,1,0.002649,0.01
2,agentic_full,25,high,2541.62,1,6.14,1,0.008752,0.03
2,agentic_full,26,medium,4326.11,1,10.15,0,0.005764,0.02
2,agentic_full,27,high,1102.84,1,9.16,1,0.012169,0.03
2,agentic_full,28,low,20165.89,0,9.01,1,0.002505,0.01
2,agentic_full,29,medium,10812.49,1,7.61,1,0.005482,0.02
2,agentic_full,30,medium,2533.41,1,9.38,1,0.005745,0.02
2,agentic_full,31,low,46090.24,1,10.23,1,0.00245,0.01
2,agentic_full,32,high,5059.98,1,13.3,1,0.009764,0.03
2,agentic_full,33,high,740.61,1,8.33,1,0.010456,0.03
2,agentic_full,34,high,738.81,1,7.45,1,0.014055,0.03
2,agentic_full,35,high,4340.17,0,6.81,1,0.011869,0.03
2,agentic_full,36,medium,1091.51,1,6.86,1,0.006531,0.02
2,agentic_full,37,low,30608.08,0,8.65,1,0.003351,0.01
2,agentic_full,38,low,23403.27,1,12.82,1,0.003733,0.01
2,agentic_full,39,high,376.5,0,10.3,1,0.012855,0.03
2,agentic_full,40,medium,19566.59,0,8.79,1,0.006349,0.02
2,agentic_full,41,low,28444.44,1,5.15,1,0.00323,0.01
2,agentic_full,42,low,31685.5,1,11.23,1,0.003186,0.01
2,agentic_full,43,high,1098.46,0,8.75,1,0.00678,0.03
2,agentic_full,44,high,3624.31,0,13.41,0,0.01046,0.03
2,agentic_full,45,medium,11170.68,1,7.14,1,0.006109,0.02
2,agentic_full,46,high,740.14,0,8.82,1,0.013561,0.03
2,agentic_full,47,low,15127.91,1,7.07,0,0.003476,0.01
2,agentic_full,48,low,8288.17,1,7.71,1,0.00327,0.01
2,agentic_full,49,low,40328.89,1,8.99,1,0.003288,0.01
2,agentic_full,50,low,25567.44,1,10.2,1,0.003132,0.01
2,agentic_full,51,low,21903.48,0,11.49,1,0.002659,0.01
2,agentic_full,52,medium,3250.15,1,9.39,1,0.006667,0.02
2,agentic_full,53,high,1103.62,0,9.89,1,0.014154,0.03
2,agentic_full,54,low,23405.25,1,11.25,1,0.003384,0.01
2,agentic_full,55,low,7925.19,0,9.32,0,0.002755,0.01
2,agentic_full,56,medium,3610.61,1,11.75,1,0.005278,0.02
2,agentic_full,57,low,31327.34,1,7.29,1,0.002765,0.01
2,agentic_full,58,medium,3608.98,1,9.72,1,0.004754,0.02
2,agentic_full,59,medium,13331.86,0,8.02,0,0.004698,0.02
2,agentic_full,60,medium,1809.45,1,7.83,1,0.007194,0.02
2,agentic_full,61,high,3981.21,0,7.14,1,0.009841,0.03
2,agentic_full,62,medium,7212.45,0,10.56,1,0.005396,0.02
2,agentic_full,63,high,2182.26,0,6.56,1,0.009662,0.03
2,agentic_full,64,high,735.98,1,9.05,1,0.012108,0.03
2,agentic_full,65,high,1579.16,0,9.17,1,0.009901,0.03
2,agentic_full,66,medium,2530.68,1,7.39,1,0.005443,0.02
2,agentic_full,67,high,2902.3,1,8.28,1,0.012453,0.03
2,agentic_full,68,high,1823.35,0,7.48,1,0.009369,0.03
2,agentic_full,69,high,5058.69,0,9.52,1,0.01141,0.03
2,agentic_full,70,medium,5051.29,1,11.86,1,0.004309,0.02
2,agentic_full,71,high,3983.69,0,10.26,0,0.012905,0.03
2,agentic_full,72,medium,850.88,0,6.68,1,0.007949,0.02
2,agentic_full,73,low,24486.2,1,13.83,1,0.003581,0.01
2,agentic_full,74,low,28086.61,1,9.9,0,0.00277,0.01
2,agentic_full,75,medium,1813.28,1,7.74,1,0.00378,0.02
2,agentic_full,76,medium,15493.1,1,7.61,1,0.006334,0.02
2,agentic_full,77,low,25207.88,1,9.65,1,0.002983,0.01
2,agentic_full,78,medium,6491.21,1,8.9,1,0.006773,0.02
2,agentic_full,79,high,2178.62,1,9.69,1,0.009545,0.03
2,agentic_full,80,high,7219.34,0,9.98,1,0.012212,0.03
2,agentic_full,81,high,2541.46,1,9.96,1,0.008331,0.03
2,agentic_full,82,low,28086.32,1,5.67,1,0.002926,0.01
2,agentic_full,83,high,1458.45,1,9.33,1,0.012147,0.03
2,agentic_full,84,high,741.42,1,6.14,1,0.011871,0.03
2,agentic_full,85,low,27006.95,1,11.75,1,0.003479,0.01
2,agentic_full,86,high,1101.98,1,10.53,1,0.010689,0.03
2,agentic_full,87,high,6859.82,0,7.66,1,0.012614,0.03
2,agentic_full,88,medium,3969.49,1,10.09,1,0.006379,0.02
2,agentic_full,89,low,40808.13,0,7.4,1,0.002657,0.01
2,agentic_full,90,high,379.56,0,7.15,1,0.015816,0.03
2,agentic_full,91,medium,4331.88,1,8.12,1,0.007292,0.02
2,agentic_full,92,high,3978.83,0,6.5,1,0.013035,0.03
2,agentic_full,93,medium,13329.96,1,12.95,1,0.004716,0.02
2,agentic_full,94,low,15847.36,1,9.35,1,0.002701,0.01
2,agentic_full,95,high,5059.98,0,7.33,0,0.013856,0.03
2,agentic_full,96,low,23045.56,1,8.74,1,0.003047,0.01
2,agentic_full,97,high,379.37,1,10.86,1,0.014614,0.03
2,agentic_full,98,medium,6490.62,0,10.76,1,0.006262,0.02
2,agentic_full,99,medium,16567.32,0,8.18,1,0.00554,0.02
2,agentic_full,100,low,37382.59,1,11.03,1,0.003039,0.01
2,agentic_full,101,high,3020.97,0,10.65,1,0.011422,0.03
2,agentic_full,102,high,1818.9,0,9.9,0,0.008713,0.03
2,agentic_full,103,medium,2891.35,1,7.41,1,0.006857,0.02
2,agentic_full,104,high,739.64,0,12.08,1,0.012301,0.03
2,agentic_full,105,high,5062.0,0,11.13,1,0.007019,0.03
2,agentic_full,106,low,41166.32,0,9.07,1,0.002873,0.01
2,agentic_full,107,low,40682.61,1,7.84,1,0.002883,0.01
2,agentic_full,108,low,48006.2,0,9.67,1,0.002655,0.01
2,agentic_full,109,medium,3256.93,1,10.43,1,0.005136,0.02
2,agentic_full,110,high,379.25,1,8.88,1,0.010307,0.03
2,agentic_full,111,medium,9368.16,0,10.11,1,0.004955,0.02
2,agentic_full,112,low,41404.9,1,10.05,1,0.002716,0.01
2,agentic_full,113,medium,4691.28,1,6.41,1,0.005488,0.02
2,agentic_full,114,high,741.43,0,8.32,1,0.012889,0.03
2,agentic_full,115,high,1099.98,1,10.75,1,0.015269,0.03
2,agentic_full,116,low,37807.71,1,8.3,1,0.002701,0.01
2,agentic_full,117,low,24485.81,1,7.53,1,0.00266,0.01
2,agentic_full,118,high,385.39,0,10.44,1,0.012094,0.03
2,agentic_full,119,medium,3609.83,1,9.87,1,0.005732,0.02
3,agentic_full,0,low,37806.36,1,9.64,1,0.002682,0.01
3,agentic_full,1,medium,2893.44,0,15.24,1,0.004746,0.02
3,agentic_full,2,medium,2172.52,1,8.73,1,0.007988,0.02
3,agentic_full,3,high,3984.5,1,5.78,1,0.012142,0.03
3,agentic_full,4,low,30601.0,0,11.02,1,0.003809,0.01
3,agentic_full,5,medium,17052.26,0,10.49,1,0.004214,0.02
3,agentic_full,6,high,2535.99,1,8.37,1,0.010501,0.03
3,agentic_full,7,high,3259.31,0,9.7,1,0.01227,0.03
3,agentic_full,8,low,24127.36,1,7.09,1,0.003707,0.01
3,agentic_full,9,high,2182.5,0,6.99,1,0.013559,0.03
3,agentic_full,10,medium,16569.3,1,7.7,1,0.006317,0.02
3,agentic_full,11,medium,1092.83,1,12.14,1,0.005577,0.02
3,agentic_full,12,medium,10450.49,1,8.22,1,0.006436,0.02
3,agentic_full,13,low,23045.23,1,6.51,1,0.003723,0.01
3,agentic_full,14,low,50763.86,1,5.42,1,0.002301,0.01
3,agentic_full,15,high,379.43,1,8.01,1,0.012055,0.03
3,agentic_full,16,low,24246.42,0,8.42,1,0.003177,0.01
3,agentic_full,17,low,21005.16,0,7.2,1,0.003203,0.01
3,agentic_full,18,medium,13692.28,0,7.4,1,0.005811,0.02
3,agentic_full,19,medium,7568.9,1,9.07,1,0.005999,0.02
3,agentic_full,20,high,1819.24,0,10.13,1,0.012689,0.03
3,agentic_full,21,low,29165.43,1,10.3,1,0.002648,0.01
3,agentic_full,22,high,739.82,0,8.07,1,0.0103,0.03
3,agentic_full,23,high,8299.47,1,9.37,1,0.009034,0.03
3,agentic_full,24,medium,6490.85,0,8.95,1,0.005958,0.02
3,agentic_full,25,low,35642.84,1,7.4,1,0.002995,0.01
3,agentic_full,26,medium,19451.92,1,7.26,1,0.005806,0.02
3,agentic_full,27,medium,17291.88,1,5.06,1,0.004459,0.02
3,agentic_full,28,medium,728.98,1,7.5,1,0.006175,0.02
3,agentic_full,29,low,29168.56,1,8.97,0,0.00278,0.01
3,agentic_full,30,high,380.36,1,9.94,1,0.008816,0.03
3,agentic_full,31,medium,9012.81,1,8.74,1,0.00642,0.02
3,agentic_full,32,high,1101.6,0,11.44,0,0.016229,0.03
3,agentic_full,33,high,743.88,0,10.11,1,0.014502,0.03
3,agentic_full,34,high,3986.28,0,10.15,0,0.012464,0.03
3,agentic_full,35,low,20168.58,1,7.79,0,0.003632,0.01
3,agentic_full,36,high,2180.97,0,7.7,1,0.011278,0.03
3,agentic_full,37,high,3981.5,0,10.87,1,0.015706,0.03
3,agentic_full,38,low,30608.46,1,8.43,1,0.00262,0.01
3,agentic_full,39,medium,3973.28,1,10.39,1,0.007371,0.02
3,agentic_full,40,medium,5051.39,1,11.86,1,0.005911,0.02
3,agentic_full,41,medium,8291.22,0,7.29,1,0.005353,0.02
3,agentic_full,42,low,14042.9,1,12.05,0,0.003499,0.01
3,agentic_full,43,high,384.36,1,8.36,1,0.011858,0.03
3,agentic_full,44,high,743.44,1,11.88,1,0.012171,0.03
3,agentic_full,45,medium,9012.78,1,7.31,1,0.005882,0.02
3,agentic_full,46,medium,15852.25,1,7.05,1,0.006797,0.02
3,agentic_full,47,low,35647.57,1,10.61,1,0.003829,0.01
3,agentic_full,48,medium,22690.67,1,4.1,1,0.005455,0.02
3,agentic_full,49,high,2540.03,0,9.28,1,0.01011,0.03
3,agentic_full,50,medium,7213.37,0,7.67,1,0.005954,0.02
3,agentic_full,51,high,744.69,0,7.71,1,0.012014,0.03
3,agentic_full,52,medium,1450.81,1,10.98,0,0.007885,0.02
3,agentic_full,53,low,16565.38,1,7.81,1,0.002803,0.01
3,agentic_full,54,low,26407.33,0,9.7,1,0.002991,0.01
3,agentic_full,55,high,5422.24,0,7.76,1,0.011453,0.03
3,agentic_full,56,high,1821.07,0,12.39,1,0.013305,0.03
3,agentic_full,57,high,1465.16,1,8.6,1,0.011431,0.03
3,agentic_full,58,high,3621.81,0,4.8,1,0.014693,0.03
3,agentic_full,59,high,2903.21,1,7.89,1,0.012473,0.03
3,agentic_full,60,low,6127.63,1,5.75,1,0.002805,0.01
3,agentic_full,61,medium,1452.91,1,9.7,1,0.006349,0.02
3,agentic_full,62,low,15845.79,1,13.73,1,0.002053,0.01
3,agentic_full,63,high,2182.81,1,8.41,1,0.012445,0.03
3,agentic_full,64,medium,13330.16,0,10.28,1,0.005017,0.02
3,agentic_full,65,high,1821.83,0,7.65,1,0.011337,0.03
3,agentic_full,66,high,739.27,1,10.29,1,0.014632,0.03
3,agentic_full,67,low,29885.58,1,10.74,1,0.002912,0.01
3,agentic_full,68,medium,20168.5,1,9.78,1,0.006368,0.02
3,agentic_full,69,high,5062.17,1,5.88,1,0.013879,0.03
3,agentic_full,70,high,3982.48,0,9.66,1,0.012301,0.03
3,agentic_full,71,low,35646.29,1,7.39,1,0.003354,0.01
3,agentic_full,72,low,37088.19,1,5.84,1,0.003183,0.01
3,agentic_full,73,medium,4330.48,1,11.69,1,0.004948,0.02
3,agentic_full,74,low,23046.65,1,6.48,1,0.002647,0.01
3,agentic_full,75,medium,1755.93,1,9.32,1,0.006409,0.02
3,agentic_full,76,low,33846.23,1,12.19,1,0.003554,0.01
3,agentic_full,77,low,51123.22,1,7.02,0,0.002222,0.01
3,agentic_full,78,medium,2890.82,0,7.8,0,0.008494,0.02
3,agentic_full,79,low,47526.18,1,7.15,1,0.002483,0.01
3,agentic_full,80,low,26645.58,1,11.06,1,0.00361,0.01
3,agentic_full,81,medium,8651.82,0,7.16,1,0.006608,0.02
3,agentic_full,82,low,30966.68,1,10.18,1,0.003429,0.01
3,agentic_full,83,medium,22331.1,0,8.47,0,0.005037,0.02
3,agentic_full,84,low,34206.73,1,10.9,1,0.002699,0.01
3,agentic_full,85,low,39244.06,0,8.7,1,0.003108,0.01
3,agentic_full,86,high,739.37,1,11.89,1,0.012225,0.03
3,agentic_full,87,high,741.34,0,9.26,1,0.01159,0.03
3,agentic_full,88,medium,6131.88,1,10.45,1,0.006092,0.02
3,agentic_full,89,medium,3970.71,1,10.46,1,0.005683,0.02
3,agentic_full,90,high,1458.99,0,8.88,1,0.010678,0.03
3,agentic_full,91,high,3258.34,1,8.02,1,0.01235,0.03
3,agentic_full,92,low,20166.89,1,9.0,1,0.002939,0.01
3,agentic_full,93,low,32045.86,1,7.03,1,0.003221,0.01
3,agentic_full,94,low,10445.1,1,8.77,1,0.003206,0.01
3,agentic_full,95,low,37806.64,1,14.22,1,0.00341,0.01
3,agentic_full,96,high,1458.03,0,7.17,1,0.011511,0.03
3,agentic_full,97,medium,9370.59,1,8.13,1,0.00735,0.02
3,agentic_full,98,low,27367.54,1,7.19,1,0.003845,0.01
3,agentic_full,99,medium,7214.45,1,10.69,1,0.007454,0.02
3,agentic_full,100,medium,732.53,1,8.13,1,0.006533,0.02
3,agentic_full,101,low,30608.03,0,7.75,1,0.002883,0.01
3,agentic_full,102,low,26283.89,1,9.73,1,0.002366,0.01
3,agentic_full,103,low,30004.97,0,10.61,1,0.002585,0.01
3,agentic_full,104,low,30247.03,1,9.82,1,0.00296,0.01
3,agentic_full,105,high,5779.41,0,6.23,1,0.014364,0.03
3,agentic_full,106,low,30604.82,1,8.68,1,0.003376,0.01
3,agentic_full,107,high,2181.42,1,7.48,1,0.010416,0.03
3,agentic_full,108,low,12604.31,1,9.31,1,0.003349,0.01
3,agentic_full,109,medium,18010.67,1,8.19,1,0.005633,0.02
3,agentic_full,110,high,379.0,0,9.16,1,0.010081,0.03
3,agentic_full,111,high,6500.11,0,8.6,1,0.012975,0.03
3,agentic_full,112,medium,23413.02,0,9.57,1,0.003764,0.02
3,agentic_full,113,low,32047.31,1,10.99,1,0.002848,0.01
3,agentic_full,114,medium,2531.16,0,8.28,1,0.005064,0.02
3,agentic_full,115,low,29163.56,1,9.66,0,0.002885,0.01
3,agentic_full,116,high,7941.79,0,6.66,1,0.010058,0.03
3,agentic_full,117,high,2661.22,0,7.72,1,0.013616,0.03
3,agentic_full,118,high,2902.1,0,6.71,1,0.010231,0.03
3,agentic_full,119,low,35226.86,1,8.36,1,0.003096,0.01
4,agentic_full,0,low,30969.4,1,12.75,1,0.002349,0.01
4,agentic_full,1,medium,10450.84,1,9.99,1,0.006458,0.02
4,agentic_full,2,low,28806.01,1,10.31,1,0.002938,0.01
4,agentic_full,3,high,1819.78,0,11.82,1,0.015606,0.03
4,agentic_full,4,medium,3251.51,1,10.94,1,0.00578,0.02
4,agentic_full,5,medium,15487.31,1,9.44,1,0.006461,0.02
4,agentic_full,6,medium,14409.38,1,10.59,0,0.007886,0.02
4,agentic_full,7,low,22686.05,1,4.29,1,0.002877,0.01
4,agentic_full,8,high,5781.54,0,8.9,1,0.013744,0.03
4,agentic_full,9,medium,3252.49,1,8.36,1,0.007844,0.02
4,agentic_full,10,high,740.21,1,8.92,0,0.010484,0.03
4,agentic_full,11,medium,4329.63,1,10.65,1,0.00567,0.02
4,agentic_full,12,medium,15853.76,1,7.1,1,0.006391,0.02
4,agentic_full,13,high,1103.48,1,9.53,1,0.012249,0.03
4,agentic_full,14,low,33847.1,1,6.89,1,0.002764,0.01
4,agentic_full,15,high,740.66,0,10.82,1,0.011641,0.03
4,agentic_full,16,low,27364.8,1,6.88,1,0.003035,0.01
4,agentic_full,17,medium,1808.25,1,10.11,1,0.007925,0.02
4,agentic_full,18,medium,6790.0,1,6.69,1,0.006079,0.02
4,agentic_full,19,medium,13690.13,0,9.52,1,0.004984,0.02
4,agentic_full,20,high,739.74,1,9.08,1,0.015143,0.03
4,agentic_full,21,low,40084.08,0,9.82,1,0.003322,0.01
4,agentic_full,22,medium,1092.65,1,7.28,1,0.006707,0.02
4,agentic_full,23,low,45725.46,1,10.16,1,0.002883,0.01
4,agentic_full,24,high,1101.93,1,9.71,1,0.011696,0.03
4,agentic_full,25,medium,13689.7,1,10.55,1,0.005662,0.02
4,agentic_full,26,high,3263.37,0,10.45,1,0.012608,0.03
4,agentic_full,27,low,19083.43,1,10.65,1,0.002752,0.01
4,agentic_full,28,high,3622.22,1,8.14,1,0.014171,0.03
4,agentic_full,29,low,31329.09,1,11.22,1,0.003258,0.01
4,agentic_full,30,medium,728.51,1,9.04,1,0.005495,0.02
4,agentic_full,31,low,11525.06,1,5.84,1,0.002774,0.01
4,agentic_full,32,medium,4328.89,1,8.75,1,0.006151,0.02
4,agentic_full,33,medium,5769.04,1,9.34,1,0.00633,0.02
4,agentic_full,34,medium,1092.3,1,9.14,1,0.00573,0.02
4,agentic_full,35,medium,5052.11,1,14.38,1,0.008019,0.02
4,agentic_full,36,high,1100.8,0,5.23,1,0.009855,0.03
4,agentic_full,37,medium,25213.71,1,10.97,1,0.004223,0.02
4,agentic_full,38,medium,2890.99,1,9.19,1,0.005163,0.02
4,agentic_full,39,high,4696.8,0,11.69,1,0.015216,0.03
4,agentic_full,40,low,36729.51,1,13.43,1,0.003201,0.01
4,agentic_full,41,low,38525.17,1,11.73,1,0.003325,0.01
4,agentic_full,42,medium,16511.49,1,8.88,1,0.005673,0.02
4,agentic_full,43,high,6138.04,0,9.52,1,0.012558,0.03
4,agentic_full,44,low,1805.17,1,10.56,0,0.003388,0.01
4,agentic_full,45,medium,7211.3,1,7.32,1,0.007616,0.02
4,agentic_full,46,medium,9009.62,0,8.8,1,0.006113,0.02
4,agentic_full,47,medium,14409.86,1,9.44,0,0.006077,0.02
4,agentic_full,48,high,2540.46,1,8.43,1,0.014708,0.03
4,agentic_full,49,low,35285.14,1,10.57,1,0.002137,0.01
4,agentic_full,50,high,382.15,1,11.42,1,0.013259,0.03
4,agentic_full,51,low,21606.7,1,8.02,1,0.003204,0.01
4,agentic_full,52,low,31688.95,1,10.98,1,0.002522,0.01
4,agentic_full,53,medium,11892.05,1,10.77,1,0.006012,0.02
4,agentic_full,54,high,2179.16,0,6.42,1,0.015463,0.03
4,agentic_full,55,low,38527.45,1,10.35,1,0.003185,0.01
4,agentic_full,56,medium,19450.98,1,10.51,1,0.006833,0.02
4,agentic_full,57,high,380.19,0,10.21,1,0.013098,0.03
4,agentic_full,58,medium,15131.47,1,8.68,1,0.008025,0.02
4,agentic_full,59,high,740.79,0,4.53,1,0.011325,0.03
4,agentic_full,60,high,1404.38,0,10.3,1,0.01459,0.03
4,agentic_full,61,high,2900.04,0,11.57,1,0.008537,0.03
4,agentic_full,62,low,29525.99,1,10.38,1,0.003222,0.01
4,agentic_full,63,low,30604.81,1,9.91,1,0.002913,0.01
4,agentic_full,64,low,15848.79,1,8.75,1,0.004226,0.01
4,agentic_full,65,high,9021.84,0,4.98,1,0.011797,0.03
4,agentic_full,66,high,3620.68,1,10.45,1,0.014449,0.03
4,agentic_full,67,medium,17651.16,0,10.14,1,0.007055,0.02
4,agentic_full,68,high,1099.17,1,8.8,1,0.011593,0.03
4,agentic_full,69,high,2539.31,0,7.67,1,0.014173,0.03
4,agentic_full,70,medium,5769.48,1,7.92,1,0.004846,0.02
4,agentic_full,71,low,42122.67,1,8.75,0,0.003134,0.01
4,agentic_full,72,medium,15851.32,0,5.18,1,0.008084,0.02
4,agentic_full,73,low,27725.35,1,8.85,1,0.002718,0.01
4,agentic_full,74,low,22685.54,1,11.38,1,0.002533,0.01
4,agentic_full,75,low,31687.97,1,8.9,1,0.003459,0.01
4,agentic_full,76,medium,18370.66,0,7.36,1,0.006107,0.02
4,agentic_full,77,low,11523.4,1,8.6,1,0.003148,0.01
4,agentic_full,78,low,40686.43,1,9.75,1,0.003451,0.01
4,agentic_full,79,low,42124.07,1,10.61,1,0.002335,0.01
4,agentic_full,80,high,380.66,0,5.74,1,0.011851,0.03
4,agentic_full,81,low,30245.66,1,9.89,1,0.003233,0.01
4,agentic_full,82,medium,4332.92,1,8.03,1,0.006743,0.02
4,agentic_full,83,low,16564.54,1,8.57,1,0.003334,0.01
4,agentic_full,84,medium,3968.97,1,10.86,1,0.005899,0.02
4,agentic_full,85,high,17.5,1,11.45,1,0.013291,0.03
4,agentic_full,86,low,34203.25,1,8.06,1,0.003977,0.01
4,agentic_full,87,medium,6130.93,1,7.56,1,0.007843,0.02
4,agentic_full,88,low,26285.59,1,6.12,1,0.003641,0.01
4,agentic_full,89,high,2902.98,1,8.55,0,0.015111,0.03
4,agentic_full,90,low,17646.09,1,9.16,1,0.003384,0.01
4,agentic_full,91,low,21967.65,1,11.78,1,0.00357,0.01
4,agentic_full,92,medium,11289.86,0,9.77,1,0.00633,0.02
4,agentic_full,93,medium,13329.41,1,3.06,1,0.006717,0.02
4,agentic_full,94,high,6858.7,1,8.68,1,0.011597,0.03
4,agentic_full,95,medium,14050.64,1,7.62,1,0.006128,0.02
4,agentic_full,96,low,33125.26,1,10.12,1,0.002746,0.01
4,agentic_full,97,high,21.82,0,3.59,1,0.011954,0.03
4,agentic_full,98,low,23406.11,1,10.99,1,0.003246,0.01
4,agentic_full,99,medium,13095.79,0,9.53,1,0.00566,0.02
4,agentic_full,100,medium,2170.05,1,12.08,1,0.006027,0.02
4,agentic_full,101,low,30245.99,0,6.94,1,0.002471,0.01
4,agentic_full,102,low,41407.58,1,7.32,1,0.002359,0.01
4,agentic_full,103,high,5783.66,0,11.5,1,0.013982,0.03
4,agentic_full,104,low,26646.68,1,10.82,1,0.003539,0.01
4,agentic_full,105,high,2181.79,0,10.26,0,0.013392,0.03
4,agentic_full,106,high,3260.75,0,5.65,1,0.01032,0.03
4,agentic_full,107,medium,1451.91,1,8.71,1,0.007652,0.02
4,agentic_full,108,low,26284.33,1,8.05,1,0.002974,0.01
4,agentic_full,109,medium,6491.52,1,8.2,1,0.006499,0.02
4,agentic_full,110,high,2182.42,1,10.76,1,0.012208,0.03
4,agentic_full,111,medium,21969.68,1,7.81,1,0.005825,0.02
4,agentic_full,112,low,39602.32,1,6.04,1,0.002944,0.01
4,agentic_full,113,medium,6130.06,1,8.23,1,0.007264,0.02
4,agentic_full,114,high,2178.88,1,9.31,0,0.01146,0.03
4,agentic_full,115,high,741.45,1,7.01,1,0.012932,0.03
4,agentic_full,116,low,33966.97,0,9.2,1,0.003532,0.01
4,agentic_full,117,high,10461.47,0,9.2,1,0.010633,0.03
4,agentic_full,118,low,15485.55,1,11.28,1,0.003485,0.01
4,agentic_full,119,low,49326.0,0,8.34,1,0.002554,0.01
5,agentic_full,0,low,22326.97,1,10.6,1,0.002948,0.01
5,agentic_full,1,medium,11531.04,1,9.68,1,0.005585,0.02
5,agentic_full,2,high,1101.72,0,12.48,1,0.011431,0.03
5,agentic_full,3,low,35648.5,1,8.48,0,0.002794,0.01
5,agentic_full,4,medium,4331.81,1,6.44,1,0.005826,0.02
5,agentic_full,5,medium,2889.85,1,9.44,1,0.006617,0.02
5,agentic_full,6,medium,7570.19,1,11.03,1,0.005274,0.02
5,agentic_full,7,low,36364.8,1,8.98,1,0.002753,0.01
5,agentic_full,8,high,4339.13,1,9.11,1,0.010477,0.03
5,agentic_full,9,high,381.2,0,10.55,1,0.011117,0.03
5,agentic_full,10,low,25204.37,1,9.81,1,0.00313,0.01
5,agentic_full,11,low,19084.93,1,8.44,1,0.003448,0.01
5,agentic_full,12,low,19206.31,0,8.7,1,0.002787,0.01
5,agentic_full,13,medium,9371.58,0,7.81,0,0.005766,0.02
5,agentic_full,14,medium,4329.46,1,11.0,1,0.007704,0.02
5,agentic_full,15,low,28445.41,0,7.65,1,0.002946,0.01
5,agentic_full,16,low,38529.39,1,8.6,1,0.002671,0.01
5,agentic_full,17,medium,11532.36,0,9.72,1,0.005634,0.02
5,agentic_full,18,high,22.45,0,8.9,1,0.011034,0.03
5,agentic_full,19,low,16210.18,1,13.72,0,0.003121,0.01
5,agentic_full,20,low,42850.11,1,6.76,1,0.002484,0.01
5,agentic_full,21,medium,4692.21,0,9.03,1,0.005679,0.02
5,agentic_full,22,medium,6132.93,0,9.41,0,0.005618,0.02
5,agentic_full,23,medium,15130.81,1,8.49,1,0.006596,0.02
5,agentic_full,24,medium,1211.86,0,9.04,1,0.005314,0.02
5,agentic_full,25,high,740.12,0,9.9,1,0.014536,0.03
5,agentic_full,26,high,1821.83,0,10.84,1,0.010864,0.03
5,agentic_full,27,medium,2529.85,1,11.64,1,0.004944,0.02
5,agentic_full,28,high,2901.62,0,14.59,1,0.010598,0.03
5,agentic_full,29,low,24851.6,1,11.03,1,0.003136,0.01
5,agentic_full,30,high,1462.91,1,8.16,1,0.010104,0.03
5,agentic_full,31,medium,6852.49,1,12.2,1,0.005359,0.02
5,agentic_full,32,medium,14407.37,1,7.86,1,0.007543,0.02
5,agentic_full,33,low,9721.0,1,12.0,1,0.003613,0.01
5,agentic_full,34,low,15485.44,1,8.92,1,0.003569,0.01
5,agentic_full,35,high,7939.14,1,7.74,1,0.013008,0.03
5,agentic_full,36,high,381.0,0,9.74,1,0.012813,0.03
5,agentic_full,37,high,10460.56,1,8.21,1,0.010292,0.03
5,agentic_full,38,high,5419.24,0,8.27,1,0.011668,0.03
5,agentic_full,39,low,22086.95,0,10.0,1,0.002652,0.01
5,agentic_full,40,low,24848.25,1,9.09,1,0.003112,0.01
5,agentic_full,41,high,1101.96,0,7.45,1,0.013642,0.03
5,agentic_full,42,medium,9369.39,1,7.32,1,0.006553,0.02
5,agentic_full,43,high,2179.51,0,6.54,1,0.015211,0.03
5,agentic_full,44,high,5061.91,0,9.02,0,0.016893,0.03
5,agentic_full,45,medium,17409.61,0,5.89,1,0.00665,0.02
5,agentic_full,46,medium,5172.51,0,9.4,1,0.005881,0.02
5,agentic_full,47,high,2899.53,1,7.0,1,0.011686,0.03
5,agentic_full,48,high,2181.74,0,10.89,1,0.014292,0.03
5,agentic_full,49,high,740.85,0,9.36,1,0.009724,0.03
5,agentic_full,50,medium,5771.67,0,11.0,1,0.005789,0.02
5,agentic_full,51,low,37091.39,0,8.6,1,0.001884,0.01
5,agentic_full,52,high,381.3,1,9.25,1,0.012126,0.03
5,agentic_full,53,medium,733.87,1,11.42,1,0.004816,0.02
5,agentic_full,54,high,7939.93,0,6.62,1,0.013141,0.03
5,agentic_full,55,low,32044.56,1,11.61,1,0.003408,0.01
5,agentic_full,56,high,2181.97,0,8.88,1,0.012517,0.03
5,agentic_full,57,high,1458.02,1,8.59,1,0.011936,0.03
5,agentic_full,58,medium,10450.05,1,7.81,1,0.004493,0.02
5,agentic_full,59,high,7219.71,0,9.55,1,0.011998,0.03
5,agentic_full,60,medium,8649.66,1,9.71,1,0.006614,0.02
5,agentic_full,61,low,33850.03,1,9.18,1,0.002404,0.01
5,agentic_full,62,low,37443.32,1,10.41,1,0.002952,0.01
5,agentic_full,63,medium,1812.43,0,8.27,0,0.007198,0.02
5,agentic_full,64,low,28442.3,1,7.78,1,0.003637,0.01
5,agentic_full,65,high,5781.47,1,8.89,1,0.015227,0.03
5,agentic_full,66,high,1820.64,0,10.77,1,0.008016,0.03
5,agentic_full,67,high,1457.9,1,6.37,1,0.011379,0.03
5,agentic_full,68,high,5062.5,0,10.48,1,0.011826,0.03
5,agentic_full,69,high,380.04,1,8.62,1,0.011492,0.03
5,agentic_full,70,medium,7214.89,1,9.56,0,0.005722,0.02
5,agentic_full,71,low,27726.93,1,6.72,1,0.003085,0.01
5,agentic_full,72,medium,5410.17,1,10.63,1,0.007584,0.02
5,agentic_full,73,high,1582.18,0,8.28,1,0.01097,0.03
5,agentic_full,74,medium,371.65,1,7.99,1,0.006674,0.02
5,agentic_full,75,high,24.67,0,9.03,1,0.010217,0.03
5,agentic_full,76,low,21965.77,1,8.3,1,0.002431,0.01
5,agentic_full,77,high,7938.84,0,9.64,0,0.010889,0.03
5,agentic_full,78,medium,6128.45,1,9.75,1,0.006302,0.02
5,agentic_full,79,low,34568.48,1,11.46,0,0.00311,0.01
5,agentic_full,80,high,8660.14,1,8.88,1,0.012521,0.03
5,agentic_full,81,medium,3969.77,0,6.94,1,0.006767,0.02
5,agentic_full,82,high,4704.25,1,11.92,1,0.009753,0.03
5,agentic_full,83,medium,10088.19,1,8.31,1,0.005492,0.02
5,agentic_full,84,high,380.92,0,8.88,1,0.012544,0.03
5,agentic_full,85,low,50407.93,1,10.61,1,0.002543,0.01
5,agentic_full,86,low,23043.51,1,9.27,0,0.002871,0.01
5,agentic_full,87,medium,1809.74,1,7.82,1,0.005744,0.02
5,agentic_full,88,high,3258.75,0,10.57,1,0.010892,0.03
5,agentic_full,89,high,4341.03,1,12.5,1,0.012922,0.03
5,agentic_full,90,medium,14049.83,0,7.48,1,0.006001,0.02
5,agentic_full,91,low,58686.51,1,5.5,1,0.002193,0.01
5,agentic_full,92,low,16205.91,1,9.6,1,0.003772,0.01
5,agentic_full,93,low,43929.35,1,9.43,1,0.00317,0.01
5,agentic_full,94,medium,12249.7,1,11.4,1,0.006551,0.02
5,agentic_full,95,high,21.05,1,9.36,1,0.010451,0.03
5,agentic_full,96,low,29523.06,0,8.46,1,0.002937,0.01
5,agentic_full,97,medium,1812.45,0,12.82,1,0.005925,0.02
5,agentic_full,98,high,2898.01,1,4.51,0,0.014308,0.03
5,agentic_full,99,high,1819.26,1,5.9,1,0.009361,0.03
5,agentic_full,100,medium,14409.3,1,6.15,1,0.005243,0.02
5,agentic_full,101,high,1464.09,0,9.91,1,0.009343,0.03
5,agentic_full,102,high,9744.88,0,9.4,0,0.007989,0.03
5,agentic_full,103,high,742.11,1,12.51,1,0.008883,0.03
5,agentic_full,104,low,25565.66,1,11.77,1,0.003028,0.01
5,agentic_full,105,medium,20889.81,1,10.91,1,0.00581,0.02
5,agentic_full,106,medium,9730.76,1,8.29,1,0.004756,0.02
5,agentic_full,107,low,37449.19,1,6.92,0,0.003501,0.01
5,agentic_full,108,low,21605.5,1,6.15,0,0.003048,0.01
5,agentic_full,109,medium,4331.04,1,5.61,1,0.006834,0.02
5,agentic_full,110,medium,3607.93,1,9.53,1,0.006837,0.02
5,agentic_full,111,high,740.07,1,6.01,1,0.010576,0.03
5,agentic_full,112,medium,4332.78,1,7.8,0,0.005474,0.02
5,agentic_full,113,medium,16570.67,1,9.09,1,0.00792,0.02
5,agentic_full,114,low,31325.81,1,11.07,1,0.002264,0.01
5,agentic_full,115,low,36728.58,1,11.76,1,0.003562,0.01
5,agentic_full,116,high,3981.22,0,5.3,1,0.010613,0.03
5,agentic_full,117,high,739.21,0,10.64,1,0.012795,0.03
5,agentic_full,118,low,27726.86,1,5.96,1,0.002967,0.01
5,agentic_full,119,medium,6851.88,1,7.42,1,0.005932,0.02
6,agentic_full,0,medium,22690.42,0,7.76,1,0.005395,0.02
6,agentic_full,1,medium,6850.81,1,11.97,1,0.006901,0.02
6,agentic_full,2,high,2179.79,1,10.63,1,0.009841,0.03
6,agentic_full,3,high,6503.04,0,8.65,0,0.014225,0.03
6,agentic_full,4,high,1823.65,0,9.02,1,0.009918,0.03
6,agentic_full,5,low,23765.89,1,7.28,0,0.003447,0.01
6,agentic_full,6,medium,11892.48,1,8.96,1,0.004647,0.02
6,agentic_full,7,high,3258.88,0,8.5,1,0.009618,0.03
6,agentic_full,8,high,1459.88,0,10.58,1,0.014144,0.03
6,agentic_full,9,low,22327.42,1,12.5,1,0.00355,0.01
6,agentic_full,10,high,1760.26,1,10.77,1,0.011158,0.03
6,agentic_full,11,high,3616.17,0,8.7,1,0.011426,0.03
6,agentic_full,12,high,2477.51,0,10.26,1,0.008906,0.03
6,agentic_full,13,medium,8649.04,0,8.02,1,0.006903,0.02
6,agentic_full,14,high,6863.0,1,7.82,1,0.011484,0.03
6,agentic_full,15,high,3620.18,1,12.06,1,0.012413,0.03
6,agentic_full,16,low,21603.34,1,10.11,1,0.003169,0.01
6,agentic_full,17,low,10804.63,1,8.6,1,0.002502,0.01
6,agentic_full,18,low,36366.33,1,9.57,1,0.002053,0.01
6,agentic_full,19,low,49686.8,1,8.93,1,0.002578,0.01
6,agentic_full,20,low,39966.81,1,10.92,1,0.002565,0.01
6,agentic_full,21,medium,11172.41,1,7.11,1,0.006354,0.02
6,agentic_full,22,high,743.01,0,8.41,1,0.013699,0.03
6,agentic_full,23,medium,6489.55,1,7.79,0,0.005009,0.02
6,agentic_full,24,low,20883.5,1,9.37,1,0.002487,0.01
6,agentic_full,25,low,41766.88,1,7.98,1,0.002674,0.01
6,agentic_full,26,medium,13689.27,1,9.36,1,0.004617,0.02
6,agentic_full,27,high,1459.29,0,7.39,1,0.013944,0.03
6,agentic_full,28,low,33422.87,1,8.65,1,0.003294,0.01
6,agentic_full,29,low,23409.52,0,8.89,1,0.001516,0.01
6,agentic_full,30,low,34564.58,1,8.58,1,0.003101,0.01
6,agentic_full,31,low,24125.42,1,10.44,1,0.003118,0.01
6,agentic_full,32,medium,6492.37,1,6.27,1,0.006811,0.02
6,agentic_full,33,high,744.53,0,8.76,1,0.011324,0.03
6,agentic_full,34,high,20.42,1,9.86,1,0.011238,0.03
6,agentic_full,35,low,40324.47,1,6.56,0,0.002899,0.01
6,agentic_full,36,high,740.55,0,12.78,1,0.011715,0.03
6,agentic_full,37,high,3260.65,0,9.61,1,0.013205,0.03
6,agentic_full,38,medium,15490.22,1,7.75,1,0.00557,0.02
6,agentic_full,39,high,1103.06,1,10.51,1,0.010595,0.03
6,agentic_full,40,low,22806.55,0,9.04,1,0.003448,0.01
6,agentic_full,41,low,29886.04,1,10.34,1,0.003135,0.01
6,agentic_full,42,high,1100.5,1,7.26,1,0.009429,0.03
6,agentic_full,43,high,1459.57,1,11.18,0,0.011043,0.03
6,agentic_full,44,high,738.31,0,8.73,1,0.012741,0.03
6,agentic_full,45,low,33846.01,1,7.79,1,0.002636,0.01
6,agentic_full,46,low,32408.1,1,8.36,1,0.002752,0.01
6,agentic_full,47,medium,6129.18,1,10.41,1,0.005626,0.02
6,agentic_full,48,low,26288.29,1,9.44,1,0.003017,0.01
6,agentic_full,49,medium,4808.62,0,9.5,1,0.006956,0.02
6,agentic_full,50,high,4336.12,0,8.56,1,0.010675,0.03
6,agentic_full,51,low,30604.57,1,8.03,1,0.003335,0.01
6,agentic_full,52,low,30243.86,1,8.45,1,0.003013,0.01
6,agentic_full,53,low,39247.83,1,8.75,1,0.003481,0.01
6,agentic_full,54,low,27728.04,1,9.34,1,0.002857,0.01
6,agentic_full,55,medium,10089.24,1,9.04,1,0.005695,0.02
6,agentic_full,56,medium,11170.85,0,10.96,1,0.005257,0.02
6,agentic_full,57,medium,10814.7,1,8.72,1,0.006458,0.02
6,agentic_full,58,high,2180.82,0,9.46,1,0.016264,0.03
6,agentic_full,59,high,2541.06,1,8.91,0,0.009764,0.03
6,agentic_full,60,medium,7573.58,1,9.9,1,0.006795,0.02
6,agentic_full,61,high,859.26,0,9.2,1,0.009883,0.03
6,agentic_full,62,low,32406.85,1,9.89,1,0.002991,0.01
6,agentic_full,63,low,32525.27,0,6.88,1,0.002762,0.01
6,agentic_full,64,medium,5049.85,1,12.16,1,0.007429,0.02
6,agentic_full,65,medium,7212.14,0,13.1,1,0.008177,0.02
6,agentic_full,66,high,1102.64,1,8.0,1,0.008854,0.03
6,agentic_full,67,high,1461.81,1,7.05,1,0.015732,0.03
6,agentic_full,68,high,1820.24,1,11.52,1,0.011052,0.03
6,agentic_full,69,low,23407.05,1,11.21,1,0.003149,0.01
6,agentic_full,70,high,380.29,1,6.16,1,0.011214,0.03
6,agentic_full,71,high,4704.3,0,7.04,1,0.009024,0.03
6,agentic_full,72,high,1101.3,0,13.51,1,0.014028,0.03
6,agentic_full,73,low,29162.63,0,8.93,1,0.002639,0.01
6,agentic_full,74,low,25566.23,1,5.96,0,0.004141,0.01
6,agentic_full,75,low,40325.42,0,8.97,0,0.002735,0.01
6,agentic_full,76,medium,5772.77,1,8.26,1,0.006015,0.02
6,agentic_full,77,high,5424.36,0,10.47,1,0.012387,0.03
6,agentic_full,78,high,2177.92,0,5.18,1,0.012952,0.03
6,agentic_full,79,low,26947.83,1,12.59,1,0.003211,0.01
6,agentic_full,80,high,2902.06,1,8.55,1,0.01176,0.03
6,agentic_full,81,medium,16568.23,1,9.51,1,0.006122,0.02
6,agentic_full,82,medium,6491.97,1,8.91,1,0.006717,0.02
6,agentic_full,83,low,38885.95,1,10.96,1,0.002977,0.01
6,agentic_full,84,medium,11532.12,1,10.49,1,0.006312,0.02
6,agentic_full,85,high,740.46,1,7.19,1,0.014716,0.03
6,agentic_full,86,low,12964.94,1,8.25,1,0.002246,0.01
6,agentic_full,87,medium,1093.24,1,9.36,1,0.007089,0.02
6,agentic_full,88,low,19083.87,1,14.36,1,0.003693,0.01
6,agentic_full,89,low,27005.6,1,6.82,1,0.003189,0.01
6,agentic_full,90,medium,5768.75,1,12.68,1,0.006698,0.02
6,agentic_full,91,low,29883.76,1,9.04,1,0.003691,0.01
6,agentic_full,92,low,21966.45,1,5.81,1,0.003236,0.01
6,agentic_full,93,high,2179.51,0,13.15,1,0.013562,0.03
6,agentic_full,94,medium,16934.98,1,8.03,1,0.005553,0.02
6,agentic_full,95,medium,12972.04,1,8.17,1,0.005945,0.02
6,agentic_full,96,low,29883.04,1,8.46,1,0.002721,0.01
6,agentic_full,97,low,38164.16,1,9.13,1,0.003308,0.01
6,agentic_full,98,low,34925.65,1,8.84,0,0.003643,0.01
6,agentic_full,99,low,25205.19,1,6.4,1,0.003104,0.01
6,agentic_full,100,medium,2173.64,1,9.33,1,0.005588,0.02
6,agentic_full,101,low,30246.59,1,7.19,1,0.00293,0.01
6,agentic_full,102,high,3979.84,0,8.67,1,0.012542,0.03
6,agentic_full,103,high,2179.5,1,8.31,1,0.015594,0.03
6,agentic_full,104,high,2900.02,0,9.92,1,0.011341,0.03
6,agentic_full,105,low,38883.71,1,8.49,1,0.002746,0.01
6,agentic_full,106,medium,10812.87,1,9.11,1,0.006216,0.02
6,agentic_full,107,high,1099.52,1,8.04,1,0.008787,0.03
6,agentic_full,108,high,1462.54,0,12.24,1,0.013061,0.03
6,agentic_full,109,medium,12615.52,1,10.8,1,0.006508,0.02
6,agentic_full,110,high,381.46,0,9.46,1,0.01434,0.03
6,agentic_full,111,high,1098.31,1,8.96,1,0.012977,0.03
6,agentic_full,112,low,25207.11,1,9.37,1,0.0034,0.01
6,agentic_full,113,low,11529.6,1,6.59,1,0.003902,0.01
6,agentic_full,114,medium,8288.51,1,10.85,1,0.003999,0.02
6,agentic_full,115,low,16566.26,1,6.58,0,0.002557,0.01
6,agentic_full,116,low,28442.39,1,10.42,1,0.003157,0.01
6,agentic_full,117,medium,10090.69,0,12.2,1,0.00557,0.02
6,agentic_full,118,high,743.22,1,10.27,1,0.014468,0.03
6,agentic_full,119,low,17288.94,1,9.74,0,0.003106,0.01
7,agentic_full,0,low,34208.77,1,7.95,1,0.002727,0.01
7,agentic_full,1,low,36726.1,0,8.94,1,0.002799,0.01
7,agentic_full,2,low,32769.11,1,9.86,1,0.003278,0.01
7,agentic_full,3,low,40326.27,1,10.74,1,0.003394,0.01
7,agentic_full,4,medium,7572.01,0,8.0,1,0.004886,0.02
7,agentic_full,5,low,34685.49,0,7.2,1,0.003131,0.01
7,agentic_full,6,high,380.96,0,9.4,1,0.01223,0.03
7,agentic_full,7,medium,2170.93,0,9.87,0,0.00636,0.02
7,agentic_full,8,high,4697.98,1,11.19,1,0.010515,0.03
7,agentic_full,9,high,3620.67,1,8.18,1,0.014091,0.03
7,agentic_full,10,high,5424.0,1,9.85,1,0.009698,0.03
7,agentic_full,11,medium,11533.14,1,5.76,1,0.00627,0.02
7,agentic_full,12,medium,4693.28,1,7.08,1,0.006053,0.02
7,agentic_full,13,low,45724.68,1,4.17,1,0.002897,0.01
7,agentic_full,14,medium,16211.45,1,7.27,1,0.006099,0.02
7,agentic_full,15,low,37805.08,1,11.63,1,0.003298,0.01
7,agentic_full,16,low,25566.78,1,8.38,1,0.002437,0.01
7,agentic_full,17,high,1103.94,1,9.75,1,0.01259,0.03
7,agentic_full,18,low,34202.74,1,8.86,0,0.003903,0.01
7,agentic_full,19,low,34567.23,1,2.99,1,0.002967,0.01
7,agentic_full,20,medium,22811.02,0,10.58,1,0.00505,0.02
7,agentic_full,21,high,3615.4,1,11.12,1,0.009964,0.03
7,agentic_full,22,medium,18370.71,1,8.34,1,0.00548,0.02
7,agentic_full,23,low,29885.19,1,11.95,1,0.003141,0.01
7,agentic_full,24,medium,20891.24,1,6.93,1,0.004079,0.02
7,agentic_full,25,low,21726.14,0,12.02,1,0.002834,0.01
7,agentic_full,26,high,2182.21,0,9.5,1,0.011,0.03
7,agentic_full,27,low,32767.69,1,10.84,1,0.002216,0.01
7,agentic_full,28,medium,9067.88,0,9.95,1,0.006756,0.02
7,agentic_full,29,medium,2889.27,1,12.06,1,0.005041,0.02
7,agentic_full,30,low,28444.4,1,8.22,1,0.003768,0.01
7,agentic_full,31,medium,5049.8,0,11.31,1,0.004922,0.02
7,agentic_full,32,medium,1452.92,1,10.5,0,0.005362,0.02
7,agentic_full,33,medium,10809.99,1,8.72,1,0.007994,0.02
7,agentic_full,34,low,36366.73,1,6.86,1,0.002771,0.01
7,agentic_full,35,high,7579.1,1,9.17,1,0.011365,0.03
7,agentic_full,36,high,4638.63,1,4.89,1,0.012792,0.03
7,agentic_full,37,medium,1812.94,1,12.16,1,0.006714,0.02
7,agentic_full,38,medium,7569.54,1,6.3,1,0.004783,0.02
7,agentic_full,39,high,741.76,1,6.99,1,0.012153,0.03
7,agentic_full,40,low,12966.51,1,5.49,1,0.003299,0.01
7,agentic_full,41,low,39966.25,1,7.93,1,0.003266,0.01
7,agentic_full,42,medium,12971.85,1,8.04,1,0.007951,0.02
7,agentic_full,43,high,7223.29,1,9.28,1,0.011016,0.03
7,agentic_full,44,low,16208.98,1,8.43,1,0.002741,0.01
7,agentic_full,45,high,380.01,0,6.46,1,0.012742,0.03
7,agentic_full,46,medium,18009.57,0,8.04,0,0.006914,0.02
7,agentic_full,47,low,42843.08,1,7.12,0,0.002989,0.01
7,agentic_full,48,low,22327.06,1,10.02,0,0.003126,0.01
7,agentic_full,49,medium,4686.99,1,11.54,1,0.004803,0.02
7,agentic_full,50,high,10816.22,0,6.4,1,0.011358,0.03
7,agentic_full,51,medium,9372.04,1,13.15,1,0.005163,0.02
7,agentic_full,52,low,42845.98,1,5.57,1,0.003211,0.01
7,agentic_full,53,low,38885.75,1,11.69,0,0.002775,0.01
7,agentic_full,54,high,381.91,0,8.2,1,0.010841,0.03
7,agentic_full,55,medium,2891.84,1,6.44,1,0.007111,0.02
7,agentic_full,56,high,381.78,0,11.35,1,0.01251,0.03
7,agentic_full,57,low,28805.29,1,9.14,1,0.002791,0.01
7,agentic_full,58,medium,14051.33,1,7.52,1,0.00518,0.02
7,agentic_full,59,medium,8652.57,1,9.29,1,0.005547,0.02
7,agentic_full,60,low,38167.06,1,8.04,1,0.003513,0.01
7,agentic_full,61,high,1459.68,1,8.01,1,0.011529,0.03
7,agentic_full,62,low,38884.8,1,12.66,1,0.002626,0.01
7,agentic_full,63,medium,8652.75,0,10.66,1,0.007023,0.02
7,agentic_full,64,low,35283.87,1,12.44,1,0.002076,0.01
7,agentic_full,65,low,35645.89,1,11.77,1,0.003072,0.01
7,agentic_full,66,low,15482.38,1,9.84,1,0.002703,0.01
7,agentic_full,67,low,21246.58,0,9.42,1,0.003593,0.01
7,agentic_full,68,high,2901.34,0,9.25,1,0.012752,0.03
7,agentic_full,69,medium,12252.5,1,9.22,1,0.006464,0.02
7,agentic_full,70,low,33127.4,0,9.77,1,0.002265,0.01
7,agentic_full,71,high,1459.91,0,9.33,1,0.012946,0.03
7,agentic_full,72,medium,1453.52,1,9.98,1,0.004069,0.02
7,agentic_full,73,low,26646.72,1,6.55,1,0.002448,0.01
7,agentic_full,74,high,380.6,1,9.07,1,0.011007,0.03
7,agentic_full,75,low,20526.96,1,11.24,1,0.003215,0.01
7,agentic_full,76,medium,5049.14,0,10.95,1,0.006943,0.02
7,agentic_full,77,medium,2529.15,1,11.36,1,0.005156,0.02
7,agentic_full,78,medium,4690.48,1,8.43,1,0.005254,0.02
7,agentic_full,79,medium,371.77,1,9.5,1,0.009186,0.02
7,agentic_full,80,low,27007.84,1,8.25,1,0.003201,0.01
7,agentic_full,81,high,1103.12,0,10.38,1,0.010507,0.03
7,agentic_full,82,high,742.57,0,11.36,1,0.012277,0.03
7,agentic_full,83,high,382.18,1,8.73,1,0.011683,0.03
7,agentic_full,84,medium,5412.0,1,7.73,1,0.007403,0.02
7,agentic_full,85,medium,11168.02,0,4.64,1,0.004379,0.02
7,agentic_full,86,high,380.75,1,7.55,1,0.014881,0.03
7,agentic_full,87,low,30603.6,1,10.67,1,0.003293,0.01
7,agentic_full,88,low,17644.63,1,9.84,1,0.003154,0.01
7,agentic_full,89,high,740.21,1,8.76,1,0.011665,0.03
7,agentic_full,90,high,3618.42,0,9.11,1,0.012995,0.03
7,agentic_full,91,medium,12609.21,0,8.59,1,0.00729,0.02
7,agentic_full,92,high,1816.7,1,9.27,1,0.008643,0.03
7,agentic_full,93,high,382.31,0,6.05,1,0.009992,0.03
7,agentic_full,94,medium,12974.56,1,7.16,1,0.005603,0.02
7,agentic_full,95,medium,15492.8,1,8.87,1,0.004528,0.02
7,agentic_full,96,high,3739.91,0,9.05,1,0.007394,0.03
7,agentic_full,97,high,21.77,1,9.38,0,0.01479,0.03
7,agentic_full,98,low,35646.25,1,6.2,1,0.00333,0.01
7,agentic_full,99,medium,9013.28,1,8.44,1,0.006555,0.02
7,agentic_full,100,high,1104.22,0,8.15,1,0.014774,0.03
7,agentic_full,101,medium,6489.13,0,3.46,1,0.008036,0.02
7,agentic_full,102,low,24846.37,1,8.37,1,0.003203,0.01
7,agentic_full,103,medium,4333.11,1,11.21,1,0.007177,0.02
7,agentic_full,104,medium,13333.23,1,7.31,1,0.007318,0.02
7,agentic_full,105,low,28445.2,1,12.11,1,0.002287,0.01
7,agentic_full,106,medium,1090.12,1,10.67,1,0.005492,0.02
7,agentic_full,107,medium,9013.6,1,7.91,1,0.005883,0.02
7,agentic_full,108,medium,14768.61,1,9.99,1,0.00707,0.02
7,agentic_full,109,high,2901.7,0,14.31,0,0.010337,0.03
7,agentic_full,110,low,10443.3,1,7.55,1,0.003447,0.01
7,agentic_full,111,high,1821.05,0,10.12,1,0.01229,0.03
7,agentic_full,112,high,1821.93,1,10.24,1,0.012815,0.03
7,agentic_full,113,low,20888.58,1,8.69,1,0.002945,0.01
7,agentic_full,114,medium,3610.76,1,9.72,1,0.005069,0.02
7,agentic_full,115,medium,10813.72,1,10.96,1,0.005589,0.02
7,agentic_full,116,medium,5410.4,1,8.73,1,0.006784,0.02
7,agentic_full,117,medium,2169.35,1,7.6,1,0.007881,0.02
7,agentic_full,118,medium,3969.43,1,11.11,1,0.007028,0.02
7,agentic_full,119,medium,16571.6,1,7.83,1,0.005085,0.02
8,agentic_full,0,high,2180.81,1,3.47,1,0.011178,0.03
8,agentic_full,1,high,1100.09,1,12.65,1,0.008521,0.03
8,agentic_full,2,low,29523.71,1,5.67,1,0.003366,0.01
8,agentic_full,3,medium,7926.31,1,8.88,1,0.005239,0.02
8,agentic_full,4,high,5419.69,0,10.72,1,0.012046,0.03
8,agentic_full,5,high,21.44,0,9.1,1,0.012972,0.03
8,agentic_full,6,medium,15132.86,1,5.83,1,0.00678,0.02
8,agentic_full,7,medium,14170.13,0,8.91,1,0.005233,0.02
8,agentic_full,8,low,34564.79,1,8.76,1,0.003097,0.01
8,agentic_full,9,medium,4328.44,1,8.19,1,0.006319,0.02
8,agentic_full,10,high,740.54,0,9.15,1,0.0099,0.03
8,agentic_full,11,low,55447.86,1,9.15,1,0.002262,0.01
8,agentic_full,12,low,50762.33,1,11.5,1,0.002334,0.01
8,agentic_full,13,high,18.27,0,6.22,1,0.009779,0.03
8,agentic_full,14,high,2901.99,0,9.84,1,0.010404,0.03
8,agentic_full,15,medium,10451.91,1,8.86,1,0.00538,0.02
8,agentic_full,16,low,34203.9,0,8.67,1,0.00332,0.01
8,agentic_full,17,medium,7572.77,1,12.89,1,0.005506,0.02
8,agentic_full,18,high,3259.34,0,4.81,1,0.013165,0.03
8,agentic_full,19,medium,12251.61,1,8.86,1,0.005193,0.02
8,agentic_full,20,low,32766.43,1,7.46,1,0.002845,0.01
8,agentic_full,21,low,20166.74,1,10.21,1,0.003391,0.01
8,agentic_full,22,medium,13330.73,0,8.29,1,0.007065,0.02
8,agentic_full,23,low,51846.64,1,5.5,1,0.002465,0.01
8,agentic_full,24,low,23044.62,1,8.26,0,0.002942,0.01
8,agentic_full,25,high,1220.26,0,9.83,0,0.012085,0.03
8,agentic_full,26,low,14764.0,1,12.58,1,0.00177,0.01
8,agentic_full,27,medium,4327.15,1,10.01,1,0.006484,0.02
8,agentic_full,28,high,2181.01,1,9.21,0,0.011579,0.03
8,agentic_full,29,medium,728.44,1,8.22,1,0.004751,0.02
8,agentic_full,30,medium,14050.43,1,11.12,1,0.004783,0.02
8,agentic_full,31,medium,4689.02,1,5.79,1,0.00434,0.02
8,agentic_full,32,low,26286.9,1,7.45,1,0.003173,0.01
8,agentic_full,33,medium,20530.51,1,12.11,1,0.005738,0.02
8,agentic_full,34,low,10084.8,1,7.4,0,0.00249,0.01
8,agentic_full,35,high,379.15,1,5.11,1,0.010487,0.03
8,agentic_full,36,medium,5410.99,1,8.35,0,0.008361,0.02
8,agentic_full,37,medium,3969.02,1,9.18,1,0.006941,0.02
8,agentic_full,38,low,19087.45,0,7.54,0,0.002878,0.01
8,agentic_full,39,high,1100.38,0,9.49,1,0.006273,0.03
8,agentic_full,40,medium,2527.92,1,9.25,1,0.005518,0.02
8,agentic_full,41,low,19445.67,1,8.18,1,0.003172,0.01
8,agentic_full,42,high,1461.04,1,8.76,1,0.012637,0.03
8,agentic_full,43,medium,16.05,0,7.66,0,0.006214,0.02
8,agentic_full,44,medium,1812.49,1,8.96,0,0.00835,0.02
8,agentic_full,45,medium,12550.38,0,12.09,1,0.006529,0.02
8,agentic_full,46,low,37447.11,0,9.63,1,0.002388,0.01
8,agentic_full,47,high,1457.58,1,8.58,1,0.012999,0.03
8,agentic_full,48,low,34565.2,1,8.66,1,0.003352,0.01
8,agentic_full,49,medium,4329.56,1,11.97,0,0.003694,0.02
8,agentic_full,50,medium,14409.73,0,7.53,1,0.006144,0.02
8,agentic_full,51,medium,10092.86,1,7.35,1,0.005355,0.02
8,agentic_full,52,high,3980.76,0,11.52,1,0.009872,0.03
8,agentic_full,53,low,37804.45,1,9.5,1,0.002521,0.01
8,agentic_full,54,low,42125.12,1,9.62,1,0.003001,0.01
8,agentic_full,55,low,31685.2,1,10.34,1,0.002484,0.01
8,agentic_full,56,medium,10450.3,1,7.16,1,0.004817,0.02
8,agentic_full,57,high,1820.58,0,13.26,1,0.013218,0.03
8,agentic_full,58,medium,1811.3,1,8.15,1,0.007205,0.02
8,agentic_full,59,high,3622.11,0,11.18,1,0.015204,0.03
8,agentic_full,60,medium,6851.75,1,7.12,1,0.006256,0.02
8,agentic_full,61,high,681.8,1,12.57,1,0.012738,0.03
8,agentic_full,62,high,2538.1,0,3.7,1,0.013694,0.03
8,agentic_full,63,low,29164.37,1,9.25,1,0.004069,0.01
8,agentic_full,64,low,18729.52,1,9.41,1,0.002703,0.01
8,agentic_full,65,medium,8286.33,0,7.67,1,0.007991,0.02
8,agentic_full,66,low,43565.66,1,9.26,1,0.002824,0.01
8,agentic_full,67,medium,1090.38,1,8.76,1,0.007109,0.02
8,agentic_full,68,low,26286.75,1,9.82,1,0.003645,0.01
8,agentic_full,69,medium,2889.09,1,9.72,1,0.004691,0.02
8,agentic_full,70,low,41767.11,1,8.38,1,0.003296,0.01
8,agentic_full,71,medium,8652.36,1,9.1,1,0.005058,0.02
8,agentic_full,72,high,1817.1,0,14.24,0,0.0095,0.03
8,agentic_full,73,medium,1810.91,1,6.78,1,0.005814,0.02
8,agentic_full,74,high,2901.09,0,12.26,1,0.01187,0.03
8,agentic_full,75,medium,9009.42,1,9.14,1,0.00648,0.02
8,agentic_full,76,high,10099.79,1,9.31,1,0.010652,0.03
8,agentic_full,77,medium,2893.5,1,8.92,1,0.007214,0.02
8,agentic_full,78,medium,7212.34,1,9.92,1,0.006254,0.02
8,agentic_full,79,medium,3611.26,0,6.78,1,0.005784,0.02
8,agentic_full,80,medium,21971.05,1,7.31,1,0.005215,0.02
8,agentic_full,81,medium,16207.4,1,12.83,1,0.005032,0.02
8,agentic_full,82,high,1822.57,0,5.02,1,0.014636,0.03
8,agentic_full,83,high,2185.92,0,11.53,1,0.011718,0.03
8,agentic_full,84,medium,5774.68,1,11.0,1,0.006567,0.02
8,agentic_full,85,low,47164.53,1,11.03,1,0.00283,0.01
8,agentic_full,86,medium,4690.99,1,6.91,1,0.004266,0.02
8,agentic_full,87,high,8302.36,1,7.45,1,0.013714,0.03
8,agentic_full,88,high,2902.88,0,5.24,1,0.012357,0.03
8,agentic_full,89,low,36367.17,1,9.98,1,0.003461,0.01
8,agentic_full,90,medium,10090.65,1,10.34,1,0.007115,0.02
8,agentic_full,91,medium,7570.45,0,11.35,1,0.005702,0.02
8,agentic_full,92,medium,4333.25,1,4.65,1,0.006739,0.02
8,agentic_full,93,low,11885.02,1,7.52,1,0.003152,0.01
8,agentic_full,94,high,1461.45,1,5.8,1,0.012339,0.03
8,agentic_full,95,high,1104.46,0,9.18,1,0.015206,0.03
8,agentic_full,96,medium,2530.2,1,10.39,1,0.005076,0.02
8,agentic_full,97,medium,2894.07,0,9.95,1,0.005686,0.02
8,agentic_full,98,low,45364.84,1,10.89,1,0.002932,0.01
8,agentic_full,99,high,22.19,1,9.24,1,0.013941,0.03
8,agentic_full,100,medium,4687.53,1,6.96,1,0.006139,0.02
8,agentic_full,101,low,24847.04,1,11.38,1,0.002463,0.01
8,agentic_full,102,low,20162.26,1,9.98,1,0.003595,0.01
8,agentic_full,103,medium,11172.01,1,8.9,1,0.005729,0.02
8,agentic_full,104,high,2536.99,1,14.71,1,0.013353,0.03
8,agentic_full,105,medium,16209.42,1,10.96,1,0.004443,0.02
8,agentic_full,106,high,1819.89,0,11.91,1,0.014028,0.03
8,agentic_full,107,low,33844.53,1,9.44,0,0.002746,0.01
8,agentic_full,108,high,743.05,0,9.35,1,0.01109,0.03
8,agentic_full,109,low,28445.67,1,5.82,1,0.003932,0.01
8,agentic_full,110,low,34202.58,1,9.86,1,0.002228,0.01
8,agentic_full,111,medium,7571.25,1,8.93,1,0.005587,0.02
8,agentic_full,112,medium,12971.81,1,11.09,1,0.006152,0.02
8,agentic_full,113,medium,16931.82,1,5.86,1,0.005471,0.02
8,agentic_full,114,high,743.36,1,8.08,1,0.011207,0.03
8,agentic_full,115,high,6499.11,0,7.88,0,0.011185,0.03
8,agentic_full,116,high,9381.54,1,9.13,1,0.009206,0.03
8,agentic_full,117,high,383.2,0,8.17,1,0.012938,0.03
8,agentic_full,118,low,16923.46,1,11.3,1,0.003576,0.01
8,agentic_full,119,high,1460.91,1,6.49,1,0.014886,0.03
9,agentic_full,0,medium,7333.67,0,8.97,1,0.005391,0.02
9,agentic_full,1,medium,15127.67,1,10.11,1,0.004009,0.02
9,agentic_full,2,high,381.99,0,9.55,1,0.009169,0.03
9,agentic_full,3,low,35285.78,1,7.28,1,0.003209,0.01
9,agentic_full,4,high,2177.78,1,8.34,1,0.011531,0.03
9,agentic_full,5,medium,6488.19,1,8.18,1,0.005867,0.02
9,agentic_full,6,low,40322.45,1,9.84,1,0.003029,0.01
9,agentic_full,7,high,1463.74,0,7.54,1,0.012599,0.03
9,agentic_full,8,low,38165.45,1,7.69,1,0.003263,0.01
9,agentic_full,9,high,1102.94,0,7.41,1,0.015287,0.03
9,agentic_full,10,low,33489.74,1,5.67,1,0.002449,0.01
9,agentic_full,11,high,2540.57,0,8.3,1,0.014499,0.03
9,agentic_full,12,low,18007.83,1,11.39,0,0.003713,0.01
9,agentic_full,13,medium,15132.41,1,10.89,1,0.004951,0.02
9,agentic_full,14,low,13328.96,1,6.06,0,0.003421,0.01
9,agentic_full,15,low,31321.0,1,9.29,1,0.003194,0.01
9,agentic_full,16,medium,4693.7,0,7.49,1,0.005429,0.02
9,agentic_full,17,high,2539.98,1,8.84,1,0.013781,0.03
9,agentic_full,18,medium,13690.82,1,9.45,0,0.0045,0.02
9,agentic_full,19,low,23048.04,1,9.84,0,0.003294,0.01
9,agentic_full,20,high,6141.78,0,9.36,1,0.013274,0.03
9,agentic_full,21,low,33484.88,1,6.31,1,0.003116,0.01
9,agentic_full,22,low,29882.87,1,9.69,1,0.003526,0.01
9,agentic_full,23,low,21965.49,1,7.38,1,0.00335,0.01
9,agentic_full,24,high,4341.18,0,10.84,1,0.010751,0.03
9,agentic_full,25,medium,16212.6,1,9.4,1,0.007161,0.02
9,agentic_full,26,medium,14410.79,1,9.8,1,0.005781,0.02
9,agentic_full,27,low,16206.13,1,5.17,1,0.003238,0.01
9,agentic_full,28,medium,2888.44,1,8.8,1,0.005446,0.02
9,agentic_full,29,low,34207.7,1,7.66,1,0.002653,0.01
9,agentic_full,30,low,30608.34,1,9.14,1,0.002982,0.01
9,agentic_full,31,high,2181.98,1,9.7,1,0.012858,0.03
9,agentic_full,32,medium,22335.17,1,9.49,1,0.004744,0.02
9,agentic_full,33,high,4700.47,0,12.29,1,0.011746,0.03
9,agentic_full,34,medium,1809.0,1,10.71,0,0.004229,0.02
9,agentic_full,35,medium,10451.84,1,10.67,1,0.007386,0.02
9,agentic_full,36,low,50404.38,0,7.35,1,0.001607,0.01
9,agentic_full,37,medium,3969.54,1,10.65,1,0.005597,0.02
9,agentic_full,38,low,14403.74,0,7.01,1,0.004286,0.01
9,agentic_full,39,high,738.4,0,7.62,1,0.011424,0.03
9,agentic_full,40,medium,7569.77,1,7.08,1,0.005798,0.02
9,agentic_full,41,low,27368.56,1,11.9,1,0.003883,0.01
9,agentic_full,42,low,40987.36,1,8.79,1,0.002766,0.01
9,agentic_full,43,medium,6129.5,0,9.12,1,0.005625,0.02
9,agentic_full,44,medium,11170.22,0,9.04,1,0.006571,0.02
9,agentic_full,45,high,1461.31,0,10.05,1,0.012796,0.03
9,agentic_full,46,medium,9737.07,1,6.36,1,0.00449,0.02
9,agentic_full,47,medium,12972.07,1,6.6,1,0.004726,0.02
9,agentic_full,48,medium,8291.57,1,7.8,1,0.004673,0.02
9,agentic_full,49,low,55805.06,1,11.86,1,0.002195,0.01
9,agentic_full,50,medium,6853.1,1,8.27,1,0.008409,0.02
9,agentic_full,51,high,6140.32,1,4.98,0,0.012358,0.03
9,agentic_full,52,high,381.39,0,7.84,1,0.010606,0.03
9,agentic_full,53,high,1460.01,0,9.47,0,0.011192,0.03
9,agentic_full,54,medium,21972.51,1,7.67,1,0.005686,0.02
9,agentic_full,55,low,28802.31,1,10.23,1,0.002807,0.01
9,agentic_full,56,high,3257.62,0,8.42,1,0.012677,0.03
9,agentic_full,57,medium,5770.8,1,8.72,1,0.006717,0.02
9,agentic_full,58,low,41403.36,1,7.75,1,0.002483,0.01
9,agentic_full,59,low,30966.08,1,5.03,1,0.002497,0.01
9,agentic_full,60,medium,9.77,1,10.39,1,0.006546,0.02
9,agentic_full,61,low,37445.81,1,8.81,1,0.003079,0.01
9,agentic_full,62,high,742.23,0,9.92,1,0.012597,0.03
9,agentic_full,63,medium,16568.06,1,4.6,1,0.006437,0.02
9,agentic_full,64,high,4701.45,0,6.8,0,0.010991,0.03
9,agentic_full,65,low,32047.93,1,9.62,1,0.002949,0.01
9,agentic_full,66,low,22687.92,1,9.62,1,0.003307,0.01
9,agentic_full,67,low,43206.72,1,4.77,1,0.002147,0.01
9,agentic_full,68,low,20529.43,1,9.56,1,0.003162,0.01
9,agentic_full,69,low,33484.63,1,10.22,1,0.002423,0.01
9,agentic_full,70,low,43566.43,1,9.11,1,0.002809,0.01
9,agentic_full,71,medium,5412.06,1,10.21,1,0.005357,0.02
9,agentic_full,72,medium,3610.29,0,7.69,1,0.006033,0.02
9,agentic_full,73,medium,12248.33,1,8.62,1,0.005413,0.02
9,agentic_full,74,low,29881.31,1,9.54,1,0.004111,0.01
9,agentic_full,75,low,28206.93,0,9.44,1,0.003093,0.01
9,agentic_full,76,high,2183.82,0,11.25,1,0.013058,0.03
9,agentic_full,77,high,18.97,1,9.72,1,0.01018,0.03
9,agentic_full,78,high,4699.05,1,10.99,1,0.01114,0.03
9,agentic_full,79,low,18365.78,1,9.03,1,0.003624,0.01
9,agentic_full,80,high,4699.31,0,9.42,0,0.007988,0.03
9,agentic_full,81,medium,10448.65,1,8.94,1,0.005765,0.02
9,agentic_full,82,high,8656.24,0,11.15,1,0.011713,0.03
9,agentic_full,83,medium,6131.73,1,8.28,1,0.004547,0.02
9,agentic_full,84,low,23406.36,1,8.51,1,0.003275,0.01
9,agentic_full,85,high,741.5,1,9.78,1,0.014499,0.03
9,agentic_full,86,medium,11532.71,1,5.99,1,0.007312,0.02
9,agentic_full,87,high,1103.01,0,11.57,1,0.011074,0.03
9,agentic_full,88,medium,1452.44,1,8.34,1,0.006568,0.02
9,agentic_full,89,medium,5772.13,1,4.2,1,0.00597,0.02
9,agentic_full,90,medium,5047.84,0,6.51,1,0.004925,0.02
9,agentic_full,91,high,4341.27,1,9.78,1,0.007325,0.03
9,agentic_full,92,medium,15856.9,0,6.45,1,0.008041,0.02
9,agentic_full,93,low,25564.94,1,7.94,1,0.002429,0.01
9,agentic_full,94,low,31327.32,1,9.8,1,0.002567,0.01
9,agentic_full,95,medium,5411.64,1,9.51,1,0.006878,0.02
9,agentic_full,96,high,1455.5,1,9.39,1,0.01042,0.03
9,agentic_full,97,low,28445.87,1,7.8,1,0.002864,0.01
9,agentic_full,98,medium,2531.65,1,5.95,1,0.004137,0.02
9,agentic_full,99,low,30604.8,1,10.39,1,0.002867,0.01
9,agentic_full,100,medium,12613.36,1,10.33,1,0.006393,0.02
9,agentic_full,101,high,742.27,0,4.44,1,0.015821,0.03
9,agentic_full,102,low,20164.76,0,9.31,1,0.002964,0.01
9,agentic_full,103,low,47526.9,1,7.88,1,0.002744,0.01
9,agentic_full,104,low,30246.43,1,13.67,1,0.003035,0.01
9,agentic_full,105,high,4280.89,1,13.72,1,0.011957,0.03
9,agentic_full,106,low,18010.01,1,8.85,1,0.002723,0.01
9,agentic_full,107,medium,1812.57,1,9.36,1,0.004512,0.02
9,agentic_full,108,high,5059.51,0,8.17,1,0.01198,0.03
9,agentic_full,109,medium,732.76,0,6.59,1,0.005676,0.02
9,agentic_full,110,high,738.95,1,12.58,1,0.012579,0.03
9,agentic_full,111,low,21244.9,1,8.82,1,0.003557,0.01
9,agentic_full,112,low,30604.85,1,6.98,1,0.002722,0.01
9,agentic_full,113,medium,2527.76,1,7.0,1,0.006647,0.02
9,agentic_full,114,high,2900.6,0,13.36,1,0.012242,0.03
9,agentic_full,115,low,34204.56,1,8.12,1,0.002863,0.01
9,agentic_full,116,low,25565.34,1,9.25,1,0.003073,0.01
9,agentic_full,117,high,4701.34,0,13.91,1,0.00991,0.03
9,agentic_full,118,medium,6850.97,0,11.26,1,0.006428,0.02
9,agentic_full,119,low,25927.81,1,9.39,1,0.003281,0.01
10,agentic_full,0,high,1820.32,0,7.17,1,0.009438,0.03
10,agentic_full,1,low,19086.61,1,9.45,1,0.002334,0.01
10,agentic_full,2,high,1461.39,0,8.07,1,0.01453,0.03
10,agentic_full,3,high,1102.99,0,11.22,1,0.012743,0.03
10,agentic_full,4,high,2543.82,1,15.14,1,0.013048,0.03
10,agentic_full,5,low,30244.11,1,5.54,1,0.002658,0.01
10,agentic_full,6,high,2901.27,1,9.62,1,0.010859,0.03
10,agentic_full,7,high,738.49,0,10.04,1,0.011501,0.03
10,agentic_full,8,medium,2533.55,0,9.12,1,0.005162,0.02
10,agentic_full,9,high,2180.14,1,5.4,1,0.017233,0.03
10,agentic_full,10,high,743.15,0,10.8,1,0.012735,0.03
10,agentic_full,11,medium,8292.41,1,10.54,1,0.004955,0.02
10,agentic_full,12,medium,10093.12,1,8.3,1,0.005318,0.02
10,agentic_full,13,medium,16571.45,0,7.59,1,0.005929,0.02
10,agentic_full,14,high,1583.01,0,11.53,1,0.01112,0.03
10,agentic_full,15,high,23.37,1,7.7,1,0.010811,0.03
10,agentic_full,16,low,33846.49,1,11.46,1,0.003113,0.01
10,agentic_full,17,high,2544.72,1,9.89,1,0.012006,0.03
10,agentic_full,18,high,1822.61,0,10.72,1,0.010127,0.03
10,agentic_full,19,medium,12970.51,1,9.0,1,0.007594,0.02
10,agentic_full,20,low,41406.41,1,7.14,1,0.002831,0.01
10,agentic_full,21,low,25203.38,1,9.62,1,0.002021,0.01
10,agentic_full,22,high,2544.35,0,10.04,1,0.014403,0.03
10,agentic_full,23,medium,7209.44,1,8.57,1,0.00693,0.02
10,agentic_full,24,medium,3967.73,1,6.9,1,0.005226,0.02
10,agentic_full,25,high,739.73,1,9.7,1,0.011421,0.03
10,agentic_full,26,low,10807.05,1,7.52,1,0.002461,0.01
10,agentic_full,27,medium,6127.49,1,8.78,1,0.006004,0.02
10,agentic_full,28,low,24848.33,1,10.83,1,0.002953,0.01
10,agentic_full,29,medium,21612.98,1,9.06,1,0.004471,0.02
10,agentic_full,30,medium,11534.93,1,10.84,1,0.006104,0.02
10,agentic_full,31,low,34925.57,1,9.47,1,0.003346,0.01
10,agentic_full,32,low,42844.45,1,10.73,1,0.00267,0.01
10,agentic_full,33,medium,7932.56,1,7.04,1,0.004744,0.02
10,agentic_full,34,high,1821.65,0,8.03,1,0.011828,0.03
10,agentic_full,35,low,12607.96,1,8.27,1,0.003219,0.01
10,agentic_full,36,medium,7928.52,1,7.42,1,0.0068,0.02
10,agentic_full,37,low,19444.5,1,7.37,1,0.003135,0.01
10,agentic_full,38,low,36366.25,1,8.54,1,0.002918,0.01
10,agentic_full,39,medium,11953.96,0,11.07,1,0.005242,0.02
10,agentic_full,40,high,739.36,0,9.04,1,0.014219,0.03
10,agentic_full,41,low,16207.86,1,12.23,1,0.003209,0.01
10,agentic_full,42,medium,5050.54,1,10.6,1,0.006263,0.02
10,agentic_full,43,medium,3973.0,1,8.24,1,0.007019,0.02
10,agentic_full,44,high,740.05,1,7.23,0,0.012945,0.03
10,agentic_full,45,low,40326.3,1,9.99,1,0.003034,0.01
10,agentic_full,46,low,26285.31,1,7.66,1,0.002706,0.01
10,agentic_full,47,medium,4691.42,0,9.81,1,0.006012,0.02
10,agentic_full,48,high,1821.1,0,7.5,1,0.010953,0.03
10,agentic_full,49,high,1458.31,1,12.05,1,0.014507,0.03
10,agentic_full,50,high,861.2,0,12.54,1,0.012476,0.03
10,agentic_full,51,low,21726.66,0,7.18,1,0.002906,0.01
10,agentic_full,52,medium,12608.61,0,9.71,1,0.005437,0.02
10,agentic_full,53,high,1463.54,1,5.41,1,0.007126,0.03
10,agentic_full,54,low,29884.25,1,10.49,1,0.003609,0.01
10,agentic_full,55,medium,1452.58,1,10.48,1,0.005922,0.02
10,agentic_full,56,medium,10091.08,1,10.55,1,0.005811,0.02
10,agentic_full,57,medium,3252.87,1,9.56,1,0.004191,0.02
10,agentic_full,58,medium,7930.79,1,8.15,1,0.006466,0.02
10,agentic_full,59,high,862.05,0,6.01,1,0.009928,0.03
10,agentic_full,60,high,2544.78,0,9.44,1,0.010471,0.03
10,agentic_full,61,low,33427.36,1,10.53,1,0.003129,0.01
10,agentic_full,62,medium,4691.95,1,11.09,1,0.006332,0.02
10,agentic_full,63,low,16923.94,1,9.47,1,0.003708,0.01
10,agentic_full,64,low,30961.92,1,8.37,1,0.002468,0.01
10,agentic_full,65,medium,3612.98,1,6.92,1,0.005617,0.02
10,agentic_full,66,high,2900.81,1,10.27,1,0.009542,0.03
10,agentic_full,67,medium,4687.92,1,11.48,1,0.005934,0.02
10,agentic_full,68,medium,5412.34,1,9.79,1,0.005902,0.02
10,agentic_full,69,low,38167.05,1,7.87,1,0.002866,0.01
10,agentic_full,70,high,11900.42,0,9.45,1,0.007074,0.03
10,agentic_full,71,medium,24129.2,1,10.2,1,0.004643,0.02
10,agentic_full,72,medium,3613.93,1,9.6,1,0.006978,0.02
10,agentic_full,73,low,37807.55,1,11.25,1,0.003598,0.01
10,agentic_full,74,medium,5050.64,0,6.97,1,0.006805,0.02
10,agentic_full,75,low,56165.35,1,6.57,1,0.002162,0.01
10,agentic_full,76,low,27009.55,1,9.04,1,0.002957,0.01
10,agentic_full,77,low,24127.06,1,13.24,1,0.003222,0.01
10,agentic_full,78,medium,21971.65,0,10.47,1,0.005415,0.02
10,agentic_full,79,high,381.9,1,6.78,1,0.011302,0.03
10,agentic_full,80,high,1097.14,1,8.94,0,0.012719,0.03
10,agentic_full,81,medium,5412.01,1,11.24,1,0.006193,0.02
10,agentic_full,82,low,35643.57,0,9.01,1,0.001975,0.01
10,agentic_full,83,high,8662.01,1,10.19,1,0.012948,0.03
10,agentic_full,84,medium,7571.74,0,12.89,1,0.004679,0.02
10,agentic_full,85,medium,1811.87,1,8.43,1,0.002837,0.02
10,agentic_full,86,high,6138.53,0,7.0,1,0.014106,0.03
10,agentic_full,87,high,1460.4,1,9.08,1,0.01018,0.03
10,agentic_full,88,high,3619.48,0,8.31,1,0.014502,0.03
10,agentic_full,89,high,744.91,0,9.03,1,0.010155,0.03
10,agentic_full,90,high,8783.37,0,5.51,1,0.012459,0.03
10,agentic_full,91,medium,12368.91,0,5.72,1,0.006578,0.02
10,agentic_full,92,high,3978.86,0,11.57,1,0.014526,0.03
10,agentic_full,93,medium,8774.03,0,13.58,1,0.006267,0.02
10,agentic_full,94,low,47882.06,1,7.88,1,0.002743,0.01
10,agentic_full,95,low,29169.95,0,9.96,1,0.003624,0.01
10,agentic_full,96,high,1459.31,1,8.47,1,0.016448,0.03
10,agentic_full,97,medium,1815.27,1,8.57,1,0.005581,0.02
10,agentic_full,98,high,1822.96,1,9.53,1,0.01431,0.03
10,agentic_full,99,high,738.3,0,4.94,1,0.008695,0.03
10,agentic_full,100,medium,2529.6,1,6.51,1,0.007565,0.02
10,agentic_full,101,low,33846.23,1,10.84,1,0.002861,0.01
10,agentic_full,102,high,4338.59,1,9.74,1,0.011561,0.03
10,agentic_full,103,high,1821.26,0,8.78,1,0.010189,0.03
10,agentic_full,104,medium,8285.18,1,8.18,1,0.004816,0.02
10,agentic_full,105,medium,1453.06,1,9.5,1,0.006536,0.02
10,agentic_full,106,low,35226.18,1,11.8,1,0.002485,0.01
10,agentic_full,107,high,378.72,1,9.05,1,0.009479,0.03
10,agentic_full,108,medium,5409.41,1,10.73,1,0.005208,0.02
10,agentic_full,109,high,4342.81,0,8.59,1,0.009958,0.03
10,agentic_full,110,medium,15851.33,1,10.3,1,0.006321,0.02
10,agentic_full,111,low,35646.4,1,5.51,1,0.003772,0.01
10,agentic_full,112,medium,7211.19,1,9.59,1,0.006731,0.02
10,agentic_full,113,medium,9371.19,1,9.33,1,0.006312,0.02
10,agentic_full,114,low,13085.94,0,9.46,1,0.002914,0.01
10,agentic_full,115,high,3259.67,1,8.45,1,0.013063,0.03
10,agentic_full,116,low,30244.25,1,8.5,1,0.002354,0.01
10,agentic_full,117,high,382.15,1,9.84,1,0.012406,0.03
10,agentic_full,118,medium,727.44,1,7.86,1,0.005578,0.02
10,agentic_full,119,medium,13329.53,1,11.1,1,0.00574,0.02
11,agentic_full,0,low,36003.13,1,6.14,1,0.003677,0.01
11,agentic_full,1,high,379.46,0,8.67,1,0.013023,0.03
11,agentic_full,2,medium,4331.55,1,7.54,1,0.006234,0.02
11,agentic_full,3,medium,25207.99,1,8.21,0,0.004979,0.02
11,agentic_full,4,high,1822.5,0,10.03,1,0.013104,0.03
11,agentic_full,5,low,25565.6,1,7.42,1,0.004124,0.01
11,agentic_full,6,low,27722.75,1,10.09,1,0.003183,0.01
11,agentic_full,7,low,12608.18,1,10.49,1,0.003301,0.01
11,agentic_full,8,medium,10448.98,1,8.4,1,0.005329,0.02
11,agentic_full,9,high,741.32,0,10.28,1,0.010781,0.03
11,agentic_full,10,medium,11533.95,1,7.82,1,0.006632,0.02
11,agentic_full,11,medium,1809.23,1,8.06,0,0.005645,0.02
11,agentic_full,12,medium,12612.78,1,7.8,1,0.005837,0.02
11,agentic_full,13,medium,10091.81,1,7.55,1,0.004651,0.02
11,agentic_full,14,medium,15489.7,1,7.73,1,0.004969,0.02
11,agentic_full,15,high,1100.1,1,12.39,1,0.010809,0.03
11,agentic_full,16,low,16565.87,0,5.01,1,0.002988,0.01
11,agentic_full,17,high,5779.03,0,12.17,1,0.012312,0.03
11,agentic_full,18,medium,3251.37,1,8.4,1,0.005831,0.02
11,agentic_full,19,medium,17290.46,1,10.19,1,0.005178,0.02
11,agentic_full,20,high,2540.4,0,9.67,1,0.011341,0.03
11,agentic_full,21,high,1818.87,0,10.02,1,0.014818,0.03
11,agentic_full,22,low,29643.71,0,7.21,1,0.003881,0.01
11,agentic_full,23,low,36729.04,1,9.32,1,0.002705,0.01
11,agentic_full,24,high,377.32,0,11.6,1,0.007107,0.03
11,agentic_full,25,medium,9730.21,1,9.0,1,0.005659,0.02
11,agentic_full,26,medium,5054.04,0,7.7,1,0.004966,0.02
11,agentic_full,27,medium,12610.64,1,7.26,1,0.005261,0.02
11,agentic_full,28,medium,6130.77,1,12.83,1,0.006678,0.02
11,agentic_full,29,medium,3248.5,1,10.23,1,0.005633,0.02
11,agentic_full,30,low,27366.97,1,6.0,1,0.003316,0.01
11,agentic_full,31,high,3260.13,0,6.53,1,0.013153,0.03
11,agentic_full,32,high,380.13,0,9.56,1,0.012636,0.03
11,agentic_full,33,high,740.02,0,11.08,1,0.010147,0.03
11,agentic_full,34,medium,19452.22,1,8.64,1,0.006587,0.02
11,agentic_full,35,high,1218.41,0,6.62,1,0.010581,0.03
11,agentic_full,36,low,36367.3,1,10.9,1,0.003618,0.01
11,agentic_full,37,high,9741.75,1,8.08,1,0.011188,0.03
11,agentic_full,38,high,740.47,0,9.39,1,0.013502,0.03
11,agentic_full,39,high,384.23,1,9.97,1,0.010595,0.03
11,agentic_full,40,medium,369.83,1,12.66,1,0.006251,0.02
11,agentic_full,41,medium,4690.51,1,9.41,1,0.004125,0.02
11,agentic_full,42,low,35282.34,0,7.9,1,0.002157,0.01
11,agentic_full,43,low,21965.62,1,7.84,1,0.002616,0.01
11,agentic_full,44,medium,2294.76,0,6.64,1,0.005227,0.02
11,agentic_full,45,medium,732.22,0,6.43,1,0.006236,0.02
11,agentic_full,46,high,380.43,1,7.6,1,0.007634,0.03
11,agentic_full,47,high,3977.6,1,6.37,0,0.011859,0.03
11,agentic_full,48,medium,3969.48,1,6.35,1,0.006612,0.02
11,agentic_full,49,high,738.05,0,8.99,1,0.01616,0.03
11,agentic_full,50,low,24124.38,1,8.08,1,0.002686,0.01
11,agentic_full,51,medium,2530.77,1,8.64,1,0.006301,0.02
11,agentic_full,52,medium,4694.18,0,7.12,1,0.005842,0.02
11,agentic_full,53,high,740.69,0,6.03,1,0.013617,0.03
11,agentic_full,54,medium,2528.92,1,6.0,1,0.008344,0.02
11,agentic_full,55,high,2542.88,0,7.35,1,0.013099,0.03
11,agentic_full,56,low,39246.2,1,9.19,1,0.002654,0.01
11,agentic_full,57,low,41766.66,1,13.58,0,0.003203,0.01
11,agentic_full,58,medium,727.9,0,11.42,1,0.004905,0.02
11,agentic_full,59,medium,3969.27,1,11.38,0,0.006123,0.02
11,agentic_full,60,high,1101.18,1,8.7,1,0.014489,0.03
11,agentic_full,61,medium,13330.47,1,5.45,1,0.005197,0.02
11,agentic_full,62,high,1823.36,0,9.59,1,0.0158,0.03
11,agentic_full,63,low,29164.03,1,4.19,1,0.00264,0.01
11,agentic_full,64,low,30246.83,1,7.48,1,0.002596,0.01
11,agentic_full,65,medium,17649.56,0,8.91,1,0.004697,0.02
11,agentic_full,66,medium,2532.59,1,9.2,1,0.007175,0.02
11,agentic_full,67,medium,5767.22,1,7.39,1,0.005119,0.02
11,agentic_full,68,high,1821.17,0,8.73,1,0.011136,0.03
11,agentic_full,69,high,3618.37,0,10.32,1,0.012389,0.03
11,agentic_full,70,low,40687.81,0,7.56,1,0.002849,0.01
11,agentic_full,71,low,23405.98,1,8.92,1,0.003236,0.01
11,agentic_full,72,high,8297.1,0,13.44,1,0.013314,0.03
11,agentic_full,73,high,3621.69,0,8.11,1,0.016261,0.03
11,agentic_full,74,high,742.38,0,8.01,1,0.014064,0.03
11,agentic_full,75,high,1101.58,1,12.49,1,0.009644,0.03
11,agentic_full,76,high,1582.95,0,10.06,1,0.015043,0.03
11,agentic_full,77,low,42126.78,1,6.41,1,0.002987,0.01
11,agentic_full,78,high,2477.51,1,8.28,1,0.013004,0.03
11,agentic_full,79,high,744.53,1,8.3,1,0.010764,0.03
11,agentic_full,80,medium,1810.64,1,10.54,1,0.004827,0.02
11,agentic_full,81,low,29166.83,1,9.9,1,0.003842,0.01
11,agentic_full,82,high,3981.26,0,8.81,1,0.012128,0.03
11,agentic_full,83,medium,11533.56,1,8.31,1,0.006092,0.02
11,agentic_full,84,medium,3609.02,0,11.37,1,0.004379,0.02
11,agentic_full,85,medium,851.5,0,7.98,1,0.00564,0.02
11,agentic_full,86,low,32047.57,1,6.07,1,0.003548,0.01
11,agentic_full,87,low,29885.61,1,10.59,1,0.003489,0.01
11,agentic_full,88,high,1820.29,1,8.45,1,0.010338,0.03
11,agentic_full,89,low,31326.0,1,10.13,1,0.003413,0.01
11,agentic_full,90,medium,5052.77,1,8.58,1,0.005345,0.02
11,agentic_full,91,medium,21971.79,1,12.29,1,0.00497,0.02
11,agentic_full,92,high,2540.37,1,6.53,1,0.012263,0.03
11,agentic_full,93,low,38885.78,1,7.01,1,0.00333,0.01
11,agentic_full,94,medium,3969.42,1,9.69,1,0.007485,0.02
11,agentic_full,95,low,32405.01,1,12.32,1,0.002196,0.01
11,agentic_full,96,medium,16932.16,1,8.01,1,0.006425,0.02
11,agentic_full,97,low,42247.33,0,7.57,1,0.002883,0.01
11,agentic_full,98,low,25144.28,1,8.24,0,0.003316,0.01
11,agentic_full,99,medium,1449.75,0,8.92,1,0.005999,0.02
11,agentic_full,100,low,25925.15,1,10.15,1,0.002777,0.01
11,agentic_full,101,low,30608.54,1,6.9,1,0.002767,0.01
11,agentic_full,102,medium,6130.98,1,10.16,1,0.006422,0.02
11,agentic_full,103,high,6144.19,0,9.44,1,0.013642,0.03
11,agentic_full,104,medium,12252.37,1,8.18,1,0.005902,0.02
11,agentic_full,105,medium,8.35,1,10.53,1,0.007227,0.02
11,agentic_full,106,high,6500.24,1,6.6,1,0.011733,0.03
11,agentic_full,107,high,7944.27,0,7.9,1,0.012806,0.03
11,agentic_full,108,low,38882.25,0,6.22,1,0.002702,0.01
11,agentic_full,109,low,38165.3,1,11.81,1,0.002689,0.01
11,agentic_full,110,low,29887.8,1,8.11,1,0.003244,0.01
11,agentic_full,111,high,7221.95,1,8.19,1,0.013267,0.03
11,agentic_full,112,medium,12248.62,1,8.29,0,0.006134,0.02
11,agentic_full,113,medium,3971.71,1,9.34,1,0.008299,0.02
11,agentic_full,114,high,1819.08,1,12.05,1,0.0098,0.03
11,agentic_full,115,high,1820.89,1,6.8,1,0.010376,0.03
11,agentic_full,116,medium,19451.62,1,10.76,1,0.00533,0.02
11,agentic_full,117,high,2900.95,0,7.15,1,0.013423,0.03
11,agentic_full,118,low,38163.48,1,8.71,1,0.002117,0.01
11,agentic_full,119,high,2904.48,1,9.49,1,0.015582,0.03
12,agentic_full,0,medium,13333.29,0,11.39,1,0.006037,0.02
12,agentic_full,1,low,29166.81,1,6.92,0,0.002635,0.01
12,agentic_full,2,low,39606.15,1,7.28,1,0.002499,0.01
12,agentic_full,3,high,736.68,1,7.45,1,0.013564,0.03
12,agentic_full,4,low,41047.39,1,5.23,1,0.002772,0.01
12,agentic_full,5,high,4340.65,0,7.42,1,0.009768,0.03
12,agentic_full,6,low,25204.64,1,5.16,1,0.003704,0.01
12,agentic_full,7,low,75968.32,1,9.09,1,0.001762,0.01
12,agentic_full,8,high,379.53,0,8.07,1,0.008309,0.03
12,agentic_full,9,low,47888.93,1,9.5,1,0.002508,0.01
12,agentic_full,10,medium,9013.37,1,11.35,1,0.006643,0.02
12,agentic_full,11,medium,850.95,0,7.87,1,0.004525,0.02
12,agentic_full,12,high,4703.71,1,7.34,0,0.012747,0.03
12,agentic_full,13,medium,670.74,1,7.49,1,0.005429,0.02
12,agentic_full,14,low,31446.4,0,7.07,1,0.003202,0.01
12,agentic_full,15,high,7584.39,1,8.39,1,0.010515,0.03
12,agentic_full,16,high,8660.97,0,14.76,1,0.012264,0.03
12,agentic_full,17,high,1819.39,0,9.97,1,0.013953,0.03
12,agentic_full,18,medium,13333.23,1,12.13,1,0.00623,0.02
12,agentic_full,19,high,1101.36,0,7.92,0,0.009617,0.03
12,agentic_full,20,low,39969.1,1,8.48,1,0.003184,0.01
12,agentic_full,21,low,25926.16,1,6.24,1,0.002858,0.01
12,agentic_full,22,medium,10090.51,1,11.4,1,0.005238,0.02
12,agentic_full,23,low,33488.89,1,10.93,1,0.003304,0.01
12,agentic_full,24,medium,1807.96,1,8.21,1,0.005221,0.02
12,agentic_full,25,medium,16930.33,1,8.65,1,0.005796,0.02
12,agentic_full,26,high,1460.81,1,9.45,1,0.011612,0.03
12,agentic_full,27,high,2539.97,0,8.9,1,0.009413,0.03
12,agentic_full,28,medium,11291.32,0,9.82,1,0.006073,0.02
12,agentic_full,29,low,18006.83,1,6.61,1,0.003191,0.01
12,agentic_full,30,medium,1451.9,1,7.12,1,0.006633,0.02
12,agentic_full,31,high,5420.44,0,4.91,1,0.012131,0.03
12,agentic_full,32,low,19083.84,1,8.07,1,0.003688,0.01
12,agentic_full,33,medium,9732.28,1,7.95,1,0.005041,0.02
12,agentic_full,34,low,39605.81,1,8.82,1,0.002851,0.01
12,agentic_full,35,low,36009.32,1,9.01,1,0.002938,0.01
12,agentic_full,36,low,44284.77,1,8.3,0,0.002852,0.01
12,agentic_full,37,high,740.62,1,7.03,1,0.013939,0.03
12,agentic_full,38,high,4701.4,1,8.75,1,0.011658,0.03
12,agentic_full,39,high,6139.19,0,8.4,1,0.010016,0.03
12,agentic_full,40,medium,2530.69,1,7.58,1,0.007087,0.02
12,agentic_full,41,low,20884.53,1,6.29,1,0.002649,0.01
12,agentic_full,42,medium,9367.66,1,8.7,1,0.007475,0.02
12,agentic_full,43,high,380.78,0,6.62,1,0.014192,0.03
12,agentic_full,44,low,39246.45,0,8.2,1,0.002946,0.01
12,agentic_full,45,high,741.72,1,13.24,1,0.012155,0.03
12,agentic_full,46,low,51122.96,0,9.31,1,0.002568,0.01
12,agentic_full,47,medium,3608.88,1,11.66,0,0.005298,0.02
12,agentic_full,48,low,21964.19,1,8.72,1,0.00305,0.01
12,agentic_full,49,high,5423.27,0,9.13,1,0.011788,0.03
12,agentic_full,50,high,379.28,0,6.24,1,0.009405,0.03
12,agentic_full,51,high,21.15,1,10.85,1,0.012925,0.03
12,agentic_full,52,low,37445.55,1,11.6,1,0.002845,0.01
12,agentic_full,53,high,1099.22,0,4.91,1,0.010104,0.03
12,agentic_full,54,low,53285.29,1,8.24,1,0.002515,0.01
12,agentic_full,55,high,3625.25,1,6.49,1,0.013266,0.03
12,agentic_full,56,high,3261.77,1,7.65,1,0.010742,0.03
12,agentic_full,57,low,26284.92,1,9.25,1,0.00236,0.01
12,agentic_full,58,high,19.36,0,10.95,1,0.014171,0.03
12,agentic_full,59,medium,16870.73,1,7.61,1,0.006459,0.02
12,agentic_full,60,medium,3974.0,0,13.06,1,0.005665,0.02
12,agentic_full,61,low,17645.44,1,9.33,1,0.003067,0.01
12,agentic_full,62,high,741.43,1,10.31,1,0.012658,0.03
12,agentic_full,63,low,15486.56,1,8.65,0,0.003367,0.01
12,agentic_full,64,medium,4328.96,0,7.59,1,0.006964,0.02
12,agentic_full,65,medium,16933.98,0,8.29,1,0.006271,0.02
12,agentic_full,66,medium,12968.15,0,7.79,1,0.004146,0.02
12,agentic_full,67,high,2902.02,0,6.29,1,0.01361,0.03
12,agentic_full,68,medium,8650.51,1,9.55,1,0.006052,0.02
12,agentic_full,69,high,2905.81,0,6.6,1,0.011641,0.03
12,agentic_full,70,medium,10812.81,1,10.83,1,0.006516,0.02
12,agentic_full,71,medium,3612.68,1,3.54,1,0.006925,0.02
12,agentic_full,72,medium,26293.06,1,9.48,1,0.003815,0.02
12,agentic_full,73,low,24122.49,1,9.23,1,0.003639,0.01
12,agentic_full,74,low,28446.96,1,10.49,1,0.003509,0.01
12,agentic_full,75,low,32404.9,1,14.86,1,0.00337,0.01
12,agentic_full,76,high,3620.6,1,10.81,1,0.00801,0.03
12,agentic_full,77,medium,7572.15,1,7.14,1,0.005498,0.02
12,agentic_full,78,high,3623.1,0,7.57,1,0.009868,0.03
12,agentic_full,79,high,377.5,0,7.46,1,0.01276,0.03
12,agentic_full,80,medium,14409.72,1,7.08,1,0.005963,0.02
12,agentic_full,81,high,742.68,1,8.54,1,0.013692,0.03
12,agentic_full,82,high,381.4,0,6.09,1,0.011135,0.03
12,agentic_full,83,low,29165.48,1,9.51,1,0.00336,0.01
12,agentic_full,84,medium,10810.5,0,9.21,1,0.006618,0.02
12,agentic_full,85,low,23405.87,1,5.49,1,0.002935,0.01
12,agentic_full,86,medium,3250.05,1,5.52,1,0.005209,0.02
12,agentic_full,87,low,30604.7,1,6.99,1,0.003161,0.01
12,agentic_full,88,low,21605.26,1,9.46,1,0.003407,0.01
12,agentic_full,89,low,32045.27,1,8.46,1,0.003214,0.01
12,agentic_full,90,high,863.38,0,11.9,1,0.012926,0.03
12,agentic_full,91,low,32403.3,1,8.9,1,0.003048,0.01
12,agentic_full,92,low,38886.69,1,11.48,1,0.002867,0.01
12,agentic_full,93,medium,18726.86,1,10.37,0,0.005541,0.02
12,agentic_full,94,low,38888.68,1,8.66,0,0.002579,0.01
12,agentic_full,95,medium,2532.08,1,5.36,1,0.005172,0.02
12,agentic_full,96,low,25566.95,1,10.27,1,0.003778,0.01
12,agentic_full,97,medium,7209.31,1,9.41,1,0.005412,0.02
12,agentic_full,98,medium,3247.38,1,5.08,0,0.004894,0.02
12,agentic_full,99,medium,11892.15,1,10.3,1,0.00553,0.02
12,agentic_full,100,medium,14412.94,1,10.96,1,0.007112,0.02
12,agentic_full,101,high,1462.14,0,9.25,1,0.012082,0.03
12,agentic_full,102,high,2182.98,0,10.16,1,0.008153,0.03
12,agentic_full,103,low,33487.31,1,7.43,1,0.003295,0.01
12,agentic_full,104,high,1099.78,0,5.65,0,0.013365,0.03
12,agentic_full,105,low,20165.51,0,9.57,1,0.003049,0.01
12,agentic_full,106,high,1819.12,0,7.25,1,0.011499,0.03
12,agentic_full,107,high,1461.24,0,8.54,1,0.006595,0.03
12,agentic_full,108,low,26646.37,1,8.08,1,0.003075,0.01
12,agentic_full,109,medium,8652.5,0,9.07,1,0.00655,0.02
12,agentic_full,110,medium,6850.31,1,9.69,0,0.006634,0.02
12,agentic_full,111,low,32347.46,0,6.59,1,0.002855,0.01
12,agentic_full,112,medium,12612.02,1,11.43,1,0.005628,0.02
12,agentic_full,113,low,36125.99,0,9.67,1,0.00299,0.01
12,agentic_full,114,medium,1809.08,1,8.33,1,0.007008,0.02
12,agentic_full,115,medium,2892.34,1,11.07,1,0.005355,0.02
12,agentic_full,116,high,380.06,0,9.33,1,0.012382,0.03
12,agentic_full,117,medium,5051.28,1,9.02,1,0.004886,0.02
12,agentic_full,118,medium,5406.34,1,8.43,1,0.006967,0.02
12,agentic_full,119,medium,3970.53,1,5.06,1,0.006416,0.02
13,agentic_full,0,medium,10812.81,1,8.38,1,0.006599,0.02
13,agentic_full,1,high,381.92,1,8.58,0,0.009416,0.03
13,agentic_full,2,low,27005.5,1,8.46,1,0.003208,0.01
13,agentic_full,3,high,740.67,1,11.95,1,0.010012,0.03
13,agentic_full,4,medium,6489.59,1,8.14,1,0.007134,0.02
13,agentic_full,5,low,48966.79,1,8.41,0,0.002746,0.01
13,agentic_full,6,medium,1093.74,1,8.5,1,0.006161,0.02
13,agentic_full,7,medium,16571.02,1,9.69,1,0.005014,0.02
13,agentic_full,8,low,23165.79,0,5.86,1,0.003254,0.01
13,agentic_full,9,medium,3731.63,0,8.33,1,0.007718,0.02
13,agentic_full,10,low,15486.5,1,10.16,1,0.003679,0.01
13,agentic_full,11,medium,2171.14,1,9.54,1,0.008512,0.02
13,agentic_full,12,low,31328.18,1,11.21,1,0.003397,0.01
13,agentic_full,13,high,3619.34,0,8.65,1,0.010681,0.03
13,agentic_full,14,medium,8290.93,1,8.22,1,0.007345,0.02
13,agentic_full,15,low,45007.87,1,11.45,1,0.003026,0.01
13,agentic_full,16,medium,6850.81,1,5.42,1,0.00524,0.02
13,agentic_full,17,high,1821.19,1,3.43,1,0.010334,0.03
13,agentic_full,18,low,43207.19,1,7.97,1,0.003077,0.01
13,agentic_full,19,high,380.76,0,8.44,1,0.012303,0.03
13,agentic_full,20,high,1820.77,0,4.92,1,0.011496,0.03
13,agentic_full,21,low,38886.76,1,8.29,1,0.002524,0.01
13,agentic_full,22,medium,8651.14,1,11.76,1,0.004372,0.02
13,agentic_full,23,medium,1453.8,1,6.51,1,0.00515,0.02
13,agentic_full,24,medium,1451.37,1,10.9,1,0.006438,0.02
13,agentic_full,25,low,47526.29,1,7.04,1,0.002706,0.01
13,agentic_full,26,low,31325.59,1,10.44,1,0.003431,0.01
13,agentic_full,27,medium,18730.97,0,8.8,1,0.006102,0.02
13,agentic_full,28,high,7942.16,0,7.86,0,0.011091,0.03
13,agentic_full,29,high,739.16,0,8.49,1,0.015329,0.03
13,agentic_full,30,low,31686.51,1,11.93,1,0.004106,0.01
13,agentic_full,31,high,1102.64,1,10.33,1,0.012773,0.03
13,agentic_full,32,high,4344.21,1,11.4,1,0.011475,0.03
13,agentic_full,33,low,32403.09,1,10.74,1,0.002475,0.01
13,agentic_full,34,high,743.63,1,11.08,1,0.015125,0.03
13,agentic_full,35,low,40681.0,1,5.12,1,0.003368,0.01
13,agentic_full,36,medium,11167.99,1,9.22,0,0.006899,0.02
13,agentic_full,37,high,1465.41,0,13.67,1,0.017632,0.03
13,agentic_full,38,medium,1449.5,0,5.65,0,0.006188,0.02
13,agentic_full,39,medium,13331.9,1,11.64,1,0.006582,0.02
13,agentic_full,40,low,43567.68,1,7.31,1,0.002695,0.01
13,agentic_full,41,medium,9371.74,1,10.21,1,0.004287,0.02
13,agentic_full,42,high,1818.87,1,10.79,1,0.01216,0.03
13,agentic_full,43,low,30602.55,1,9.39,1,0.002744,0.01
13,agentic_full,44,medium,10571.31,0,13.63,0,0.00562,0.02
13,agentic_full,45,low,32766.27,1,6.9,1,0.003334,0.01
13,agentic_full,46,low,25205.5,1,9.91,1,0.003818,0.01
13,agentic_full,47,low,18004.05,1,5.6,1,0.00324,0.01
13,agentic_full,48,high,2180.68,0,11.54,1,0.01535,0.03
13,agentic_full,49,medium,6849.45,1,8.28,1,0.006989,0.02
13,agentic_full,50,medium,11173.3,0,8.76,1,0.00652,0.02
13,agentic_full,51,medium,2175.93,1,10.47,1,0.007435,0.02
13,agentic_full,52,medium,16567.64,1,7.4,1,0.004845,0.02
13,agentic_full,53,medium,17650.12,0,7.29,1,0.005392,0.02
13,agentic_full,54,medium,9370.69,1,9.57,1,0.007006,0.02
13,agentic_full,55,medium,13688.9,1,9.76,1,0.006837,0.02
13,agentic_full,56,medium,5409.11,1,10.33,1,0.006802,0.02
13,agentic_full,57,low,27729.04,1,12.34,1,0.003386,0.01
13,agentic_full,58,high,4701.12,0,8.74,1,0.012718,0.03
13,agentic_full,59,medium,6134.23,1,9.83,1,0.007318,0.02
13,agentic_full,60,high,8663.38,0,7.75,1,0.009707,0.03
13,agentic_full,61,low,46087.09,1,10.15,1,0.002071,0.01
13,agentic_full,62,medium,4692.01,1,7.85,1,0.007576,0.02
13,agentic_full,63,high,1819.3,1,11.41,1,0.014609,0.03
13,agentic_full,64,medium,1090.53,1,11.0,1,0.005719,0.02
13,agentic_full,65,low,28567.4,0,8.68,1,0.002945,0.01
13,agentic_full,66,medium,1570.1,0,6.18,1,0.007621,0.02
13,agentic_full,67,high,1821.56,1,9.97,1,0.012615,0.03
13,agentic_full,68,high,1820.07,0,7.34,0,0.009841,0.03
13,agentic_full,69,high,1462.74,1,10.76,1,0.011869,0.03
13,agentic_full,70,low,34925.81,1,8.53,1,0.002631,0.01
13,agentic_full,71,high,19.07,1,6.16,0,0.010428,0.03
13,agentic_full,72,high,1098.18,1,9.64,1,0.01036,0.03
13,agentic_full,73,low,36728.44,1,10.35,0,0.003428,0.01
13,agentic_full,74,medium,1809.9,1,6.92,1,0.005868,0.02
13,agentic_full,75,low,15486.56,1,10.48,0,0.002974,0.01
13,agentic_full,76,medium,1448.49,1,8.45,1,0.00634,0.02
13,agentic_full,77,high,1101.57,0,10.3,1,0.00882,0.03
13,agentic_full,78,high,7583.73,1,7.87,1,0.01315,0.03
13,agentic_full,79,high,1459.77,0,11.28,1,0.016108,0.03
13,agentic_full,80,high,3981.61,0,3.49,1,0.010588,0.03
13,agentic_full,81,medium,13693.16,1,9.2,1,0.005058,0.02
13,agentic_full,82,medium,13691.32,1,9.33,1,0.005532,0.02
13,agentic_full,83,medium,2832.64,0,12.55,1,0.006651,0.02
13,agentic_full,84,medium,2170.27,1,5.98,0,0.00518,0.02
13,agentic_full,85,low,28566.63,0,6.7,1,0.003489,0.01
13,agentic_full,86,high,3618.19,0,9.83,1,0.008849,0.03
13,agentic_full,87,medium,1811.34,1,9.93,1,0.007305,0.02
13,agentic_full,88,high,1459.97,1,11.54,1,0.012114,0.03
13,agentic_full,89,medium,10445.81,0,9.32,1,0.007184,0.02
13,agentic_full,90,low,43203.76,1,11.15,1,0.003028,0.01
13,agentic_full,91,medium,3251.4,1,8.32,0,0.006971,0.02
13,agentic_full,92,low,46086.92,1,9.2,1,0.002276,0.01
13,agentic_full,93,low,29167.43,0,6.62,1,0.002861,0.01
13,agentic_full,94,medium,3612.24,1,8.05,1,0.004966,0.02
13,agentic_full,95,low,36370.17,1,7.72,1,0.003255,0.01
13,agentic_full,96,high,1044.09,0,6.91,0,0.010561,0.03
13,agentic_full,97,high,7578.35,1,12.08,0,0.012425,0.03
13,agentic_full,98,medium,10088.49,1,11.64,1,0.006719,0.02
13,agentic_full,99,medium,8290.43,1,12.76,1,0.007057,0.02
13,agentic_full,100,high,1102.96,0,10.38,0,0.013485,0.03
13,agentic_full,101,low,23526.37,0,8.19,1,0.002591,0.01
13,agentic_full,102,low,49325.5,1,8.91,1,0.002252,0.01
13,agentic_full,103,medium,4689.98,0,9.55,1,0.006493,0.02
13,agentic_full,104,medium,19807.91,1,10.76,1,0.005263,0.02
13,agentic_full,105,low,43566.47,0,8.58,1,0.002368,0.01
13,agentic_full,106,high,1461.42,1,8.78,1,0.009595,0.03
13,agentic_full,107,low,23407.82,1,8.98,1,0.003457,0.01
13,agentic_full,108,low,35407.68,0,11.31,1,0.003284,0.01
13,agentic_full,109,low,27363.91,1,7.32,1,0.003376,0.01
13,agentic_full,110,high,6860.44,1,9.29,1,0.012167,0.03
13,agentic_full,111,low,25204.39,0,7.97,1,0.00332,0.01
13,agentic_full,112,medium,4329.61,1,6.38,1,0.006591,0.02
13,agentic_full,113,medium,3608.61,1,13.14,1,0.005792,0.02
13,agentic_full,114,low,36367.26,1,7.36,1,0.003985,0.01
13,agentic_full,115,medium,1450.86,1,8.51,1,0.006079,0.02
13,agentic_full,116,medium,3971.05,1,8.88,1,0.007083,0.02
13,agentic_full,117,low,43562.08,1,7.81,1,0.00265,0.01
13,agentic_full,118,medium,9006.26,1,11.07,1,0.00531,0.02
13,agentic_full,119,high,741.7,0,11.16,1,0.012346,0.03
14,agentic_full,0,low,18003.83,1,11.34,1,0.002937,0.01
14,agentic_full,1,low,51486.59,1,10.46,1,0.002669,0.01
14,agentic_full,2,low,19448.02,1,8.1,1,0.002401,0.01
14,agentic_full,3,low,32042.4,1,9.78,1,0.00289,0.01
14,agentic_full,4,medium,7570.64,1,8.6,1,0.00624,0.02
14,agentic_full,5,high,8661.29,0,10.92,1,0.009955,0.03
14,agentic_full,6,low,20885.71,1,10.09,1,0.002192,0.01
14,agentic_full,7,high,738.56,0,10.76,1,0.009238,0.03
14,agentic_full,8,low,13325.74,1,9.35,1,0.00384,0.01
14,agentic_full,9,medium,2526.27,1,9.59,1,0.006623,0.02
14,agentic_full,10,low,39966.65,0,13.29,1,0.002798,0.01
14,agentic_full,11,medium,15127.06,0,6.84,1,0.005392,0.02
14,agentic_full,12,medium,22332.58,0,8.77,1,0.005796,0.02
14,agentic_full,13,low,30966.39,1,8.31,0,0.003569,0.01
14,agentic_full,14,medium,2889.26,1,8.92,1,0.0067,0.02
14,agentic_full,15,low,23407.09,0,7.75,1,0.003738,0.01
14,agentic_full,16,low,13329.33,1,11.77,1,0.003373,0.01
14,agentic_full,17,medium,13689.58,1,9.17,1,0.007219,0.02
14,agentic_full,18,low,29165.3,1,11.04,0,0.00335,0.01
14,agentic_full,19,low,33126.22,1,7.51,1,0.00222,0.01
14,agentic_full,20,high,2661.99,0,8.86,1,0.009152,0.03
14,agentic_full,21,high,2901.91,0,6.42,1,0.006864,0.03
14,agentic_full,22,low,47526.57,0,9.57,1,0.002923,0.01
14,agentic_full,23,low,42130.53,1,6.49,1,0.002207,0.01
14,agentic_full,24,low,37447.54,1,11.0,0,0.00331,0.01
14,agentic_full,25,low,47166.77,1,10.24,1,0.002824,0.01
14,agentic_full,26,low,35642.43,1,9.94,1,0.002912,0.01
14,agentic_full,27,low,35648.87,1,6.78,1,0.001792,0.01
14,agentic_full,28,medium,729.96,1,10.15,1,0.00504,0.02
14,agentic_full,29,low,38887.68,1,8.46,1,0.002848,0.01
14,agentic_full,30,medium,7213.37,1,10.82,1,0.007163,0.02
14,agentic_full,31,low,35283.96,1,10.95,1,0.002212,0.01
14,agentic_full,32,high,2182.16,1,8.69,1,0.012726,0.03
14,agentic_full,33,low,38165.26,0,8.53,1,0.001845,0.01
14,agentic_full,34,medium,1094.02,1,9.89,1,0.006772,0.02
14,agentic_full,35,low,17646.3,1,10.8,1,0.003273,0.01
14,agentic_full,36,high,21.37,1,6.56,1,0.009306,0.03
14,agentic_full,37,high,3263.5,1,6.95,1,0.014066,0.03
14,agentic_full,38,high,6861.8,1,8.06,1,0.011359,0.03
14,agentic_full,39,low,28087.52,1,12.45,1,0.003029,0.01
14,agentic_full,40,medium,9733.12,0,8.87,1,0.005562,0.02
14,agentic_full,41,low,36725.02,1,11.3,1,0.002802,0.01
14,agentic_full,42,high,6137.96,1,15.69,0,0.010379,0.03
14,agentic_full,43,medium,24487.18,1,9.08,1,0.00412,0.02
14,agentic_full,44,low,36726.13,1,11.59,1,0.00277,0.01
14,agentic_full,45,high,1816.51,0,9.15,1,0.016238,0.03
14,agentic_full,46,low,27723.23,1,9.58,1,0.003489,0.01
14,agentic_full,47,high,5062.07,0,10.02,1,0.010482,0.03
14,agentic_full,48,high,1464.85,1,12.39,1,0.011018,0.03
14,agentic_full,49,high,1100.98,1,10.46,1,0.014321,0.03
14,agentic_full,50,low,35282.4,1,8.99,1,0.002699,0.01
14,agentic_full,51,high,736.01,1,11.71,1,0.01322,0.03
14,agentic_full,52,low,41765.4,1,6.71,1,0.003127,0.01
14,agentic_full,53,high,1462.58,0,9.04,1,0.008858,0.03
14,agentic_full,54,medium,6848.68,1,9.87,1,0.006362,0.02
14,agentic_full,55,high,8658.96,0,11.82,1,0.009316,0.03
14,agentic_full,56,low,28387.18,1,11.16,0,0.003062,0.01
14,agentic_full,57,low,25564.6,1,3.9,1,0.003194,0.01
14,agentic_full,58,low,17287.7,1,10.33,0,0.003944,0.01
14,agentic_full,59,low,24485.65,1,8.47,0,0.003185,0.01
14,agentic_full,60,high,3982.43,1,9.66,0,0.010754,0.03
14,agentic_full,61,medium,18729.08,1,8.47,1,0.006641,0.02
14,agentic_full,62,high,2541.88,0,10.39,1,0.011651,0.03
14,agentic_full,63,low,17284.64,0,10.85,1,0.002307,0.01
14,agentic_full,64,high,5419.97,0,10.44,1,0.011141,0.03
14,agentic_full,65,low,27006.23,1,6.92,0,0.002319,0.01
14,agentic_full,66,high,1819.94,0,12.04,1,0.010406,0.03
14,agentic_full,67,high,1460.31,1,9.38,1,0.011725,0.03
14,agentic_full,68,medium,2168.41,1,10.93,1,0.00688,0.02
14,agentic_full,69,low,40688.37,1,13.24,1,0.00316,0.01
14,agentic_full,70,low,32407.16,1,6.74,1,0.002682,0.01
14,agentic_full,71,low,21248.6,1,5.31,1,0.003529,0.01
14,agentic_full,72,high,1823.07,0,9.55,1,0.014522,0.03
14,agentic_full,73,low,37445.9,1,6.17,0,0.002722,0.01
14,agentic_full,74,low,11167.4,1,12.93,1,0.002655,0.01
14,agentic_full,75,high,741.65,0,12.78,1,0.011573,0.03
14,agentic_full,76,high,6857.54,0,8.98,1,0.014788,0.03
14,agentic_full,77,high,19.86,1,11.0,1,0.00988,0.03
14,agentic_full,78,high,740.86,0,7.67,1,0.013349,0.03
14,agentic_full,79,high,2899.97,0,9.95,1,0.013132,0.03
14,agentic_full,80,low,34928.91,0,8.38,1,0.002136,0.01
14,agentic_full,81,low,25927.1,0,9.51,1,0.002404,0.01
14,agentic_full,82,high,1100.91,1,10.08,1,0.008556,0.03
14,agentic_full,83,medium,9012.87,1,10.56,1,0.006884,0.02
14,agentic_full,84,low,20884.14,1,7.65,1,0.003221,0.01
14,agentic_full,85,high,1460.98,0,10.18,1,0.012146,0.03
14,agentic_full,86,high,383.97,0,6.44,1,0.011152,0.03
14,agentic_full,87,low,11527.49,1,7.63,1,0.002353,0.01
14,agentic_full,88,medium,12973.03,1,6.47,1,0.005697,0.02
14,agentic_full,89,low,46801.89,1,9.54,1,0.002871,0.01
14,agentic_full,90,medium,8291.53,1,9.86,1,0.006216,0.02
14,agentic_full,91,high,1101.77,1,12.63,1,0.010421,0.03
14,agentic_full,92,low,50047.26,1,6.26,1,0.002485,0.01
14,agentic_full,93,high,8297.42,0,7.91,1,0.013435,0.03
14,agentic_full,94,high,2539.02,0,9.17,0,0.011235,0.03
14,agentic_full,95,low,34927.6,1,10.05,1,0.003097,0.01
14,agentic_full,96,medium,15847.88,1,9.62,1,0.006109,0.02
14,agentic_full,97,high,381.76,0,7.1,1,0.014047,0.03
14,agentic_full,98,medium,5771.22,1,9.4,1,0.005367,0.02
14,agentic_full,99,low,7567.2,1,7.43,1,0.003373,0.01
14,agentic_full,100,medium,12973.03,1,6.74,1,0.004887,0.02
14,agentic_full,101,medium,8293.13,1,9.62,1,0.004089,0.02
14,agentic_full,102,low,18011.25,1,8.46,1,0.002937,0.01
14,agentic_full,103,low,13325.57,1,5.33,1,0.00369,0.01
14,agentic_full,104,medium,14771.85,0,9.55,1,0.006767,0.02
14,agentic_full,105,medium,10090.61,1,7.88,1,0.006897,0.02
14,agentic_full,106,high,1102.07,0,11.17,1,0.010999,0.03
14,agentic_full,107,medium,3609.21,1,10.55,1,0.006726,0.02
14,agentic_full,108,medium,20650.26,0,7.25,1,0.005016,0.02
14,agentic_full,109,low,26645.66,1,11.88,1,0.002585,0.01
14,agentic_full,110,medium,3011.17,0,10.12,1,0.00531,0.02
14,agentic_full,111,medium,4329.78,0,6.9,0,0.004901,0.02
14,agentic_full,112,low,27007.16,1,11.7,1,0.003168,0.01
14,agentic_full,113,medium,1448.52,1,8.14,0,0.007221,0.02
14,agentic_full,114,high,5421.41,1,7.52,1,0.010528,0.03
14,agentic_full,115,low,32405.74,1,10.43,1,0.002231,0.01
14,agentic_full,116,high,5062.14,1,7.01,1,0.012473,0.03
14,agentic_full,117,medium,17051.6,0,9.84,1,0.006267,0.02
14,agentic_full,118,high,3982.82,0,8.11,1,0.009946,0.03
14,agentic_full,119,high,1099.9,0,8.67,1,0.011377,0.03
15,agentic_full,0,high,5060.85,0,4.72,1,0.011876,0.03
15,agentic_full,1,medium,2533.29,1,10.8,1,0.005043,0.02
15,agentic_full,2,low,28808.33,0,12.08,1,0.003038,0.01
15,agentic_full,3,high,2181.04,0,7.61,1,0.013206,0.03
15,agentic_full,4,high,2540.27,1,13.16,1,0.011065,0.03
15,agentic_full,5,medium,8291.25,1,10.68,1,0.006361,0.02
15,agentic_full,6,high,4641.6,0,7.09,1,0.010283,0.03
15,agentic_full,7,medium,727.06,1,9.51,1,0.006409,0.02
15,agentic_full,8,medium,4690.29,1,6.5,1,0.006158,0.02
15,agentic_full,9,medium,6491.98,1,5.63,0,0.00789,0.02
15,agentic_full,10,medium,11889.52,1,6.31,1,0.007334,0.02
15,agentic_full,11,medium,10.04,1,11.76,1,0.006124,0.02
15,agentic_full,12,medium,9011.22,1,11.27,1,0.007071,0.02
15,agentic_full,13,low,30607.35,0,7.2,1,0.003421,0.01
15,agentic_full,14,low,36004.45,1,10.33,1,0.00244,0.01
15,agentic_full,15,high,744.94,1,8.88,1,0.018282,0.03
15,agentic_full,16,medium,12249.23,1,5.63,1,0.005023,0.02
15,agentic_full,17,low,22684.64,1,8.23,1,0.002634,0.01
15,agentic_full,18,low,28083.37,1,8.48,1,0.004021,0.01
15,agentic_full,19,low,25205.29,1,9.0,0,0.003665,0.01
15,agentic_full,20,high,8662.83,1,8.91,1,0.012016,0.03
15,agentic_full,21,medium,16571.79,1,10.51,1,0.005009,0.02
15,agentic_full,22,low,21246.53,1,11.05,0,0.003594,0.01
15,agentic_full,23,medium,1810.24,1,9.02,1,0.005849,0.02
15,agentic_full,24,high,9025.92,1,8.74,1,0.011974,0.03
15,agentic_full,25,high,10100.09,0,6.23,1,0.010471,0.03
15,agentic_full,26,low,21605.19,1,10.25,1,0.003476,0.01
15,agentic_full,27,low,28801.0,1,8.03,0,0.002406,0.01
15,agentic_full,28,medium,11533.09,0,9.11,1,0.004933,0.02
15,agentic_full,29,high,740.17,1,10.6,1,0.0156,0.03
15,agentic_full,30,medium,16930.23,1,9.9,1,0.003953,0.02
15,agentic_full,31,high,1821.9,0,12.26,1,0.010518,0.03
15,agentic_full,32,medium,1032.58,1,10.23,1,0.006201,0.02
15,agentic_full,33,low,6847.13,1,11.32,1,0.0027,0.01
15,agentic_full,34,medium,7566.95,0,10.88,1,0.007586,0.02
15,agentic_full,35,low,17647.57,1,9.35,1,0.003139,0.01
15,agentic_full,36,low,28449.03,1,8.02,1,0.003571,0.01
15,agentic_full,37,high,20.38,0,8.93,1,0.013882,0.03
15,agentic_full,38,low,34203.84,1,3.45,1,0.00287,0.01
15,agentic_full,39,high,1819.57,0,9.63,1,0.008602,0.03
15,agentic_full,40,low,36724.97,0,10.12,1,0.003163,0.01
15,agentic_full,41,high,3262.26,1,11.12,0,0.010535,0.03
15,agentic_full,42,low,18365.91,1,10.32,1,0.003351,0.01
15,agentic_full,43,low,20164.16,1,11.63,1,0.002741,0.01
15,agentic_full,44,high,2180.3,1,7.49,1,0.012122,0.03
15,agentic_full,45,low,57971.39,1,9.24,0,0.002199,0.01
15,agentic_full,46,low,34204.55,1,11.01,1,0.002375,0.01
15,agentic_full,47,medium,11889.2,1,4.9,1,0.006293,0.02
15,agentic_full,48,low,26647.8,1,11.11,1,0.00337,0.01
15,agentic_full,49,high,2539.84,1,9.03,1,0.010884,0.03
15,agentic_full,50,medium,5411.33,1,12.4,1,0.006198,0.02
15,agentic_full,51,medium,8289.7,1,8.84,1,0.004651,0.02
15,agentic_full,52,high,1101.81,0,9.15,1,0.013306,0.03
15,agentic_full,53,high,2542.52,1,6.64,1,0.010999,0.03
15,agentic_full,54,high,1098.97,1,11.49,1,0.011414,0.03
15,agentic_full,55,high,743.24,1,12.28,0,0.01224,0.03
15,agentic_full,56,medium,11168.95,1,4.64,1,0.005603,0.02
15,agentic_full,57,low,36007.12,1,9.56,1,0.003559,0.01
15,agentic_full,58,low,39966.19,1,10.43,1,0.003135,0.01
15,agentic_full,59,medium,14413.57,1,8.18,1,0.006598,0.02
15,agentic_full,60,high,739.49,0,6.98,1,0.01162,0.03
15,agentic_full,61,medium,12973.79,1,9.21,1,0.005097,0.02
15,agentic_full,62,high,742.36,1,9.63,1,0.010108,0.03
15,agentic_full,63,high,2180.36,0,9.87,1,0.013661,0.03
15,agentic_full,64,low,32044.29,1,7.87,1,0.004046,0.01
15,agentic_full,65,medium,15131.94,1,11.97,1,0.00588,0.02
15,agentic_full,66,low,24125.55,1,12.5,0,0.002888,0.01
15,agentic_full,67,high,4699.11,1,7.84,1,0.015127,0.03
15,agentic_full,68,medium,7212.59,1,13.64,1,0.005802,0.02
15,agentic_full,69,high,140.98,0,6.17,1,0.010427,0.03
15,agentic_full,70,medium,2526.21,1,8.61,1,0.006356,0.02
15,agentic_full,71,high,23.29,0,9.29,1,0.013901,0.03
15,agentic_full,72,medium,4328.66,1,8.96,1,0.008229,0.02
15,agentic_full,73,high,2541.95,1,9.91,1,0.012187,0.03
15,agentic_full,74,high,744.43,1,6.92,1,0.013139,0.03
15,agentic_full,75,high,379.22,1,8.16,1,0.010814,0.03
15,agentic_full,76,high,1821.49,1,8.95,1,0.012474,0.03
15,agentic_full,77,medium,3608.81,1,7.48,1,0.006439,0.02
15,agentic_full,78,medium,5769.87,1,12.52,1,0.006572,0.02
15,agentic_full,79,medium,18372.03,1,8.57,1,0.006285,0.02
15,agentic_full,80,low,22327.52,1,10.26,0,0.003672,0.01
15,agentic_full,81,high,385.0,1,9.93,1,0.011991,0.03
15,agentic_full,82,medium,10810.63,0,10.28,1,0.003725,0.02
15,agentic_full,83,high,20.29,1,10.43,1,0.011536,0.03
15,agentic_full,84,high,381.11,0,8.73,1,0.010779,0.03
15,agentic_full,85,high,4339.82,0,10.49,1,0.010437,0.03
15,agentic_full,86,low,45006.94,1,6.33,1,0.002801,0.01
15,agentic_full,87,high,739.99,0,11.07,1,0.012467,0.03
15,agentic_full,88,high,681.82,0,6.69,1,0.011655,0.03
15,agentic_full,89,low,35287.15,0,12.38,1,0.003838,0.01
15,agentic_full,90,low,3606.15,1,7.87,1,0.003598,0.01
15,agentic_full,91,high,5059.04,0,6.84,1,0.012767,0.03
15,agentic_full,92,medium,2173.21,1,7.69,1,0.008224,0.02
15,agentic_full,93,high,2180.52,0,8.52,1,0.013979,0.03
15,agentic_full,94,medium,9730.87,1,6.5,1,0.005247,0.02
15,agentic_full,95,high,1103.33,1,7.75,1,0.009376,0.03
15,agentic_full,96,high,3982.51,1,5.94,1,0.012014,0.03
15,agentic_full,97,medium,7935.62,1,7.91,1,0.006835,0.02
15,agentic_full,98,medium,9014.01,1,8.78,1,0.004949,0.02
15,agentic_full,99,high,1099.62,0,8.53,1,0.014608,0.03
15,agentic_full,100,high,4344.87,1,9.52,1,0.014249,0.03
15,agentic_full,101,low,38523.96,1,8.57,0,0.003004,0.01
15,agentic_full,102,low,18364.55,1,7.12,1,0.003167,0.01
15,agentic_full,103,medium,13328.78,1,8.88,1,0.005957,0.02
15,agentic_full,104,low,13686.88,1,8.32,1,0.003203,0.01
15,agentic_full,105,low,24490.13,1,4.97,1,0.003365,0.01
15,agentic_full,106,low,19445.72,1,3.78,1,0.003333,0.01
15,agentic_full,107,medium,1391.21,1,8.66,1,0.006264,0.02
15,agentic_full,108,medium,5051.04,1,8.5,1,0.005099,0.02
15,agentic_full,109,high,5421.14,0,9.2,1,0.01287,0.03
15,agentic_full,110,high,3980.8,0,10.17,1,0.009641,0.03
15,agentic_full,111,medium,13270.65,1,8.85,1,0.006061,0.02
15,agentic_full,112,high,1459.49,1,12.36,1,0.013172,0.03
15,agentic_full,113,medium,2527.31,1,10.4,1,0.004495,0.02
15,agentic_full,114,high,1460.56,0,8.44,1,0.011894,0.03
15,agentic_full,115,low,27368.47,1,7.48,1,0.002674,0.01
15,agentic_full,116,high,3260.51,1,9.88,1,0.014105,0.03
15,agentic_full,117,high,9381.86,0,6.35,0,0.012214,0.03
15,agentic_full,118,medium,8651.33,0,7.84,1,0.008142,0.02
15,agentic_full,119,high,2178.44,1,10.18,1,0.007025,0.03
16,agentic_full,0,low,46446.06,1,8.53,1,0.002859,0.01
16,agentic_full,1,low,32166.79,0,6.29,1,0.00306,0.01
16,agentic_full,2,medium,5769.51,0,6.67,1,0.005132,0.02
16,agentic_full,3,medium,9370.99,1,10.33,1,0.00777,0.02
16,agentic_full,4,medium,18011.13,1,8.5,1,0.005309,0.02
16,agentic_full,5,low,33128.18,1,7.81,1,0.003017,0.01
16,agentic_full,6,medium,6853.08,0,9.77,1,0.006022,0.02
16,agentic_full,7,medium,4329.92,1,10.49,1,0.005743,0.02
16,agentic_full,8,medium,1093.03,1,6.62,1,0.003942,0.02
16,agentic_full,9,low,23044.97,1,7.42,1,0.003372,0.01
16,agentic_full,10,medium,11172.05,1,7.59,1,0.004827,0.02
16,agentic_full,11,high,858.64,0,7.31,1,0.016463,0.03
16,agentic_full,12,low,32766.58,1,7.8,1,0.002424,0.01
16,agentic_full,13,high,22.13,0,8.03,1,0.011831,0.03
16,agentic_full,14,medium,7928.26,0,7.07,1,0.00515,0.02
16,agentic_full,15,medium,3614.21,1,7.53,1,0.00609,0.02
16,agentic_full,16,low,34925.7,1,9.88,1,0.003127,0.01
16,agentic_full,17,high,381.15,0,6.27,1,0.013659,0.03
16,agentic_full,18,high,379.06,0,10.77,1,0.011066,0.03
16,agentic_full,19,high,1100.5,1,11.44,1,0.013417,0.03
16,agentic_full,20,high,1101.84,1,9.29,1,0.013226,0.03
16,agentic_full,21,high,2900.91,0,11.49,1,0.011061,0.03
16,agentic_full,22,high,1105.31,0,6.69,1,0.012158,0.03
16,agentic_full,23,high,2900.71,0,7.33,1,0.014384,0.03
16,agentic_full,24,medium,5771.36,1,8.45,0,0.005504,0.02
16,agentic_full,25,high,742.98,1,10.29,1,0.008997,0.03
16,agentic_full,26,low,29525.14,1,9.11,1,0.002872,0.01
16,agentic_full,27,low,34563.8,1,7.3,1,0.003662,0.01
16,agentic_full,28,medium,14408.84,1,9.75,1,0.006901,0.02
16,agentic_full,29,low,36007.19,1,10.19,1,0.002988,0.01
16,agentic_full,30,low,29168.78,1,10.29,1,0.002889,0.01
16,agentic_full,31,high,1819.24,1,10.71,1,0.012878,0.03
16,agentic_full,32,high,742.12,1,7.71,1,0.01243,0.03
16,agentic_full,33,low,53287.5,1,9.8,1,0.002429,0.01
16,agentic_full,34,high,1824.56,0,13.04,1,0.011586,0.03
16,agentic_full,35,high,744.57,1,6.29,1,0.011615,0.03
16,agentic_full,36,high,383.12,1,8.56,1,0.010467,0.03
16,agentic_full,37,high,1822.16,1,6.34,1,0.012797,0.03
16,agentic_full,38,medium,9011.51,0,7.34,1,0.008318,0.02
16,agentic_full,39,medium,11888.76,1,7.62,0,0.005643,0.02
16,agentic_full,40,low,23769.08,1,7.9,1,0.002737,0.01
16,agentic_full,41,low,34208.67,1,7.95,1,0.002771,0.01
16,agentic_full,42,high,1459.86,0,7.96,1,0.01385,0.03
16,agentic_full,43,high,1583.33,0,10.57,1,0.012148,0.03
16,agentic_full,44,high,4704.87,1,11.29,1,0.012565,0.03
16,agentic_full,45,medium,13691.92,0,8.59,1,0.006449,0.02
16,agentic_full,46,high,502.0,0,10.24,1,0.012779,0.03
16,agentic_full,47,medium,23053.51,1,4.21,1,0.003264,0.02
16,agentic_full,48,medium,11527.42,1,8.28,1,0.006571,0.02
16,agentic_full,49,high,1818.2,0,7.76,1,0.011562,0.03
16,agentic_full,50,medium,5411.67,1,9.88,1,0.007565,0.02
16,agentic_full,51,low,7563.52,0,11.13,1,0.002536,0.01
16,agentic_full,52,high,6860.5,0,6.9,0,0.016845,0.03
16,agentic_full,53,low,48966.47,1,11.5,1,0.002354,0.01
16,agentic_full,54,medium,2168.9,1,8.94,1,0.004206,0.02
16,agentic_full,55,high,1464.41,0,12.59,1,0.011038,0.03
16,agentic_full,56,low,29885.71,1,10.4,1,0.003079,0.01
16,agentic_full,57,low,19443.26,1,7.87,0,0.003724,0.01
16,agentic_full,58,medium,8290.54,1,10.73,1,0.00496,0.02
16,agentic_full,59,low,29525.84,1,12.05,1,0.002958,0.01
16,agentic_full,60,medium,1088.96,1,7.38,1,0.005846,0.02
16,agentic_full,61,high,6503.71,0,11.07,1,0.010863,0.03
16,agentic_full,62,high,383.99,1,7.92,1,0.011822,0.03
16,agentic_full,63,low,29885.86,1,12.89,1,0.002093,0.01
16,agentic_full,64,low,29166.07,1,9.07,1,0.002555,0.01
16,agentic_full,65,low,41048.57,0,7.74,1,0.003191,0.01
16,agentic_full,66,medium,16573.47,0,8.96,1,0.006127,0.02
16,agentic_full,67,medium,12970.9,1,8.56,1,0.005944,0.02
16,agentic_full,68,low,32407.25,1,10.71,1,0.003322,0.01
16,agentic_full,69,high,22.14,0,8.59,0,0.014673,0.03
16,agentic_full,70,medium,8292.14,1,9.36,1,0.005756,0.02
16,agentic_full,71,high,3021.83,0,7.07,1,0.011629,0.03
16,agentic_full,72,medium,3013.15,0,10.61,1,0.005328,0.02
16,agentic_full,73,low,37806.9,1,6.64,1,0.00253,0.01
16,agentic_full,74,high,8659.36,1,9.04,1,0.008168,0.03
16,agentic_full,75,low,11168.29,1,10.48,1,0.003698,0.01
16,agentic_full,76,low,20167.79,1,6.2,1,0.00423,0.01
16,agentic_full,77,low,35644.31,1,8.69,1,0.002846,0.01
16,agentic_full,78,low,34204.82,1,15.55,1,0.003707,0.01
16,agentic_full,79,low,24843.27,1,12.05,1,0.00257,0.01
16,agentic_full,80,low,42846.26,1,7.48,1,0.00241,0.01
16,agentic_full,81,high,20.77,1,7.8,1,0.012641,0.03
16,agentic_full,82,high,859.06,0,9.71,1,0.012064,0.03
16,agentic_full,83,low,38165.03,1,7.42,0,0.002719,0.01
16,agentic_full,84,low,32763.86,0,4.73,1,0.002762,0.01
16,agentic_full,85,medium,1811.44,1,7.3,1,0.005807,0.02
16,agentic_full,86,medium,2171.86,1,8.74,1,0.007067,0.02
16,agentic_full,87,low,24482.07,0,10.71,1,0.003766,0.01
16,agentic_full,88,low,34206.33,1,5.38,1,0.003928,0.01
16,agentic_full,89,high,1100.77,0,11.6,1,0.015857,0.03
16,agentic_full,90,high,380.39,0,8.56,1,0.011246,0.03
16,agentic_full,91,low,30964.64,1,6.58,1,0.003388,0.01
16,agentic_full,92,low,24130.29,0,5.12,1,0.004017,0.01
16,agentic_full,93,medium,12970.01,1,9.39,1,0.006493,0.02
16,agentic_full,94,high,6140.91,1,8.77,1,0.012764,0.03
16,agentic_full,95,low,33126.97,1,9.47,0,0.00148,0.01
16,agentic_full,96,medium,4331.54,1,9.54,1,0.003899,0.02
16,agentic_full,97,low,38523.91,1,10.12,1,0.003201,0.01
16,agentic_full,98,low,31687.85,1,5.14,0,0.002748,0.01
16,agentic_full,99,low,26286.06,1,7.16,1,0.003736,0.01
16,agentic_full,100,low,21243.06,1,4.32,1,0.003428,0.01
16,agentic_full,101,high,1460.03,0,6.46,1,0.011484,0.03
16,agentic_full,102,low,29164.91,0,7.4,0,0.002242,0.01
16,agentic_full,103,low,19805.7,1,11.28,1,0.002781,0.01
16,agentic_full,104,low,46803.09,1,9.11,1,0.002296,0.01
16,agentic_full,105,low,19444.93,1,8.46,1,0.003027,0.01
16,agentic_full,106,low,34923.24,1,7.48,1,0.002914,0.01
16,agentic_full,107,low,32044.15,1,9.76,1,0.003531,0.01
16,agentic_full,108,medium,2168.79,1,9.65,1,0.005885,0.02
16,agentic_full,109,low,23042.97,1,10.91,1,0.003827,0.01
16,agentic_full,110,low,34921.4,1,11.58,1,0.003189,0.01
16,agentic_full,111,low,4685.05,1,10.62,1,0.003897,0.01
16,agentic_full,112,low,38522.5,1,10.18,1,0.00342,0.01
16,agentic_full,113,high,3617.64,1,10.01,1,0.013304,0.03
16,agentic_full,114,high,3262.41,0,8.78,1,0.011274,0.03
16,agentic_full,115,medium,728.86,1,11.0,1,0.004117,0.02
16,agentic_full,116,low,47526.67,1,10.55,1,0.002747,0.01
16,agentic_full,117,medium,370.1,1,9.54,1,0.007548,0.02
16,agentic_full,118,high,378.52,1,11.47,1,0.012281,0.03
16,agentic_full,119,low,24847.64,1,7.37,1,0.002211,0.01
17,agentic_full,0,low,19809.23,1,9.89,1,0.003505,0.01
17,agentic_full,1,high,2902.99,1,9.09,1,0.013078,0.03
17,agentic_full,2,medium,15133.25,1,8.16,0,0.007198,0.02
17,agentic_full,3,medium,5411.76,1,10.21,1,0.005141,0.02
17,agentic_full,4,low,37807.8,1,9.28,1,0.003489,0.01
17,agentic_full,5,medium,18009.22,1,7.97,1,0.004788,0.02
17,agentic_full,6,high,9379.47,1,11.7,1,0.012727,0.03
17,agentic_full,7,medium,3608.63,1,11.29,1,0.00462,0.02
17,agentic_full,8,high,1099.87,1,6.92,1,0.012471,0.03
17,agentic_full,9,medium,14772.49,1,11.02,1,0.00472,0.02
17,agentic_full,10,high,381.96,1,9.91,1,0.013501,0.03
17,agentic_full,11,high,1100.15,0,10.1,1,0.012124,0.03
17,agentic_full,12,high,1822.05,1,5.63,1,0.01392,0.03
17,agentic_full,13,high,9381.12,0,7.79,1,0.011893,0.03
17,agentic_full,14,high,1819.99,0,8.44,1,0.013505,0.03
17,agentic_full,15,medium,20531.24,1,6.75,1,0.005397,0.02
17,agentic_full,16,low,41407.85,0,4.68,1,0.00312,0.01
17,agentic_full,17,low,30608.5,1,5.43,1,0.00227,0.01
17,agentic_full,18,medium,9371.31,1,10.45,1,0.005461,0.02
17,agentic_full,19,high,379.4,1,10.91,1,0.012463,0.03
17,agentic_full,20,medium,16932.9,1,7.42,1,0.006944,0.02
17,agentic_full,21,high,9380.64,0,8.97,1,0.011664,0.03
17,agentic_full,22,high,739.95,0,6.56,1,0.013345,0.03
17,agentic_full,23,medium,14411.35,1,8.15,1,0.005857,0.02
17,agentic_full,24,medium,9009.38,1,8.64,0,0.005467,0.02
17,agentic_full,25,medium,8649.96,0,8.37,0,0.00518,0.02
17,agentic_full,26,high,3259.28,1,8.03,1,0.009861,0.03
17,agentic_full,27,low,49688.25,1,6.86,1,0.002303,0.01
17,agentic_full,28,high,5420.38,1,13.24,1,0.015693,0.03
17,agentic_full,29,low,47164.31,1,9.05,1,0.002805,0.01
17,agentic_full,30,medium,1570.96,0,8.39,1,0.006945,0.02
17,agentic_full,31,low,41043.54,1,9.02,0,0.002575,0.01
17,agentic_full,32,medium,9372.63,1,8.28,1,0.005263,0.02
17,agentic_full,33,low,34928.02,1,8.11,1,0.003184,0.01
17,agentic_full,34,medium,7211.85,0,11.17,1,0.005199,0.02
17,agentic_full,35,low,24847.14,1,7.45,1,0.003701,0.01
17,agentic_full,36,high,743.47,0,7.68,1,0.009012,0.03
17,agentic_full,37,high,1099.37,0,9.0,1,0.015345,0.03
17,agentic_full,38,medium,13333.48,1,9.77,1,0.006873,0.02
17,agentic_full,39,high,500.07,0,9.49,0,0.006557,0.03
17,agentic_full,40,medium,5770.82,1,11.04,1,0.004667,0.02
17,agentic_full,41,low,34928.16,1,9.57,1,0.002333,0.01
17,agentic_full,42,high,7940.75,1,7.04,1,0.014299,0.03
17,agentic_full,43,medium,732.58,1,8.27,1,0.006001,0.02
17,agentic_full,44,low,37447.73,1,8.34,1,0.002359,0.01
17,agentic_full,45,medium,8767.12,0,9.93,1,0.006609,0.02
17,agentic_full,46,low,29528.06,1,8.64,1,0.002938,0.01
17,agentic_full,47,medium,7932.11,1,9.49,1,0.005799,0.02
17,agentic_full,48,high,1103.93,0,8.06,0,0.014106,0.03
17,agentic_full,49,high,3022.82,0,7.89,0,0.01069,0.03
17,agentic_full,50,high,3263.47,0,7.73,0,0.009429,0.03
17,agentic_full,51,low,14407.26,1,13.12,1,0.004149,0.01
17,agentic_full,52,low,27363.52,1,10.16,1,0.001724,0.01
17,agentic_full,53,high,1464.68,0,6.92,1,0.012858,0.03
17,agentic_full,54,high,377.09,0,11.75,1,0.014933,0.03
17,agentic_full,55,low,32044.87,1,5.32,1,0.003445,0.01
17,agentic_full,56,medium,9734.63,1,7.05,0,0.004503,0.02
17,agentic_full,57,medium,19094.58,1,10.24,1,0.005751,0.02
17,agentic_full,58,medium,8653.19,1,7.94,1,0.006287,0.02
17,agentic_full,59,medium,4694.39,1,7.34,0,0.005268,0.02
17,agentic_full,60,high,9383.37,0,7.96,1,0.012154,0.03
17,agentic_full,61,low,23046.65,0,5.33,0,0.002775,0.01
17,agentic_full,62,low,33122.77,1,10.69,1,0.003512,0.01
17,agentic_full,63,medium,4691.4,1,10.92,1,0.00641,0.02
17,agentic_full,64,high,19.04,0,9.76,0,0.011351,0.03
17,agentic_full,65,high,2180.13,0,7.37,1,0.014574,0.03
17,agentic_full,66,high,1822.47,0,9.61,1,0.015815,0.03
17,agentic_full,67,high,2540.8,1,9.32,1,0.012513,0.03
17,agentic_full,68,medium,7572.93,1,6.73,1,0.004679,0.02
17,agentic_full,69,low,29165.63,1,10.38,1,0.002764,0.01
17,agentic_full,70,high,1097.47,0,8.75,1,0.008323,0.03
17,agentic_full,71,medium,6127.77,1,8.59,1,0.006399,0.02
17,agentic_full,72,high,738.8,1,9.37,1,0.011579,0.03
17,agentic_full,73,low,34324.51,0,8.87,0,0.00334,0.01
17,agentic_full,74,medium,3973.07,1,9.03,1,0.004144,0.02
17,agentic_full,75,low,15128.28,1,12.38,1,0.003898,0.01
17,agentic_full,76,medium,8649.55,0,7.89,1,0.006557,0.02
17,agentic_full,77,medium,21971.22,1,11.4,1,0.00533,0.02
17,agentic_full,78,low,20169.2,1,10.7,1,0.002828,0.01
17,agentic_full,79,high,3617.16,1,7.47,1,0.010015,0.03
17,agentic_full,80,medium,2888.49,1,13.0,1,0.005482,0.02
17,agentic_full,81,high,1222.69,0,10.0,1,0.01389,0.03
17,agentic_full,82,high,1101.14,1,9.32,1,0.012226,0.03
17,agentic_full,83,medium,2529.23,1,10.29,1,0.006176,0.02
17,agentic_full,84,low,29884.66,1,14.0,1,0.003132,0.01
17,agentic_full,85,low,28085.34,1,10.74,1,0.001936,0.01
17,agentic_full,86,medium,1090.67,1,9.69,1,0.006151,0.02
17,agentic_full,87,high,1099.36,1,7.19,1,0.010236,0.03
17,agentic_full,88,medium,3608.48,0,7.55,1,0.005399,0.02
17,agentic_full,89,low,29892.22,1,6.02,1,0.002809,0.01
17,agentic_full,90,medium,733.52,1,10.28,1,0.006447,0.02
17,agentic_full,91,medium,6851.56,1,8.86,1,0.007046,0.02
17,agentic_full,92,medium,2531.19,0,8.4,1,0.006728,0.02
17,agentic_full,93,high,1824.77,1,10.69,1,0.012809,0.03
17,agentic_full,94,high,741.36,1,7.71,1,0.012286,0.03
17,agentic_full,95,medium,3254.91,1,10.92,1,0.004888,0.02
17,agentic_full,96,medium,20531.98,1,10.11,1,0.006183,0.02
17,agentic_full,97,low,27007.66,1,9.5,1,0.003055,0.01
17,agentic_full,98,high,7695.92,0,7.12,1,0.010163,0.03
17,agentic_full,99,high,1103.73,0,10.5,1,0.010287,0.03
17,agentic_full,100,high,743.53,0,6.12,1,0.013225,0.03
17,agentic_full,101,high,1101.78,0,10.14,1,0.013306,0.03
17,agentic_full,102,low,37084.27,1,8.06,1,0.003143,0.01
17,agentic_full,103,low,24487.08,1,8.9,1,0.003204,0.01
17,agentic_full,104,medium,1211.76,0,10.2,1,0.007075,0.02
17,agentic_full,105,high,5061.31,1,10.31,1,0.01014,0.03
17,agentic_full,106,high,379.34,0,9.03,1,0.009903,0.03
17,agentic_full,107,low,45723.07,1,8.1,0,0.002763,0.01
17,agentic_full,108,low,19444.64,1,11.1,1,0.00344,0.01
17,agentic_full,109,high,382.27,0,8.55,1,0.00983,0.03
17,agentic_full,110,low,22328.36,1,10.25,1,0.003697,0.01
17,agentic_full,111,high,382.01,0,6.24,1,0.011304,0.03
17,agentic_full,112,high,22.0,0,10.55,1,0.012613,0.03
17,agentic_full,113,low,26643.79,1,5.56,1,0.003315,0.01
17,agentic_full,114,medium,17769.07,0,6.85,1,0.007097,0.02
17,agentic_full,115,medium,11169.82,1,9.11,1,0.006717,0.02
17,agentic_full,116,low,28443.98,0,13.63,0,0.002659,0.01
17,agentic_full,117,medium,20890.67,0,6.51,1,0.005865,0.02
17,agentic_full,118,high,5059.83,0,9.94,1,0.015059,0.03
17,agentic_full,119,medium,6131.5,1,9.23,1,0.005089,0.02
18,agentic_full,0,low,16206.86,1,9.61,1,0.003189,0.01
18,agentic_full,1,low,47885.74,1,9.99,1,0.002764,0.01
18,agentic_full,2,high,23.82,1,9.94,1,0.009249,0.03
18,agentic_full,3,high,2178.21,1,11.67,1,0.013298,0.03
18,agentic_full,4,medium,5774.35,1,9.99,1,0.006171,0.02
18,agentic_full,5,low,35286.06,1,7.55,1,0.002365,0.01
18,agentic_full,6,high,2183.5,1,8.68,0,0.014427,0.03
18,agentic_full,7,high,740.62,0,12.35,1,0.013792,0.03
18,agentic_full,8,low,29523.93,1,8.1,1,0.002588,0.01
18,agentic_full,9,high,1100.18,0,7.98,1,0.012322,0.03
18,agentic_full,10,medium,12608.33,0,8.98,0,0.006818,0.02
18,agentic_full,11,medium,6130.9,1,9.16,1,0.006316,0.02
18,agentic_full,12,low,19804.98,1,10.63,1,0.003226,0.01
18,agentic_full,13,low,37445.06,1,8.51,1,0.00219,0.01
18,agentic_full,14,medium,5767.57,1,7.71,1,0.006365,0.02
18,agentic_full,15,high,6861.46,0,9.88,1,0.01216,0.03
18,agentic_full,16,low,25930.4,0,7.62,1,0.00288,0.01
18,agentic_full,17,high,1460.97,0,9.54,1,0.013197,0.03
18,agentic_full,18,high,2181.73,1,8.37,1,0.010334,0.03
18,agentic_full,19,high,3619.65,0,8.07,1,0.013511,0.03
18,agentic_full,20,high,4704.91,0,5.71,0,0.015497,0.03
18,agentic_full,21,medium,8650.84,1,9.22,1,0.005854,0.02
18,agentic_full,22,high,7222.63,0,10.32,1,0.011396,0.03
18,agentic_full,23,low,21968.0,1,6.7,1,0.002768,0.01
18,agentic_full,24,medium,5771.41,1,8.28,1,0.005079,0.02
18,agentic_full,25,low,26285.91,1,9.87,1,0.003478,0.01
18,agentic_full,26,low,34566.56,1,6.25,1,0.002973,0.01
18,agentic_full,27,low,20526.23,1,5.99,1,0.002846,0.01
18,agentic_full,28,low,12604.65,0,9.54,1,0.002161,0.01
18,agentic_full,29,medium,11175.6,1,6.26,1,0.007243,0.02
18,agentic_full,30,high,1821.18,0,7.58,1,0.014392,0.03
18,agentic_full,31,low,14766.75,1,7.64,1,0.002967,0.01
18,agentic_full,32,low,35644.13,1,11.09,1,0.002885,0.01
18,agentic_full,33,low,23406.6,1,8.68,1,0.002371,0.01
18,agentic_full,34,high,2542.82,1,11.52,1,0.011723,0.03
18,agentic_full,35,low,39246.37,1,8.5,1,0.003552,0.01
18,agentic_full,36,medium,18011.13,1,12.52,1,0.006918,0.02
18,agentic_full,37,medium,22691.86,1,11.17,1,0.005593,0.02
18,agentic_full,38,medium,12611.06,1,12.13,0,0.00584,0.02
18,agentic_full,39,low,23046.89,1,10.8,1,0.003548,0.01
18,agentic_full,40,medium,15130.25,1,15.33,1,0.005368,0.02
18,agentic_full,41,medium,8648.57,1,8.68,1,0.007215,0.02
18,agentic_full,42,high,4341.55,1,10.85,1,0.013648,0.03
18,agentic_full,43,high,681.5,0,14.66,1,0.011435,0.03
18,agentic_full,44,high,1100.93,0,9.15,1,0.013429,0.03
18,agentic_full,45,high,2177.86,0,8.42,1,0.012368,0.03
18,agentic_full,46,high,2178.72,0,9.49,1,0.013174,0.03
18,agentic_full,47,high,9743.07,1,7.72,1,0.011748,0.03
18,agentic_full,48,medium,15129.57,1,11.83,1,0.005654,0.02
18,agentic_full,49,high,2905.08,1,10.7,1,0.013412,0.03
18,agentic_full,50,high,2179.59,1,8.16,1,0.01016,0.03
18,agentic_full,51,high,3982.96,1,7.89,1,0.013995,0.03
18,agentic_full,52,high,1099.45,0,10.44,0,0.014442,0.03
18,agentic_full,53,high,22.52,1,8.75,1,0.010594,0.03
18,agentic_full,54,medium,2170.65,1,8.26,1,0.006616,0.02
18,agentic_full,55,medium,6496.26,1,7.5,1,0.005613,0.02
18,agentic_full,56,medium,16570.93,1,6.1,1,0.00554,0.02
18,agentic_full,57,high,1102.32,0,8.74,1,0.010284,0.03
18,agentic_full,58,high,380.01,1,6.94,1,0.010088,0.03
18,agentic_full,59,high,1461.27,1,7.34,1,0.013798,0.03
18,agentic_full,60,low,27010.35,1,10.59,1,0.002479,0.01
18,agentic_full,61,low,25204.53,1,11.27,1,0.003275,0.01
18,agentic_full,62,low,37448.06,1,8.83,1,0.003128,0.01
18,agentic_full,63,medium,2891.38,1,13.34,1,0.006109,0.02
18,agentic_full,64,medium,7931.35,1,10.84,1,0.00524,0.02
18,agentic_full,65,medium,2654.31,0,8.13,1,0.006762,0.02
18,agentic_full,66,medium,7573.01,1,8.71,1,0.004655,0.02
18,agentic_full,67,high,5061.35,1,8.69,1,0.010454,0.03
18,agentic_full,68,high,380.4,0,8.36,1,0.009643,0.03
18,agentic_full,69,high,3620.62,0,12.2,1,0.012028,0.03
18,agentic_full,70,medium,3971.21,1,9.52,0,0.006105,0.02
18,agentic_full,71,medium,12609.21,0,8.86,1,0.007249,0.02
18,agentic_full,72,high,3622.57,0,9.08,1,0.012662,0.03
18,agentic_full,73,medium,2530.53,1,10.1,0,0.006241,0.02
18,agentic_full,74,high,1465.44,0,11.32,1,0.013232,0.03
18,agentic_full,75,medium,12610.16,1,12.59,1,0.005461,0.02
18,agentic_full,76,medium,3967.79,1,12.96,1,0.00455,0.02
18,agentic_full,77,medium,2170.79,1,9.69,1,0.007251,0.02
18,agentic_full,78,medium,17652.29,1,9.29,1,0.007227,0.02
18,agentic_full,79,medium,1210.32,0,12.49,1,0.007841,0.02
18,agentic_full,80,high,1461.83,1,8.43,1,0.013718,0.03
18,agentic_full,81,high,6498.08,1,8.77,0,0.012964,0.03
18,agentic_full,82,medium,5773.01,0,9.48,1,0.007198,0.02
18,agentic_full,83,medium,6134.09,1,10.71,1,0.006815,0.02
18,agentic_full,84,medium,1453.1,1,8.15,1,0.005627,0.02
18,agentic_full,85,medium,17652.54,1,6.4,0,0.006682,0.02
18,agentic_full,86,low,18366.94,1,6.93,0,0.00326,0.01
18,agentic_full,87,medium,9731.61,1,11.09,1,0.007684,0.02
18,agentic_full,88,medium,21192.24,1,8.14,1,0.005231,0.02
18,agentic_full,89,low,36665.92,1,5.92,1,0.002748,0.01
18,agentic_full,90,medium,10809.36,0,5.72,1,0.004979,0.02
18,agentic_full,91,low,44642.71,1,10.23,1,0.002825,0.01
18,agentic_full,92,low,28444.48,1,6.83,1,0.002908,0.01
18,agentic_full,93,low,24126.71,1,10.58,1,0.004334,0.01
18,agentic_full,94,low,41046.92,1,5.68,1,0.003207,0.01
18,agentic_full,95,medium,10453.63,1,5.85,1,0.006172,0.02
18,agentic_full,96,low,18729.28,1,8.74,1,0.002175,0.01
18,agentic_full,97,high,1822.31,0,9.6,1,0.013328,0.03
18,agentic_full,98,low,33844.33,0,8.01,0,0.001959,0.01
18,agentic_full,99,low,27729.58,1,9.91,1,0.003289,0.01
18,agentic_full,100,medium,2172.6,1,9.56,1,0.007008,0.02
18,agentic_full,101,high,5777.71,1,8.64,1,0.005946,0.03
18,agentic_full,102,medium,6849.93,1,8.33,1,0.005733,0.02
18,agentic_full,103,low,5165.22,0,6.91,1,0.003856,0.01
18,agentic_full,104,high,2182.75,1,6.47,1,0.011608,0.03
18,agentic_full,105,medium,6496.84,1,8.55,1,0.005502,0.02
18,agentic_full,106,high,740.99,1,8.95,1,0.01132,0.03
18,agentic_full,107,low,27367.59,1,7.69,1,0.002987,0.01
18,agentic_full,108,low,21966.82,1,5.92,1,0.003518,0.01
18,agentic_full,109,high,4341.95,0,8.98,1,0.013275,0.03
18,agentic_full,110,high,3259.66,1,9.49,1,0.013103,0.03
18,agentic_full,111,high,5777.3,0,14.7,1,0.011034,0.03
18,agentic_full,112,high,2544.52,0,8.42,1,0.010082,0.03
18,agentic_full,113,high,739.58,0,9.38,1,0.01167,0.03
18,agentic_full,114,high,1096.69,0,9.42,0,0.011351,0.03
18,agentic_full,115,low,28086.72,1,8.08,1,0.002339,0.01
18,agentic_full,116,medium,15132.57,1,7.55,1,0.00521,0.02
18,agentic_full,117,medium,16570.62,1,7.76,0,0.006484,0.02
18,agentic_full,118,low,37443.86,1,10.01,1,0.003118,0.01
18,agentic_full,119,low,46444.28,1,12.11,1,0.002322,0.01
19,agentic_full,0,low,32767.31,0,6.48,1,0.003423,0.01
19,agentic_full,1,high,2899.3,1,7.53,1,0.013581,0.03
19,agentic_full,2,low,27005.32,0,8.92,0,0.003339,0.01
19,agentic_full,3,low,43568.69,1,9.17,1,0.00324,0.01
19,agentic_full,4,medium,1808.74,1,6.3,1,0.007814,0.02
19,agentic_full,5,medium,12969.38,1,11.22,1,0.005302,0.02
19,agentic_full,6,high,6622.67,0,5.4,1,0.012015,0.03
19,agentic_full,7,low,20168.27,1,6.01,1,0.003455,0.01
19,agentic_full,8,low,33128.53,1,14.78,1,0.003577,0.01
19,agentic_full,9,high,741.43,0,11.82,1,0.011759,0.03
19,agentic_full,10,high,3619.64,0,8.69,1,0.015847,0.03
19,agentic_full,11,low,29886.65,1,5.37,0,0.003438,0.01
19,agentic_full,12,medium,8290.4,0,10.21,1,0.007162,0.02
19,agentic_full,13,low,39248.92,1,12.42,1,0.002933,0.01
19,agentic_full,14,medium,5408.2,1,11.59,1,0.006425,0.02
19,agentic_full,15,low,43566.22,1,7.34,1,0.002969,0.01
19,agentic_full,16,high,1039.64,1,7.82,1,0.012381,0.03
19,agentic_full,17,low,15486.33,0,11.95,1,0.004228,0.01
19,agentic_full,18,high,1099.73,1,8.04,1,0.012127,0.03
19,agentic_full,19,low,38163.61,1,9.68,1,0.002726,0.01
19,agentic_full,20,low,27726.43,1,6.84,1,0.003492,0.01
19,agentic_full,21,low,36365.88,1,6.47,1,0.003007,0.01
19,agentic_full,22,low,32766.5,1,9.41,1,0.003667,0.01
19,agentic_full,23,high,1102.88,1,6.5,1,0.011319,0.03
19,agentic_full,24,high,380.75,1,11.4,1,0.012506,0.03
19,agentic_full,25,high,6500.92,1,9.04,1,0.012361,0.03
19,agentic_full,26,low,41044.97,1,9.17,1,0.002746,0.01
19,agentic_full,27,low,34206.29,1,8.11,1,0.003113,0.01
19,agentic_full,28,medium,3252.73,1,11.55,1,0.006074,0.02
19,agentic_full,29,low,16564.39,1,10.6,1,0.002772,0.01
19,agentic_full,30,medium,21248.2,1,7.7,1,0.003835,0.02
19,agentic_full,31,high,9021.05,0,9.85,1,0.012254,0.03
19,agentic_full,32,low,27727.24,1,8.74,1,0.003331,0.01
19,agentic_full,33,medium,3609.01,1,6.37,1,0.006178,0.02
19,agentic_full,34,low,31326.47,0,9.77,1,0.003063,0.01
19,agentic_full,35,low,36006.24,1,10.85,0,0.00324,0.01
19,agentic_full,36,high,379.62,1,9.95,1,0.014253,0.03
19,agentic_full,37,medium,12612.8,1,9.3,1,0.006233,0.02
19,agentic_full,38,low,33844.82,1,6.13,1,0.003169,0.01
19,agentic_full,39,low,36361.38,1,11.18,1,0.002909,0.01
19,agentic_full,40,medium,11886.61,1,11.4,1,0.006664,0.02
19,agentic_full,41,low,28445.97,1,9.65,1,0.003925,0.01
19,agentic_full,42,high,1821.0,0,8.93,1,0.009884,0.03
19,agentic_full,43,high,383.58,0,6.45,0,0.011315,0.03
19,agentic_full,44,low,44649.83,1,10.49,0,0.002419,0.01
19,agentic_full,45,medium,9732.99,0,12.54,1,0.006105,0.02
19,agentic_full,46,medium,1447.57,1,7.29,0,0.005705,0.02
19,agentic_full,47,medium,7932.81,0,8.98,1,0.006673,0.02
19,agentic_full,48,low,24969.6,0,9.29,0,0.002946,0.01
19,agentic_full,49,low,27723.76,1,9.41,1,0.002792,0.01
19,agentic_full,50,high,1456.91,1,10.53,0,0.009618,0.03
19,agentic_full,51,medium,10091.77,1,11.31,1,0.004599,0.02
19,agentic_full,52,medium,3971.14,1,10.05,1,0.007228,0.02
19,agentic_full,53,medium,3971.68,1,7.6,1,0.007267,0.02
19,agentic_full,54,low,22324.52,1,9.92,1,0.003181,0.01
19,agentic_full,55,medium,22333.41,1,11.28,1,0.005826,0.02
19,agentic_full,56,high,2184.15,0,8.71,1,0.014875,0.03
19,agentic_full,57,medium,21610.88,1,6.6,1,0.005978,0.02
19,agentic_full,58,medium,9.95,1,7.7,1,0.006343,0.02
19,agentic_full,59,low,33788.71,1,11.35,1,0.002983,0.01
19,agentic_full,60,medium,22450.86,0,6.09,1,0.005724,0.02
19,agentic_full,61,high,379.27,1,7.85,1,0.013639,0.03
19,agentic_full,62,high,739.51,0,9.7,1,0.009968,0.03
19,agentic_full,63,medium,6127.75,0,10.07,1,0.005602,0.02
19,agentic_full,64,high,2186.86,0,8.82,1,0.010602,0.03
19,agentic_full,65,medium,4689.94,0,7.98,1,0.005952,0.02
19,agentic_full,66,medium,3548.78,1,11.68,1,0.00556,0.02
19,agentic_full,67,high,378.61,0,12.01,1,0.009455,0.03
19,agentic_full,68,low,42126.68,1,10.67,1,0.003159,0.01
19,agentic_full,69,high,4342.93,0,7.54,0,0.013136,0.03
19,agentic_full,70,medium,2888.64,1,9.48,1,0.006817,0.02
19,agentic_full,71,medium,12970.2,1,7.17,1,0.005798,0.02
19,agentic_full,72,medium,1811.37,1,8.82,1,0.005502,0.02
19,agentic_full,73,low,20164.28,1,8.97,1,0.003081,0.01
19,agentic_full,74,low,34564.65,1,9.81,1,0.003083,0.01
19,agentic_full,75,high,8302.19,1,9.83,1,0.013673,0.03
19,agentic_full,76,low,44285.43,1,7.55,1,0.002525,0.01
19,agentic_full,77,low,33488.04,1,9.68,1,0.00263,0.01
19,agentic_full,78,high,1097.51,1,10.11,1,0.008561,0.03
19,agentic_full,79,medium,8654.11,1,7.32,1,0.003386,0.02
19,agentic_full,80,medium,1808.89,1,10.53,1,0.004727,0.02
19,agentic_full,81,high,1462.82,0,11.49,1,0.010709,0.03
19,agentic_full,82,low,30245.07,1,9.17,1,0.003673,0.01
19,agentic_full,83,medium,2887.77,0,9.96,1,0.005878,0.02
19,agentic_full,84,medium,16209.24,1,8.64,1,0.005496,0.02
19,agentic_full,85,high,743.0,0,9.54,1,0.013976,0.03
19,agentic_full,86,low,34563.4,1,7.83,0,0.003248,0.01
19,agentic_full,87,medium,4329.79,1,8.88,1,0.00617,0.02
19,agentic_full,88,medium,4333.03,0,11.58,1,0.00563,0.02
19,agentic_full,89,high,6501.84,0,4.89,1,0.014565,0.03
19,agentic_full,90,high,380.96,0,8.37,1,0.009463,0.03
19,agentic_full,91,low,38528.51,1,6.42,1,0.002883,0.01
19,agentic_full,92,medium,6127.78,1,8.43,1,0.008069,0.02
19,agentic_full,93,medium,1090.53,1,11.34,1,0.006152,0.02
19,agentic_full,94,medium,17651.9,1,6.3,1,0.006522,0.02
19,agentic_full,95,low,29886.25,1,10.95,1,0.003474,0.01
19,agentic_full,96,medium,1812.42,1,8.51,1,0.006108,0.02
19,agentic_full,97,medium,5407.7,1,6.87,0,0.006613,0.02
19,agentic_full,98,medium,10090.14,1,9.43,1,0.005518,0.02
19,agentic_full,99,medium,4331.48,1,11.38,1,0.00628,0.02
19,agentic_full,100,medium,10.4,1,7.46,1,0.006157,0.02
19,agentic_full,101,low,41405.39,1,5.23,1,0.003334,0.01
19,agentic_full,102,medium,14770.39,1,7.51,1,0.005449,0.02
19,agentic_full,103,low,37802.73,1,10.66,1,0.003648,0.01
19,agentic_full,104,high,6856.02,1,10.38,1,0.010647,0.03
19,agentic_full,105,low,18007.35,1,5.64,0,0.00258,0.01
19,agentic_full,106,high,1459.74,1,11.7,1,0.01338,0.03
19,agentic_full,107,low,21243.63,1,8.55,1,0.003436,0.01
19,agentic_full,108,low,29887.27,1,10.63,1,0.003524,0.01
19,agentic_full,109,medium,4329.97,1,6.55,1,0.006826,0.02
19,agentic_full,110,medium,2171.34,1,13.45,1,0.004359,0.02
19,agentic_full,111,high,1461.16,0,7.62,1,0.010817,0.03
19,agentic_full,112,high,742.52,1,7.94,1,0.011431,0.03
19,agentic_full,113,low,24847.61,1,11.73,1,0.002856,0.01
19,agentic_full,114,low,23047.74,1,9.01,1,0.003589,0.01
19,agentic_full,115,low,17285.23,1,9.15,1,0.00325,0.01
19,agentic_full,116,low,35646.87,1,8.65,1,0.002901,0.01
19,agentic_full,117,high,2900.78,0,5.29,1,0.015634,0.03
19,agentic_full,118,high,1100.61,0,10.32,1,0.01164,0.03
19,agentic_full,119,low,29524.27,1,9.92,0,0.002752,0.01
20,agentic_full,0,low,15487.76,1,7.93,1,0.00346,0.01
20,agentic_full,1,medium,8293.57,1,7.29,1,0.005173,0.02
20,agentic_full,2,low,52204.48,1,6.99,1,0.00247,0.01
20,agentic_full,3,medium,14049.95,1,7.17,1,0.004816,0.02
20,agentic_full,4,medium,20531.31,0,9.45,1,0.0068,0.02
20,agentic_full,5,medium,9013.62,0,8.3,0,0.007382,0.02
20,agentic_full,6,low,41765.16,1,11.02,1,0.002841,0.01
20,agentic_full,7,high,1401.07,1,13.05,1,0.012487,0.03
20,agentic_full,8,low,20168.49,1,11.5,1,0.003633,0.01
20,agentic_full,9,high,2540.69,0,10.72,1,0.0143,0.03
20,agentic_full,10,low,18007.56,1,5.29,1,0.003007,0.01
20,agentic_full,11,medium,2168.4,1,10.06,1,0.006893,0.02
20,agentic_full,12,low,42484.22,1,9.53,1,0.002567,0.01
20,agentic_full,13,high,11180.75,1,7.43,1,0.009882,0.03
20,agentic_full,14,medium,15492.7,0,5.79,1,0.004204,0.02
20,agentic_full,15,low,27726.34,1,8.36,1,0.004042,0.01
20,agentic_full,16,high,6862.55,0,8.77,0,0.01328,0.03
20,agentic_full,17,medium,16930.92,1,8.28,1,0.006237,0.02
20,agentic_full,18,medium,18730.08,1,7.4,1,0.0053,0.02
20,agentic_full,19,low,20885.8,1,7.9,1,0.003292,0.01
20,agentic_full,20,high,5059.19,0,9.29,1,0.011002,0.03
20,agentic_full,21,medium,9370.91,1,7.4,1,0.006408,0.02
20,agentic_full,22,low,39966.82,1,11.86,1,0.002853,0.01
20,agentic_full,23,medium,3970.53,1,8.36,1,0.004931,0.02
20,agentic_full,24,low,39246.64,1,9.93,1,0.002639,0.01
20,agentic_full,25,low,37083.97,1,6.63,1,0.001742,0.01
20,agentic_full,26,high,1457.65,0,5.69,1,0.01188,0.03
20,agentic_full,27,medium,5531.52,0,6.46,1,0.00569,0.02
20,agentic_full,28,medium,17292.66,1,7.88,1,0.005907,0.02
20,agentic_full,29,low,44284.73,1,7.76,1,0.002282,0.01
20,agentic_full,30,high,3981.07,0,6.04,1,0.013648,0.03
20,agentic_full,31,medium,16930.19,1,8.61,1,0.00656,0.02
20,agentic_full,32,high,1104.71,0,10.48,1,0.010298,0.03
20,agentic_full,33,high,7940.65,1,9.79,1,0.014158,0.03
20,agentic_full,34,low,23405.13,0,8.69,1,0.003356,0.01
20,agentic_full,35,high,740.79,1,3.99,0,0.011696,0.03
20,agentic_full,36,medium,735.73,1,8.5,1,0.00805,0.02
20,agentic_full,37,high,3621.83,1,6.77,1,0.01731,0.03
20,agentic_full,38,medium,9373.32,1,10.41,1,0.006304,0.02
20,agentic_full,39,low,37808.97,1,11.76,1,0.003103,0.01
20,agentic_full,40,high,1461.86,0,11.45,1,0.009723,0.03
20,agentic_full,41,low,38882.77,1,12.13,1,0.003047,0.01
20,agentic_full,42,medium,9486.82,0,10.33,0,0.006345,0.02
20,agentic_full,43,high,5421.46,0,13.02,1,0.014892,0.03
20,agentic_full,44,high,6500.93,1,8.36,1,0.012607,0.03
20,agentic_full,45,medium,2172.2,1,6.93,1,0.005578,0.02
20,agentic_full,46,low,38887.4,1,7.18,0,0.003402,0.01
20,agentic_full,47,high,4700.54,0,7.42,1,0.007278,0.03
20,agentic_full,48,high,21.08,0,10.84,1,0.012209,0.03
20,agentic_full,49,low,23406.02,1,6.57,1,0.002834,0.01
20,agentic_full,50,medium,10452.03,1,11.22,1,0.006137,0.02
20,agentic_full,51,medium,8288.43,1,7.06,1,0.004574,0.02
20,agentic_full,52,high,1821.16,1,9.57,1,0.011684,0.03
20,agentic_full,53,high,379.72,1,6.54,1,0.017031,0.03
20,agentic_full,54,high,1819.44,0,7.47,1,0.012865,0.03
20,agentic_full,55,high,1938.3,0,10.33,1,0.009842,0.03
20,agentic_full,56,medium,15491.68,0,11.3,1,0.005188,0.02
20,agentic_full,57,high,741.65,0,10.3,1,0.010738,0.03
20,agentic_full,58,high,5419.21,1,10.67,1,0.012507,0.03
20,agentic_full,59,low,10088.31,1,11.0,1,0.003499,0.01
20,agentic_full,60,medium,20530.64,0,12.22,1,0.005894,0.02
20,agentic_full,61,medium,16568.19,1,9.84,1,0.005766,0.02
20,agentic_full,62,high,6860.47,0,8.62,1,0.011463,0.03
20,agentic_full,63,low,37084.93,1,12.13,1,0.0025,0.01
20,agentic_full,64,high,4344.87,0,7.79,1,0.014084,0.03
20,agentic_full,65,high,1463.93,0,8.11,1,0.013281,0.03
20,agentic_full,66,high,5060.54,0,8.12,1,0.009821,0.03
20,agentic_full,67,high,1465.88,0,8.55,1,0.015041,0.03
20,agentic_full,68,high,2903.15,1,5.66,1,0.014625,0.03
20,agentic_full,69,low,34566.42,1,6.88,1,0.002869,0.01
20,agentic_full,70,high,6864.69,0,11.22,1,0.013683,0.03
20,agentic_full,71,high,501.99,0,11.88,1,0.012068,0.03
20,agentic_full,72,high,2538.78,1,10.0,1,0.0116,0.03
20,agentic_full,73,low,38521.85,1,8.99,1,0.002737,0.01
20,agentic_full,74,medium,13328.04,1,8.42,1,0.004179,0.02
20,agentic_full,75,medium,16575.93,1,9.22,1,0.004363,0.02
20,agentic_full,76,medium,3970.72,1,8.43,1,0.00492,0.02
20,agentic_full,77,medium,3610.31,1,11.55,1,0.006246,0.02
20,agentic_full,78,low,37087.77,1,10.1,1,0.002993,0.01
20,agentic_full,79,low,29167.39,1,6.17,1,0.002629,0.01
20,agentic_full,80,high,1099.94,0,9.32,0,0.011159,0.03
20,agentic_full,81,low,46446.64,1,9.73,1,0.002414,0.01
20,agentic_full,82,high,1101.14,0,5.63,1,0.015435,0.03
20,agentic_full,83,low,36006.18,1,10.65,1,0.003238,0.01
20,agentic_full,84,high,5423.4,1,8.13,1,0.009115,0.03
20,agentic_full,85,high,7222.68,0,8.23,1,0.014391,0.03
20,agentic_full,86,medium,3969.3,1,7.62,1,0.006556,0.02
20,agentic_full,87,high,1100.73,0,6.73,1,0.011023,0.03
20,agentic_full,88,high,379.74,0,8.91,1,0.013222,0.03
20,agentic_full,89,high,3981.56,1,10.47,1,0.010776,0.03
20,agentic_full,90,high,1821.82,0,8.18,1,0.008602,0.03
20,agentic_full,91,medium,19808.15,1,7.48,1,0.006736,0.02
20,agentic_full,92,medium,20891.58,1,11.45,1,0.006015,0.02
20,agentic_full,93,low,34564.14,1,8.3,1,0.002921,0.01
20,agentic_full,94,high,1101.19,1,9.36,1,0.014626,0.03
20,agentic_full,95,medium,2892.24,0,7.29,1,0.00601,0.02
20,agentic_full,96,medium,16930.01,1,8.49,1,0.007165,0.02
20,agentic_full,97,high,1819.76,0,9.55,1,0.012024,0.03
20,agentic_full,98,medium,9368.12,1,11.32,1,0.005142,0.02
20,agentic_full,99,medium,10929.78,0,9.42,1,0.005045,0.02
20,agentic_full,100,high,2543.33,0,8.34,1,0.010432,0.03
20,agentic_full,101,medium,10448.99,1,10.25,1,0.005273,0.02
20,agentic_full,102,low,28449.78,1,9.92,1,0.002992,0.01
20,agentic_full,103,low,35288.34,1,9.45,1,0.002925,0.01
20,agentic_full,104,medium,16929.17,1,10.12,1,0.005925,0.02
20,agentic_full,105,medium,21972.62,1,9.14,1,0.005355,0.02
20,agentic_full,106,medium,7213.25,1,11.29,1,0.007015,0.02
20,agentic_full,107,high,380.2,0,7.45,1,0.015219,0.03
20,agentic_full,108,low,39603.5,1,12.35,1,0.00294,0.01
20,agentic_full,109,low,15126.44,1,6.82,1,0.003077,0.01
20,agentic_full,110,low,5044.75,1,6.72,1,0.002778,0.01
20,agentic_full,111,medium,2891.0,1,8.5,1,0.007245,0.02
20,agentic_full,112,high,1938.55,0,10.39,1,0.011831,0.03
20,agentic_full,113,medium,12250.05,1,6.87,1,0.005138,0.02
20,agentic_full,114,medium,12611.37,1,13.68,0,0.00474,0.02
20,agentic_full,115,medium,2896.29,0,8.85,1,0.005828,0.02
20,agentic_full,116,medium,3248.88,1,8.94,1,0.006555,0.02
20,agentic_full,117,low,32409.23,1,8.22,1,0.003065,0.01
20,agentic_full,118,low,24485.77,1,6.34,1,0.00321,0.01
20,agentic_full,119,high,5057.96,0,10.01,1,0.011135,0.03
21,agentic_full,0,medium,15491.08,1,10.27,1,0.006307,0.02
21,agentic_full,1,high,5420.31,0,11.03,1,0.010019,0.03
21,agentic_full,2,medium,7212.61,1,8.36,1,0.006519,0.02
21,agentic_full,3,high,1100.41,1,6.45,1,0.010722,0.03
21,agentic_full,4,medium,2531.08,0,7.04,1,0.006054,0.02
21,agentic_full,5,high,1823.02,0,7.52,1,0.013155,0.03
21,agentic_full,6,low,33125.29,1,9.47,1,0.002464,0.01
21,agentic_full,7,low,18364.09,1,9.74,0,0.003404,0.01
21,agentic_full,8,high,3623.01,0,7.44,1,0.010192,0.03
21,agentic_full,9,low,33129.77,0,10.85,1,0.002929,0.01
21,agentic_full,10,medium,3611.55,1,11.69,0,0.007105,0.02
21,agentic_full,11,low,39601.47,1,5.65,1,0.002792,0.01
21,agentic_full,12,high,10462.23,0,10.1,1,0.010783,0.03
21,agentic_full,13,medium,1806.85,0,10.24,1,0.006361,0.02
21,agentic_full,14,high,1101.2,0,7.01,1,0.01062,0.03
21,agentic_full,15,low,33484.43,1,6.92,1,0.003426,0.01
21,agentic_full,16,high,2905.69,0,6.96,0,0.012272,0.03
21,agentic_full,17,high,742.45,0,7.54,1,0.011039,0.03
21,agentic_full,18,medium,9370.07,1,9.27,1,0.005962,0.02
21,agentic_full,19,low,33122.53,1,7.37,1,0.00368,0.01
21,agentic_full,20,medium,5888.58,0,8.34,1,0.004593,0.02
21,agentic_full,21,low,14408.3,1,9.74,1,0.003468,0.01
21,agentic_full,22,medium,6129.13,1,10.36,1,0.008374,0.02
21,agentic_full,23,high,1102.59,0,8.4,1,0.010115,0.03
21,agentic_full,24,low,27364.84,1,10.59,1,0.003095,0.01
21,agentic_full,25,low,24487.65,1,8.67,1,0.003718,0.01
21,agentic_full,26,low,22324.01,1,6.04,1,0.003587,0.01
21,agentic_full,27,low,18727.08,1,10.05,1,0.003608,0.01
21,agentic_full,28,high,740.31,1,7.55,1,0.013468,0.03
21,agentic_full,29,low,31684.83,1,9.39,1,0.003485,0.01
21,agentic_full,30,medium,2534.26,1,11.84,1,0.005233,0.02
21,agentic_full,31,low,27003.01,0,8.22,1,0.00352,0.01
21,agentic_full,32,high,2179.4,1,9.47,1,0.008919,0.03
21,agentic_full,33,high,2181.93,1,7.68,0,0.01066,0.03
21,agentic_full,34,medium,5408.79,1,12.54,1,0.005418,0.02
21,agentic_full,35,medium,8652.96,0,9.52,1,0.006869,0.02
21,agentic_full,36,low,13684.68,1,5.38,1,0.003376,0.01
21,agentic_full,37,medium,1812.02,1,12.32,1,0.0064,0.02
21,agentic_full,38,medium,13693.62,1,11.63,1,0.004653,0.02
21,agentic_full,39,low,21961.72,1,7.93,1,0.002003,0.01
21,agentic_full,40,low,46442.86,0,9.75,0,0.002801,0.01
21,agentic_full,41,medium,10452.95,1,8.79,1,0.008004,0.02
21,agentic_full,42,medium,3613.32,1,6.63,1,0.005606,0.02
21,agentic_full,43,high,1100.47,0,10.87,1,0.01272,0.03
21,agentic_full,44,high,4343.44,0,9.01,1,0.011208,0.03
21,agentic_full,45,high,1820.2,0,15.54,1,0.012519,0.03
21,agentic_full,46,high,1461.13,1,8.49,1,0.015031,0.03
21,agentic_full,47,low,23049.3,1,10.77,1,0.00299,0.01
21,agentic_full,48,low,39244.36,1,6.75,1,0.001913,0.01
21,agentic_full,49,low,31683.28,1,7.84,1,0.00292,0.01
21,agentic_full,50,high,138.96,0,11.85,1,0.013075,0.03
21,agentic_full,51,high,23.53,0,8.34,1,0.011208,0.03
21,agentic_full,52,low,34563.68,1,9.44,1,0.003063,0.01
21,agentic_full,53,medium,19092.43,1,6.79,1,0.005564,0.02
21,agentic_full,54,medium,2531.68,0,6.54,1,0.005749,0.02
21,agentic_full,55,high,10101.26,0,8.0,1,0.011578,0.03
21,agentic_full,56,low,33127.21,1,4.33,1,0.003196,0.01
21,agentic_full,57,low,40325.32,1,8.18,1,0.002533,0.01
21,agentic_full,58,high,1464.23,1,7.5,0,0.012136,0.03
21,agentic_full,59,low,41767.45,1,6.6,1,0.002484,0.01
21,agentic_full,60,high,2177.52,0,7.65,1,0.012483,0.03
21,agentic_full,61,high,2182.37,0,10.01,0,0.012146,0.03
21,agentic_full,62,high,3625.24,0,12.88,1,0.011802,0.03
21,agentic_full,63,medium,3613.77,1,5.27,1,0.004834,0.02
21,agentic_full,64,low,26645.78,1,9.99,1,0.002204,0.01
21,agentic_full,65,high,738.19,1,8.79,1,0.012517,0.03
21,agentic_full,66,high,1818.75,1,11.82,1,0.012366,0.03
21,agentic_full,67,medium,16927.91,1,8.25,1,0.005571,0.02
21,agentic_full,68,low,5765.97,1,12.28,1,0.002348,0.01
21,agentic_full,69,medium,2527.92,1,11.25,1,0.006414,0.02
21,agentic_full,70,high,7219.99,1,8.42,1,0.01103,0.03
21,agentic_full,71,high,5419.58,0,11.0,1,0.013148,0.03
21,agentic_full,72,medium,3249.98,1,11.89,1,0.004841,0.02
21,agentic_full,73,high,1099.52,1,7.12,1,0.012573,0.03
21,agentic_full,74,medium,11175.22,1,11.75,1,0.006827,0.02
21,agentic_full,75,high,1459.39,0,8.63,0,0.009938,0.03
21,agentic_full,76,high,1459.38,0,14.77,1,0.01047,0.03
21,agentic_full,77,medium,1452.24,1,6.97,1,0.008263,0.02
21,agentic_full,78,high,740.04,0,12.07,0,0.011571,0.03
21,agentic_full,79,medium,2531.63,1,11.5,1,0.00752,0.02
21,agentic_full,80,high,1461.65,0,5.44,1,0.010042,0.03
21,agentic_full,81,medium,4331.05,0,8.6,1,0.006406,0.02
21,agentic_full,82,high,8661.9,0,12.63,1,0.013876,0.03
21,agentic_full,83,medium,6129.62,1,9.46,1,0.005425,0.02
21,agentic_full,84,high,741.95,1,9.94,1,0.012399,0.03
21,agentic_full,85,high,385.32,0,9.38,1,0.013975,0.03
21,agentic_full,86,medium,5409.76,0,7.07,1,0.005765,0.02
21,agentic_full,87,high,383.7,1,7.7,1,0.009415,0.03
21,agentic_full,88,low,31685.54,1,11.81,1,0.003699,0.01
21,agentic_full,89,high,379.01,1,7.74,1,0.013234,0.03
21,agentic_full,90,medium,20170.36,1,7.35,1,0.006343,0.02
21,agentic_full,91,high,1821.37,0,10.33,1,0.01219,0.03
21,agentic_full,92,low,22447.48,0,9.44,1,0.003082,0.01
21,agentic_full,93,low,12967.08,1,8.06,1,0.003437,0.01
21,agentic_full,94,medium,845.54,0,8.81,1,0.008251,0.02
21,agentic_full,95,low,23401.8,1,12.88,0,0.003191,0.01
21,agentic_full,96,high,4343.44,1,5.66,1,0.013362,0.03
21,agentic_full,97,high,2179.27,1,9.17,1,0.014242,0.03
21,agentic_full,98,low,20888.01,1,8.47,1,0.002217,0.01
21,agentic_full,99,medium,8292.48,1,9.42,1,0.005523,0.02
21,agentic_full,100,low,41766.78,1,10.58,1,0.003154,0.01
21,agentic_full,101,medium,2527.26,0,11.27,1,0.005286,0.02
21,agentic_full,102,high,740.84,1,5.6,1,0.013962,0.03
21,agentic_full,103,medium,2891.92,1,9.6,1,0.004463,0.02
21,agentic_full,104,low,23766.2,1,10.87,1,0.004142,0.01
21,agentic_full,105,medium,2891.9,1,8.88,1,0.004543,0.02
21,agentic_full,106,high,5422.14,1,7.88,1,0.012084,0.03
21,agentic_full,107,low,31324.72,1,10.05,1,0.002557,0.01
21,agentic_full,108,low,6845.22,0,11.26,1,0.002808,0.01
21,agentic_full,109,low,30244.68,1,6.99,1,0.002708,0.01
21,agentic_full,110,medium,3970.31,1,8.28,1,0.006966,0.02
21,agentic_full,111,high,6496.72,1,9.76,1,0.01355,0.03
21,agentic_full,112,low,36007.43,1,11.58,1,0.002894,0.01
21,agentic_full,113,medium,6490.93,0,10.92,1,0.006776,0.02
21,agentic_full,114,medium,3612.16,1,7.34,1,0.003444,0.02
21,agentic_full,115,low,4686.98,1,8.31,0,0.003175,0.01
21,agentic_full,116,medium,9372.15,1,13.26,0,0.006355,0.02
21,agentic_full,117,low,29523.77,1,8.22,1,0.003326,0.01
21,agentic_full,118,low,36008.37,1,9.06,1,0.002957,0.01
21,agentic_full,119,medium,3613.16,0,7.08,1,0.006169,0.02
22,agentic_full,0,high,3619.59,1,10.57,1,0.012577,0.03
22,agentic_full,1,low,31327.92,1,8.84,1,0.003494,0.01
22,agentic_full,2,high,2178.69,0,9.3,1,0.012966,0.03
22,agentic_full,3,low,32407.78,1,8.55,1,0.003222,0.01
22,agentic_full,4,medium,5413.61,1,10.24,1,0.005982,0.02
22,agentic_full,5,high,2541.47,0,8.55,1,0.007885,0.03
22,agentic_full,6,medium,18372.1,1,6.85,1,0.005782,0.02
22,agentic_full,7,high,3621.72,0,6.96,1,0.013791,0.03
22,agentic_full,8,high,1099.74,0,10.32,1,0.012018,0.03
22,agentic_full,9,medium,12250.39,0,8.84,1,0.006475,0.02
22,agentic_full,10,low,36365.51,1,8.23,1,0.002758,0.01
22,agentic_full,11,high,3978.66,0,11.07,1,0.015254,0.03
22,agentic_full,12,medium,5774.68,0,5.99,1,0.005652,0.02
22,agentic_full,13,medium,15490.23,1,11.08,1,0.005869,0.02
22,agentic_full,14,high,380.17,0,8.65,0,0.011952,0.03
22,agentic_full,15,medium,5052.54,0,7.33,1,0.005671,0.02
22,agentic_full,16,low,39964.79,1,10.38,0,0.002674,0.01
22,agentic_full,17,medium,2169.56,1,11.32,1,0.007764,0.02
22,agentic_full,18,high,1464.25,1,11.12,1,0.010753,0.03
22,agentic_full,19,low,38887.47,1,11.12,1,0.003353,0.01
22,agentic_full,20,high,380.01,0,10.18,1,0.010459,0.03
22,agentic_full,21,medium,17291.32,1,10.88,0,0.004706,0.02
22,agentic_full,22,medium,3252.73,0,9.16,1,0.006511,0.02
22,agentic_full,23,low,23765.92,1,11.57,1,0.003094,0.01
22,agentic_full,24,low,12968.15,1,8.32,0,0.004078,0.01
22,agentic_full,25,medium,11892.04,1,9.03,1,0.005231,0.02
22,agentic_full,26,medium,11171.44,1,6.85,1,0.006203,0.02
22,agentic_full,27,medium,10030.99,1,8.88,1,0.006858,0.02
22,agentic_full,28,low,40325.59,1,11.29,0,0.001891,0.01
22,agentic_full,29,medium,3973.38,0,8.76,1,0.004937,0.02
22,agentic_full,30,low,25926.97,1,9.26,1,0.004011,0.01
22,agentic_full,31,medium,5771.04,0,12.15,1,0.006537,0.02
22,agentic_full,32,low,29466.0,0,12.57,1,0.003704,0.01
22,agentic_full,33,high,3618.63,0,8.98,0,0.011261,0.03
22,agentic_full,34,medium,18730.56,1,13.11,1,0.004264,0.02
22,agentic_full,35,medium,13328.4,1,13.07,1,0.007116,0.02
22,agentic_full,36,low,23764.39,1,7.72,1,0.002871,0.01
22,agentic_full,37,medium,9008.81,1,12.28,1,0.006905,0.02
22,agentic_full,38,low,28802.54,1,7.21,1,0.003367,0.01
22,agentic_full,39,low,27366.73,0,11.15,1,0.00226,0.01
22,agentic_full,40,low,30964.7,1,8.83,1,0.00232,0.01
22,agentic_full,41,medium,11893.01,1,9.61,1,0.005373,0.02
22,agentic_full,42,medium,732.23,1,9.37,1,0.006771,0.02
22,agentic_full,43,low,29644.66,0,11.74,1,0.002563,0.01
22,agentic_full,44,medium,5050.33,1,12.68,1,0.004599,0.02
22,agentic_full,45,medium,4329.19,0,8.95,1,0.007069,0.02
22,agentic_full,46,high,5719.66,0,10.2,1,0.010183,0.03
22,agentic_full,47,high,1104.21,0,8.19,1,0.012914,0.03
22,agentic_full,48,high,741.3,1,8.33,1,0.009478,0.03
22,agentic_full,49,low,29523.98,1,8.2,1,0.002602,0.01
22,agentic_full,50,medium,2529.4,0,9.95,1,0.005154,0.02
22,agentic_full,51,high,3981.11,0,6.41,1,0.01442,0.03
22,agentic_full,52,medium,4990.17,0,9.32,1,0.008083,0.02
22,agentic_full,53,low,35647.44,1,8.34,1,0.003782,0.01
22,agentic_full,54,high,2901.58,0,9.78,1,0.005096,0.03
22,agentic_full,55,medium,14411.09,0,11.06,1,0.005055,0.02
22,agentic_full,56,medium,2648.95,0,10.06,1,0.006386,0.02
22,agentic_full,57,low,27366.08,1,8.42,1,0.003224,0.01
22,agentic_full,58,high,11540.4,0,7.08,1,0.009266,0.03
22,agentic_full,59,medium,4330.76,1,5.79,1,0.006761,0.02
22,agentic_full,60,low,33488.95,1,13.95,1,0.004108,0.01
22,agentic_full,61,high,739.35,1,7.94,0,0.012538,0.03
22,agentic_full,62,medium,12612.65,1,11.64,1,0.006882,0.02
22,agentic_full,63,medium,26949.16,0,7.47,1,0.004403,0.02
22,agentic_full,64,medium,2531.14,1,11.34,1,0.004863,0.02
22,agentic_full,65,low,27728.73,1,4.39,1,0.002643,0.01
22,agentic_full,66,medium,5769.42,1,11.81,1,0.005562,0.02
22,agentic_full,67,low,21249.11,0,10.34,1,0.003035,0.01
22,agentic_full,68,medium,7569.74,1,11.59,1,0.006583,0.02
22,agentic_full,69,low,34203.84,1,9.37,1,0.003415,0.01
22,agentic_full,70,medium,6129.84,0,7.39,1,0.007099,0.02
22,agentic_full,71,medium,6490.12,1,5.82,1,0.008697,0.02
22,agentic_full,72,high,2541.89,1,12.05,1,0.013795,0.03
22,agentic_full,73,low,5764.62,1,9.45,1,0.003374,0.01
22,agentic_full,74,high,17.5,0,6.68,1,0.012982,0.03
22,agentic_full,75,medium,19090.72,1,12.75,1,0.00543,0.02
22,agentic_full,76,low,21248.14,1,9.82,1,0.003441,0.01
22,agentic_full,77,high,1103.01,0,11.65,1,0.011185,0.03
22,agentic_full,78,medium,5046.77,1,9.76,0,0.005,0.02
22,agentic_full,79,high,1462.5,1,7.89,1,0.011971,0.03
22,agentic_full,80,medium,10090.05,1,12.45,0,0.006456,0.02
22,agentic_full,81,high,1824.32,1,8.39,0,0.010624,0.03
22,agentic_full,82,medium,17653.71,1,7.23,0,0.007122,0.02
22,agentic_full,83,medium,2892.45,1,7.92,1,0.006744,0.02
22,agentic_full,84,high,1820.23,1,10.37,1,0.010536,0.03
22,agentic_full,85,low,27367.45,1,12.11,1,0.002936,0.01
22,agentic_full,86,medium,17650.77,1,10.52,1,0.005683,0.02
22,agentic_full,87,high,2659.91,0,8.6,1,0.012897,0.03
22,agentic_full,88,high,7583.38,0,9.21,1,0.011786,0.03
22,agentic_full,89,high,1099.13,0,8.78,1,0.010998,0.03
22,agentic_full,90,high,8661.31,1,7.78,1,0.009099,0.03
22,agentic_full,91,high,1458.28,1,7.93,1,0.011453,0.03
22,agentic_full,92,high,743.33,0,7.07,1,0.013876,0.03
22,agentic_full,93,medium,15609.57,0,9.25,1,0.007311,0.02
22,agentic_full,94,medium,5771.45,1,6.86,1,0.004762,0.02
22,agentic_full,95,medium,19449.22,1,10.39,1,0.006869,0.02
22,agentic_full,96,medium,3251.19,1,7.68,1,0.005243,0.02
22,agentic_full,97,high,381.87,1,10.28,1,0.012413,0.03
22,agentic_full,98,high,4340.96,0,11.36,1,0.014143,0.03
22,agentic_full,99,high,738.83,1,9.04,1,0.013989,0.03
22,agentic_full,100,high,1101.4,0,10.63,1,0.011222,0.03
22,agentic_full,101,high,2180.26,0,11.16,1,0.01454,0.03
22,agentic_full,102,medium,1812.92,1,7.47,1,0.005881,0.02
22,agentic_full,103,high,20.67,1,11.24,0,0.010484,0.03
22,agentic_full,104,low,25865.37,1,10.37,1,0.002868,0.01
22,agentic_full,105,low,39604.65,1,8.66,1,0.002854,0.01
22,agentic_full,106,low,37026.98,1,10.04,1,0.002557,0.01
22,agentic_full,107,high,384.42,0,8.7,1,0.012318,0.03
22,agentic_full,108,high,6981.36,0,11.55,1,0.014833,0.03
22,agentic_full,109,medium,3971.26,1,10.92,1,0.006796,0.02
22,agentic_full,110,low,24122.71,1,12.09,1,0.003088,0.01
22,agentic_full,111,medium,5765.9,1,10.92,1,0.006893,0.02
22,agentic_full,112,low,35645.01,1,6.01,1,0.003134,0.01
22,agentic_full,113,medium,4691.77,0,9.41,1,0.006551,0.02
22,agentic_full,114,high,5001.22,1,11.1,1,0.014116,0.03
22,agentic_full,115,low,33484.06,1,7.33,1,0.002868,0.01
22,agentic_full,116,medium,8292.28,1,5.84,1,0.005543,0.02
22,agentic_full,117,medium,3612.85,1,7.87,1,0.00695,0.02
22,agentic_full,118,low,35644.28,1,11.12,1,0.002599,0.01
22,agentic_full,119,low,49325.07,0,6.11,1,0.002469,0.01
23,agentic_full,0,medium,12968.17,1,6.93,0,0.005911,0.02
23,agentic_full,1,medium,11533.8,1,8.29,1,0.005663,0.02
23,agentic_full,2,medium,4331.69,1,10.85,1,0.004347,0.02
23,agentic_full,3,low,35646.6,1,8.89,1,0.002923,0.01
23,agentic_full,4,medium,14413.03,0,6.14,1,0.006551,0.02
23,agentic_full,5,medium,6131.38,1,10.53,1,0.006776,0.02
23,agentic_full,6,low,13325.32,1,7.72,1,0.002163,0.01
23,agentic_full,7,low,28808.4,1,11.14,1,0.003779,0.01
23,agentic_full,8,high,7936.88,0,11.16,1,0.01461,0.03
23,agentic_full,9,high,3624.37,1,5.56,1,0.010082,0.03
23,agentic_full,10,medium,7927.67,1,8.14,1,0.007619,0.02
23,agentic_full,11,low,23763.57,1,8.39,1,0.003334,0.01
23,agentic_full,12,medium,1090.89,1,10.86,1,0.00524,0.02
23,agentic_full,13,high,2540.87,1,6.93,1,0.01167,0.03
23,agentic_full,14,low,19447.14,1,7.26,0,0.003132,0.01
23,agentic_full,15,medium,16872.17,0,10.47,1,0.006325,0.02
23,agentic_full,16,high,744.9,1,10.75,1,0.013414,0.03
23,agentic_full,17,high,740.43,0,9.48,1,0.015038,0.03
23,agentic_full,18,medium,15487.17,0,7.83,1,0.006085,0.02
23,agentic_full,19,high,7218.26,0,12.42,1,0.014172,0.03
23,agentic_full,20,low,48247.47,1,9.53,1,0.002717,0.01
23,agentic_full,21,high,7580.79,0,12.46,0,0.009776,0.03
23,agentic_full,22,low,34566.45,1,11.86,1,0.002552,0.01
23,agentic_full,23,high,4699.24,0,9.09,1,0.014605,0.03
23,agentic_full,24,high,1101.26,1,7.66,1,0.009733,0.03
23,agentic_full,25,low,43208.17,1,10.23,1,0.002671,0.01
23,agentic_full,26,medium,17648.77,1,7.62,1,0.005806,0.02
23,agentic_full,27,high,381.23,1,10.58,1,0.010355,0.03
23,agentic_full,28,medium,2169.84,1,10.26,0,0.004361,0.02
23,agentic_full,29,low,24845.97,1,13.14,1,0.00319,0.01
23,agentic_full,30,low,48605.64,1,9.67,1,0.002677,0.01
23,agentic_full,31,high,19.78,0,7.51,0,0.00964,0.03
23,agentic_full,32,high,737.87,1,7.97,1,0.012046,0.03
23,agentic_full,33,low,30246.18,1,4.47,1,0.003636,0.01
23,agentic_full,34,low,19807.22,1,9.35,1,0.002952,0.01
23,agentic_full,35,low,39248.02,1,9.46,1,0.003241,0.01
23,agentic_full,36,high,6139.42,0,12.83,1,0.017493,0.03
23,agentic_full,37,high,4703.3,1,9.05,1,0.01061,0.03
23,agentic_full,38,low,32768.2,1,10.37,1,0.002934,0.01
23,agentic_full,39,medium,12969.99,0,14.91,1,0.006458,0.02
23,agentic_full,40,medium,7211.85,1,10.11,1,0.006811,0.02
23,agentic_full,41,medium,6489.17,1,9.02,1,0.004804,0.02
23,agentic_full,42,medium,16932.0,1,9.62,0,0.005307,0.02
23,agentic_full,43,low,21721.15,0,11.47,1,0.003801,0.01
23,agentic_full,44,low,21606.5,1,9.73,1,0.003958,0.01
23,agentic_full,45,high,3263.68,1,7.83,1,0.014711,0.03
23,agentic_full,46,high,1941.45,0,9.08,1,0.01219,0.03
23,agentic_full,47,low,27726.33,1,6.75,1,0.002793,0.01
23,agentic_full,48,medium,3250.6,0,8.49,1,0.005852,0.02
23,agentic_full,49,high,2902.4,1,7.95,1,0.012591,0.03
23,agentic_full,50,medium,22332.56,1,11.49,1,0.005739,0.02
23,agentic_full,51,low,11884.36,1,10.92,1,0.003082,0.01
23,agentic_full,52,medium,3971.32,1,8.84,1,0.004372,0.02
23,agentic_full,53,low,35648.08,1,6.86,1,0.003122,0.01
23,agentic_full,54,medium,9372.26,1,7.05,1,0.003865,0.02
23,agentic_full,55,high,5421.43,1,9.07,1,0.012349,0.03
23,agentic_full,56,medium,14771.61,1,10.39,1,0.005037,0.02
23,agentic_full,57,high,8657.55,0,9.36,0,0.010309,0.03
23,agentic_full,58,medium,24129.85,1,10.4,1,0.005221,0.02
23,agentic_full,59,medium,5774.38,1,8.57,1,0.00533,0.02
23,agentic_full,60,high,5059.11,1,6.35,0,0.011995,0.03
23,agentic_full,61,medium,19811.19,1,4.0,1,0.006474,0.02
23,agentic_full,62,medium,7930.69,1,10.75,1,0.007975,0.02
23,agentic_full,63,high,5418.55,1,9.32,1,0.01071,0.03
23,agentic_full,64,low,19443.77,0,6.87,1,0.00297,0.01
23,agentic_full,65,high,741.25,1,11.71,1,0.008808,0.03
23,agentic_full,66,medium,13333.27,1,9.41,1,0.004481,0.02
23,agentic_full,67,medium,11531.91,1,7.46,1,0.005191,0.02
23,agentic_full,68,high,743.03,1,11.06,1,0.010305,0.03
23,agentic_full,69,high,1104.3,0,10.71,1,0.011477,0.03
23,agentic_full,70,high,1100.98,1,10.55,1,0.007187,0.03
23,agentic_full,71,low,22086.3,0,11.53,1,0.002757,0.01
23,agentic_full,72,medium,11530.69,1,8.14,1,0.006141,0.02
23,agentic_full,73,low,10443.12,1,10.3,1,0.001944,0.01
23,agentic_full,74,high,744.38,0,9.1,1,0.012942,0.03
23,agentic_full,75,medium,14049.15,0,4.49,1,0.005808,0.02
23,agentic_full,76,low,19807.76,1,8.14,1,0.003134,0.01
23,agentic_full,77,medium,2531.87,1,12.08,1,0.005448,0.02
23,agentic_full,78,low,36006.43,1,8.38,1,0.002801,0.01
23,agentic_full,79,medium,6128.95,1,8.95,1,0.008359,0.02
23,agentic_full,80,medium,2528.78,1,10.47,1,0.006924,0.02
23,agentic_full,81,low,27726.97,1,7.91,1,0.002768,0.01
23,agentic_full,82,high,2903.41,1,10.35,1,0.012076,0.03
23,agentic_full,83,low,18010.36,1,5.78,1,0.003246,0.01
23,agentic_full,84,high,3977.42,0,9.53,1,0.013103,0.03
23,agentic_full,85,high,4698.94,1,5.53,1,0.011836,0.03
23,agentic_full,86,high,1821.47,1,12.42,1,0.011469,0.03
23,agentic_full,87,high,8297.72,0,7.63,1,0.012737,0.03
23,agentic_full,88,low,27728.18,1,11.34,1,0.004087,0.01
23,agentic_full,89,low,43208.77,1,9.66,0,0.002612,0.01
23,agentic_full,90,medium,5410.94,1,9.3,1,0.005895,0.02
23,agentic_full,91,low,49446.88,0,11.17,1,0.002691,0.01
23,agentic_full,92,low,34929.9,1,13.91,1,0.003199,0.01
23,agentic_full,93,high,23.31,0,10.38,0,0.012175,0.03
23,agentic_full,94,low,37804.62,1,9.22,1,0.003059,0.01
23,agentic_full,95,medium,12252.77,1,10.62,1,0.004412,0.02
23,agentic_full,96,medium,16208.24,1,6.38,1,0.006648,0.02
23,agentic_full,97,low,20524.05,1,6.98,0,0.003422,0.01
23,agentic_full,98,medium,10448.92,1,8.26,1,0.006146,0.02
23,agentic_full,99,high,4462.18,0,9.9,1,0.014723,0.03
23,agentic_full,100,high,738.55,1,9.12,0,0.01271,0.03
23,agentic_full,101,low,38164.79,1,7.57,1,0.002933,0.01
23,agentic_full,102,low,40325.99,1,11.71,1,0.00356,0.01
23,agentic_full,103,medium,8652.46,1,9.25,1,0.005807,0.02
23,agentic_full,104,high,1464.07,0,10.29,1,0.008949,0.03
23,agentic_full,105,high,6138.65,0,8.94,0,0.011136,0.03
23,agentic_full,106,low,37808.33,0,10.29,1,0.00242,0.01
23,agentic_full,107,medium,19087.43,0,10.29,1,0.006327,0.02
23,agentic_full,108,medium,17051.97,0,7.1,1,0.00384,0.02
23,agentic_full,109,low,24846.13,1,7.0,1,0.003168,0.01
23,agentic_full,110,low,15122.92,1,5.83,1,0.002772,0.01
23,agentic_full,111,low,42842.85,1,8.8,1,0.002333,0.01
23,agentic_full,112,low,36367.11,1,10.77,1,0.003261,0.01
23,agentic_full,113,medium,4693.75,1,5.76,1,0.005101,0.02
23,agentic_full,114,low,29647.45,0,6.5,1,0.00341,0.01
23,agentic_full,115,high,2179.57,1,9.54,1,0.011614,0.03
23,agentic_full,116,low,30605.13,1,11.28,1,0.003706,0.01
23,agentic_full,117,high,1100.58,1,10.41,1,0.019129,0.03
23,agentic_full,118,medium,18372.51,1,8.45,1,0.006051,0.02
23,agentic_full,119,high,3615.83,0,9.68,1,0.014512,0.03
24,agentic_full,0,medium,732.97,1,7.25,1,0.004954,0.02
24,agentic_full,1,high,1821.62,0,8.75,1,0.010986,0.03
24,agentic_full,2,medium,4329.02,1,7.28,1,0.005105,0.02
24,agentic_full,3,high,5058.71,1,8.0,1,0.007208,0.03
24,agentic_full,4,medium,6490.34,1,8.73,1,0.007046,0.02
24,agentic_full,5,low,38164.75,1,7.59,1,0.003293,0.01
24,agentic_full,6,high,1818.58,1,9.08,1,0.012452,0.03
24,agentic_full,7,low,31324.67,1,12.52,1,0.003233,0.01
24,agentic_full,8,medium,4692.0,1,6.95,1,0.005292,0.02
24,agentic_full,9,medium,2891.94,1,6.26,1,0.006096,0.02
24,agentic_full,10,high,1100.82,1,11.2,1,0.010191,0.03
24,agentic_full,11,low,35283.04,1,8.44,1,0.003669,0.01
24,agentic_full,12,high,2180.46,0,9.9,1,0.012888,0.03
24,agentic_full,13,medium,11889.26,0,10.5,0,0.005565,0.02
24,agentic_full,14,medium,5051.16,1,8.68,1,0.005383,0.02
24,agentic_full,15,high,377.83,1,2.6,1,0.011913,0.03
24,agentic_full,16,high,380.13,1,5.06,0,0.012935,0.03
24,agentic_full,17,medium,9730.2,1,10.03,1,0.006094,0.02
24,agentic_full,18,medium,19084.47,1,10.18,1,0.006969,0.02
24,agentic_full,19,medium,19447.58,1,8.46,1,0.005613,0.02
24,agentic_full,20,medium,16213.79,1,8.95,1,0.005534,0.02
24,agentic_full,21,medium,6490.98,0,12.21,1,0.007044,0.02
24,agentic_full,22,low,29889.52,1,8.04,1,0.003218,0.01
24,agentic_full,23,medium,5052.47,1,7.03,1,0.007745,0.02
24,agentic_full,24,low,8644.86,1,7.43,1,0.002778,0.01
24,agentic_full,25,low,52927.94,1,10.58,1,0.00239,0.01
24,agentic_full,26,medium,10453.8,0,8.9,0,0.005613,0.02
24,agentic_full,27,medium,1093.13,0,8.4,1,0.007324,0.02
24,agentic_full,28,high,2179.73,0,8.61,1,0.013348,0.03
24,agentic_full,29,high,2183.35,0,6.89,1,0.010768,0.03
24,agentic_full,30,high,2185.25,1,10.33,1,0.014335,0.03
24,agentic_full,31,low,33485.12,1,8.89,1,0.003606,0.01
24,agentic_full,32,medium,6131.83,1,10.05,1,0.007742,0.02
24,agentic_full,33,medium,9729.83,1,6.71,1,0.00522,0.02
24,agentic_full,34,medium,11528.51,1,9.26,1,0.007501,0.02
24,agentic_full,35,medium,12973.91,1,9.05,1,0.005149,0.02
24,agentic_full,36,high,2179.9,1,7.77,1,0.013937,0.03
24,agentic_full,37,low,41047.33,1,6.51,1,0.002856,0.01
24,agentic_full,38,low,39605.01,1,10.08,1,0.002532,0.01
24,agentic_full,39,high,739.95,0,9.51,1,0.011811,0.03
24,agentic_full,40,low,34204.78,1,10.99,1,0.002831,0.01
24,agentic_full,41,high,3984.18,1,9.42,1,0.011681,0.03
24,agentic_full,42,low,36005.64,1,7.08,1,0.002987,0.01
24,agentic_full,43,medium,8651.99,1,11.52,1,0.007566,0.02
24,agentic_full,44,low,50044.78,1,6.58,1,0.002778,0.01
24,agentic_full,45,medium,10089.56,1,9.8,1,0.007526,0.02
24,agentic_full,46,high,5420.23,0,10.46,1,0.011699,0.03
24,agentic_full,47,medium,6851.02,1,7.34,1,0.006769,0.02
24,agentic_full,48,low,37453.11,1,13.83,1,0.003564,0.01
24,agentic_full,49,high,2900.73,0,7.43,1,0.011001,0.03
24,agentic_full,50,high,380.62,1,11.05,0,0.010791,0.03
24,agentic_full,51,high,2541.14,0,13.9,1,0.011432,0.03
24,agentic_full,52,high,740.61,1,11.86,1,0.011146,0.03
24,agentic_full,53,low,22328.09,1,7.93,0,0.003213,0.01
24,agentic_full,54,high,1821.01,0,7.1,1,0.009168,0.03
24,agentic_full,55,high,1819.76,0,11.88,1,0.012728,0.03
24,agentic_full,56,low,24483.53,1,8.1,1,0.003133,0.01
24,agentic_full,57,high,5422.22,0,10.52,1,0.008569,0.03
24,agentic_full,58,medium,3250.91,1,12.46,1,0.006535,0.02
24,agentic_full,59,high,1098.26,1,7.18,1,0.011642,0.03
24,agentic_full,60,high,738.1,1,12.78,1,0.016096,0.03
24,agentic_full,61,high,379.94,1,8.31,1,0.011969,0.03
24,agentic_full,62,low,11524.46,1,7.24,1,0.002914,0.01
24,agentic_full,63,high,1460.17,0,11.42,0,0.012039,0.03
24,agentic_full,64,medium,3251.47,1,9.07,1,0.00476,0.02
24,agentic_full,65,high,742.4,0,10.69,0,0.013161,0.03
24,agentic_full,66,high,1820.65,0,6.92,1,0.011274,0.03
24,agentic_full,67,high,2905.55,0,13.33,1,0.012654,0.03
24,agentic_full,68,high,858.64,0,10.06,1,0.009861,0.03
24,agentic_full,69,medium,16210.65,1,5.91,1,0.005668,0.02
24,agentic_full,70,medium,7213.92,0,7.87,1,0.006114,0.02
24,agentic_full,71,low,9728.46,1,9.71,1,0.00284,0.01
24,agentic_full,72,low,27002.65,1,9.89,1,0.002679,0.01
24,agentic_full,73,medium,9730.68,1,8.09,1,0.006913,0.02
24,agentic_full,74,medium,2530.4,1,8.98,1,0.005636,0.02
24,agentic_full,75,high,2542.2,0,9.31,1,0.010954,0.03
24,agentic_full,76,low,20888.07,1,6.54,1,0.003336,0.01
24,agentic_full,77,medium,9013.71,1,11.98,1,0.005678,0.02
24,agentic_full,78,medium,5410.57,0,7.56,0,0.006377,0.02
24,agentic_full,79,low,25925.85,1,7.77,1,0.003335,0.01
24,agentic_full,80,high,1460.31,1,9.42,1,0.012451,0.03
24,agentic_full,81,high,383.66,1,7.76,1,0.014148,0.03
24,agentic_full,82,high,385.4,0,12.17,1,0.014425,0.03
24,agentic_full,83,medium,11650.7,0,11.92,1,0.005418,0.02
24,agentic_full,84,low,23764.26,1,12.31,1,0.003675,0.01
24,agentic_full,85,high,3264.84,0,10.71,1,0.011665,0.03
24,agentic_full,86,medium,6491.71,1,11.98,1,0.006705,0.02
24,agentic_full,87,high,4700.93,1,9.23,0,0.011242,0.03
24,agentic_full,88,medium,14411.09,1,8.94,1,0.006076,0.02
24,agentic_full,89,medium,4334.76,1,9.45,1,0.005645,0.02
24,agentic_full,90,low,20163.51,1,8.43,1,0.003207,0.01
24,agentic_full,91,high,5421.79,1,10.78,1,0.013415,0.03
24,agentic_full,92,high,499.27,0,6.83,1,0.011269,0.03
24,agentic_full,93,medium,15851.12,1,11.8,1,0.006473,0.02
24,agentic_full,94,low,15845.62,0,6.17,0,0.002441,0.01
24,agentic_full,95,high,4703.53,1,7.06,1,0.013873,0.03
24,agentic_full,96,high,3262.71,0,9.51,1,0.011024,0.03
24,agentic_full,97,low,49324.78,1,7.8,1,0.001507,0.01
24,agentic_full,98,low,24125.49,1,8.74,1,0.002956,0.01
24,agentic_full,99,high,741.28,0,13.12,0,0.012876,0.03
24,agentic_full,100,low,22685.82,1,11.97,1,0.003411,0.01
24,agentic_full,101,medium,19453.79,1,9.34,1,0.005744,0.02
24,agentic_full,102,medium,12254.83,1,7.88,1,0.005407,0.02
24,agentic_full,103,high,382.27,0,8.76,1,0.013762,0.03
24,agentic_full,104,high,5781.68,0,9.18,1,0.014449,0.03
24,agentic_full,105,medium,11167.87,1,7.79,1,0.005979,0.02
24,agentic_full,106,medium,23047.52,1,9.46,1,0.005501,0.02
24,agentic_full,107,medium,734.09,1,8.66,1,0.007037,0.02
24,agentic_full,108,medium,9732.14,1,7.59,1,0.00445,0.02
24,agentic_full,109,medium,15493.04,0,7.92,1,0.00636,0.02
24,agentic_full,110,low,14764.63,1,10.33,0,0.002927,0.01
24,agentic_full,111,low,37806.43,1,9.93,1,0.002857,0.01
24,agentic_full,112,high,1101.94,1,7.89,1,0.012516,0.03
24,agentic_full,113,low,27007.59,1,6.21,1,0.002348,0.01
24,agentic_full,114,high,1458.55,0,5.96,1,0.010876,0.03
24,agentic_full,115,medium,4333.72,1,9.41,1,0.005855,0.02
24,agentic_full,116,low,24486.68,1,11.25,1,0.00377,0.01
24,agentic_full,117,medium,6250.22,0,10.73,1,0.005678,0.02
24,agentic_full,118,medium,15131.24,1,7.27,1,0.00425,0.02
24,agentic_full,119,low,37447.31,1,8.89,1,0.003446,0.01
25,agentic_full,0,high,2843.56,0,9.03,1,0.007476,0.03
25,agentic_full,1,medium,10093.45,1,10.63,1,0.005114,0.02
25,agentic_full,2,low,30606.29,1,11.42,1,0.002727,0.01
25,agentic_full,3,medium,1092.27,0,6.57,1,0.005118,0.02
25,agentic_full,4,medium,3969.01,1,12.13,1,0.002508,0.02
25,agentic_full,5,high,1463.67,1,6.48,1,0.009608,0.03
25,agentic_full,6,medium,3251.37,1,7.07,1,0.005504,0.02
25,agentic_full,7,medium,8650.43,1,10.18,1,0.005055,0.02
25,agentic_full,8,medium,6852.29,1,9.52,1,0.005047,0.02
25,agentic_full,9,low,25923.2,1,6.25,1,0.002644,0.01
25,agentic_full,10,medium,1091.92,1,9.13,1,0.004939,0.02
25,agentic_full,11,medium,17292.21,0,5.88,1,0.006307,0.02
25,agentic_full,12,low,24843.49,1,12.24,1,0.003014,0.01
25,agentic_full,13,medium,6849.87,1,10.93,0,0.007048,0.02
25,agentic_full,14,high,4698.02,1,9.38,1,0.010058,0.03
25,agentic_full,15,low,25926.06,1,10.25,1,0.003281,0.01
25,agentic_full,16,medium,13692.1,1,5.75,1,0.004697,0.02
25,agentic_full,17,low,44287.64,1,10.29,1,0.002033,0.01
25,agentic_full,18,medium,25210.44,1,12.24,1,0.004724,0.02
25,agentic_full,19,medium,18732.12,0,8.39,1,0.006444,0.02
25,agentic_full,20,low,19446.28,1,8.16,1,0.003973,0.01
25,agentic_full,21,low,22689.44,1,16.35,1,0.003245,0.01
25,agentic_full,22,low,21246.2,1,11.01,1,0.00266,0.01
25,agentic_full,23,high,739.93,0,8.85,0,0.015742,0.03
25,agentic_full,24,high,2541.64,0,8.52,1,0.012016,0.03
25,agentic_full,25,medium,10809.75,0,10.92,1,0.004404,0.02
25,agentic_full,26,low,9727.71,1,8.31,1,0.004109,0.01
25,agentic_full,27,high,1101.22,0,5.71,1,0.011241,0.03
25,agentic_full,28,medium,13695.32,1,8.28,1,0.004381,0.02
25,agentic_full,29,low,38527.79,1,7.72,1,0.002505,0.01
25,agentic_full,30,high,143.34,0,9.78,1,0.011938,0.03
25,agentic_full,31,medium,6488.58,1,5.6,1,0.0069,0.02
25,agentic_full,32,high,6856.58,0,9.18,1,0.011127,0.03
25,agentic_full,33,high,742.67,0,9.53,0,0.014362,0.03
25,agentic_full,34,high,1100.24,0,8.59,1,0.012065,0.03
25,agentic_full,35,high,19.13,0,13.16,1,0.012476,0.03
25,agentic_full,36,medium,10810.5,1,8.4,1,0.005372,0.02
25,agentic_full,37,high,2180.08,0,8.05,1,0.013408,0.03
25,agentic_full,38,high,381.57,0,10.48,1,0.010834,0.03
25,agentic_full,39,high,382.82,1,9.18,1,0.014576,0.03
25,agentic_full,40,low,16205.61,1,7.54,1,0.003424,0.01
25,agentic_full,41,medium,3613.9,0,9.68,1,0.005711,0.02
25,agentic_full,42,high,1099.6,1,6.83,1,0.010757,0.03
25,agentic_full,43,medium,20891.42,1,10.04,1,0.006128,0.02
25,agentic_full,44,medium,732.59,1,7.88,1,0.006342,0.02
25,agentic_full,45,high,378.95,1,7.19,1,0.012021,0.03
25,agentic_full,46,medium,9011.12,1,8.34,1,0.007737,0.02
25,agentic_full,47,low,10804.93,1,13.25,1,0.00325,0.01
25,agentic_full,48,medium,7932.12,1,10.04,1,0.006574,0.02
25,agentic_full,49,medium,8053.3,0,6.29,1,0.006063,0.02
25,agentic_full,50,high,144.43,0,12.05,1,0.012648,0.03
25,agentic_full,51,low,19083.36,1,12.5,1,0.002887,0.01
25,agentic_full,52,high,5780.65,1,7.93,1,0.010016,0.03
25,agentic_full,53,high,2902.35,1,10.71,1,0.014875,0.03
25,agentic_full,54,medium,5052.69,1,6.15,1,0.006179,0.02
25,agentic_full,55,low,37444.21,1,10.27,1,0.003665,0.01
25,agentic_full,56,high,9739.65,1,9.96,1,0.012559,0.03
25,agentic_full,57,low,25206.39,1,9.51,1,0.003389,0.01
25,agentic_full,58,medium,6849.0,1,12.32,1,0.007557,0.02
25,agentic_full,59,low,32404.67,1,8.66,1,0.003588,0.01
25,agentic_full,60,medium,6129.6,1,8.07,1,0.006078,0.02
25,agentic_full,61,low,45487.36,0,8.45,1,0.002096,0.01
25,agentic_full,62,medium,15492.99,1,7.43,1,0.005933,0.02
25,agentic_full,63,low,28091.34,1,9.0,1,0.002548,0.01
25,agentic_full,64,medium,9007.68,1,11.92,1,0.006227,0.02
25,agentic_full,65,low,31327.26,1,9.46,1,0.002782,0.01
25,agentic_full,66,high,383.91,0,10.53,1,0.015515,0.03
25,agentic_full,67,low,29528.46,1,8.48,1,0.003119,0.01
25,agentic_full,68,medium,6967.73,0,9.08,1,0.007367,0.02
25,agentic_full,69,medium,6128.03,1,8.33,1,0.005256,0.02
25,agentic_full,70,high,380.28,0,11.66,1,0.007722,0.03
25,agentic_full,71,low,27728.81,1,8.37,1,0.002839,0.01
25,agentic_full,72,low,29525.7,1,5.63,1,0.003065,0.01
25,agentic_full,73,low,26284.75,1,8.49,0,0.002331,0.01
25,agentic_full,74,high,1099.2,0,6.31,1,0.009762,0.03
25,agentic_full,75,low,18003.74,1,12.31,1,0.002601,0.01
25,agentic_full,76,low,29165.4,1,9.16,1,0.003201,0.01
25,agentic_full,77,low,25566.37,1,6.54,1,0.002624,0.01
25,agentic_full,78,low,12605.39,1,6.43,1,0.003341,0.01
25,agentic_full,79,medium,11888.11,1,10.25,1,0.004591,0.02
25,agentic_full,80,high,2899.94,1,10.24,1,0.015595,0.03
25,agentic_full,81,low,21247.09,1,10.16,0,0.004373,0.01
25,agentic_full,82,high,2182.96,0,6.84,1,0.011052,0.03
25,agentic_full,83,medium,19450.53,0,11.39,1,0.005615,0.02
25,agentic_full,84,medium,2890.69,1,8.83,1,0.006247,0.02
25,agentic_full,85,high,7940.96,0,9.28,1,0.015121,0.03
25,agentic_full,86,high,4702.09,0,6.59,1,0.013149,0.03
25,agentic_full,87,medium,7929.38,1,6.68,1,0.005213,0.02
25,agentic_full,88,medium,13694.37,1,10.47,0,0.005146,0.02
25,agentic_full,89,high,5782.84,0,8.01,1,0.012291,0.03
25,agentic_full,90,high,9743.68,1,9.0,1,0.009101,0.03
25,agentic_full,91,medium,10816.08,1,12.64,1,0.004206,0.02
25,agentic_full,92,low,11887.28,1,7.82,1,0.003008,0.01
25,agentic_full,93,low,42843.24,1,9.82,1,0.002498,0.01
25,agentic_full,94,medium,5052.48,1,10.74,1,0.006371,0.02
25,agentic_full,95,low,36366.22,1,7.79,1,0.003427,0.01
25,agentic_full,96,high,3261.88,0,8.79,1,0.013383,0.03
25,agentic_full,97,medium,13330.44,0,11.63,1,0.005569,0.02
25,agentic_full,98,low,30604.79,1,11.01,1,0.003741,0.01
25,agentic_full,99,medium,3609.24,1,13.55,1,0.006088,0.02
25,agentic_full,100,low,15845.79,0,10.32,1,0.002477,0.01
25,agentic_full,101,medium,21610.23,1,7.24,1,0.005553,0.02
25,agentic_full,102,high,8658.97,0,8.79,1,0.01191,0.03
25,agentic_full,103,medium,7210.9,1,10.84,1,0.005795,0.02
25,agentic_full,104,medium,733.6,0,10.38,1,0.006977,0.02
25,agentic_full,105,high,3620.37,1,9.69,1,0.012856,0.03
25,agentic_full,106,high,383.3,0,6.1,1,0.013159,0.03
25,agentic_full,107,high,4343.35,0,10.86,0,0.008192,0.03
25,agentic_full,108,low,11527.33,1,4.98,1,0.003645,0.01
25,agentic_full,109,medium,16207.59,1,9.24,1,0.00803,0.02
25,agentic_full,110,low,37447.51,1,4.21,1,0.003068,0.01
25,agentic_full,111,medium,3971.6,1,9.42,1,0.005698,0.02
25,agentic_full,112,low,36484.78,0,7.09,1,0.003085,0.01
25,agentic_full,113,high,379.92,0,8.04,1,0.014729,0.03
25,agentic_full,114,high,1820.7,0,11.07,1,0.013739,0.03
25,agentic_full,115,high,1099.33,0,8.55,1,0.010975,0.03
25,agentic_full,116,medium,12252.1,1,9.75,1,0.006605,0.02
25,agentic_full,117,high,741.76,0,10.69,1,0.012608,0.03
25,agentic_full,118,medium,3609.87,1,9.84,0,0.005156,0.02
25,agentic_full,119,low,29526.65,1,9.45,1,0.002719,0.01
26,agentic_full,0,low,37443.6,1,8.13,0,0.003085,0.01
26,agentic_full,1,low,38288.83,0,8.02,1,0.003298,0.01
26,agentic_full,2,low,8042.86,0,11.41,1,0.003412,0.01
26,agentic_full,3,low,20284.16,0,8.37,1,0.002752,0.01
26,agentic_full,4,high,3625.8,1,8.96,1,0.013362,0.03
26,agentic_full,5,low,33605.63,0,7.87,1,0.003819,0.01
26,agentic_full,6,high,10822.04,1,8.46,1,0.012006,0.03
26,agentic_full,7,medium,2172.58,1,11.49,1,0.006254,0.02
26,agentic_full,8,low,30604.18,1,10.23,1,0.003336,0.01
26,agentic_full,9,low,28448.63,1,8.24,1,0.003443,0.01
26,agentic_full,10,medium,11532.37,1,7.8,1,0.005748,0.02
26,agentic_full,11,medium,21250.25,0,8.46,1,0.005296,0.02
26,agentic_full,12,high,740.76,1,9.64,1,0.012568,0.03
26,agentic_full,13,low,26285.76,1,11.99,1,0.003962,0.01
26,agentic_full,14,low,30967.15,1,10.12,1,0.002899,0.01
26,agentic_full,15,medium,11172.1,0,8.45,1,0.004972,0.02
26,agentic_full,16,medium,14770.66,1,9.45,1,0.007046,0.02
26,agentic_full,17,low,34204.09,1,8.53,1,0.002975,0.01
26,agentic_full,18,low,30964.91,1,9.02,1,0.003058,0.01
26,agentic_full,19,medium,1450.1,1,10.97,1,0.005579,0.02
26,agentic_full,20,high,1819.86,0,9.79,1,0.011658,0.03
26,agentic_full,21,medium,3247.33,1,8.31,1,0.00642,0.02
26,agentic_full,22,high,5778.28,0,9.76,1,0.010499,0.03
26,agentic_full,23,high,379.09,0,6.09,1,0.014366,0.03
26,agentic_full,24,medium,8286.48,0,11.34,1,0.005361,0.02
26,agentic_full,25,high,1097.13,0,8.89,1,0.015297,0.03
26,agentic_full,26,high,6501.72,0,6.85,0,0.012489,0.03
26,agentic_full,27,high,1461.49,1,10.21,1,0.009873,0.03
26,agentic_full,28,medium,10095.56,1,10.63,1,0.004884,0.02
26,agentic_full,29,medium,4690.66,1,7.56,1,0.006586,0.02
26,agentic_full,30,low,23049.78,1,8.56,1,0.00161,0.01
26,agentic_full,31,medium,8292.19,1,3.11,1,0.006005,0.02
26,agentic_full,32,medium,14410.33,1,7.1,1,0.007155,0.02
26,agentic_full,33,medium,6847.53,1,10.21,0,0.005111,0.02
26,agentic_full,34,high,15.51,1,7.65,1,0.013242,0.03
26,agentic_full,35,medium,19089.1,1,6.84,1,0.004869,0.02
26,agentic_full,36,high,741.11,1,11.59,1,0.010274,0.03
26,agentic_full,37,high,3262.81,0,8.06,1,0.008504,0.03
26,agentic_full,38,low,36369.18,1,8.58,1,0.003151,0.01
26,agentic_full,39,high,1459.28,0,6.38,1,0.012855,0.03
26,agentic_full,40,low,35647.28,1,10.45,1,0.002579,0.01
26,agentic_full,41,high,4702.7,1,9.96,1,0.011398,0.03
26,agentic_full,42,low,30606.47,1,10.52,1,0.00306,0.01
26,agentic_full,43,medium,11892.92,1,10.35,1,0.005494,0.02
26,agentic_full,44,low,34567.65,1,7.41,1,0.003415,0.01
26,agentic_full,45,high,4696.77,0,8.63,1,0.011394,0.03
26,agentic_full,46,low,37804.32,1,10.92,1,0.002397,0.01
26,agentic_full,47,medium,4630.8,1,8.03,0,0.006889,0.02
26,agentic_full,48,high,3383.83,0,11.13,1,0.01438,0.03
26,agentic_full,49,low,45728.6,1,5.69,1,0.002989,0.01
26,agentic_full,50,high,499.77,0,5.71,1,0.012666,0.03
26,agentic_full,51,high,3625.27,0,4.81,1,0.008937,0.03
26,agentic_full,52,high,740.47,0,9.14,1,0.010669,0.03
26,agentic_full,53,high,21.95,1,10.44,1,0.011065,0.03
26,agentic_full,54,medium,10810.06,1,9.28,1,0.006278,0.02
26,agentic_full,55,low,31687.75,1,9.03,1,0.003336,0.01
26,agentic_full,56,medium,17291.03,1,11.08,1,0.007681,0.02
26,agentic_full,57,low,47528.32,1,11.59,1,0.002819,0.01
26,agentic_full,58,medium,3612.99,1,9.94,1,0.005759,0.02
26,agentic_full,59,low,29885.17,1,7.59,1,0.002804,0.01
26,agentic_full,60,medium,1090.87,0,7.24,1,0.005143,0.02
26,agentic_full,61,high,3982.21,0,6.95,1,0.01026,0.03
26,agentic_full,62,medium,8292.29,1,8.89,1,0.006987,0.02
26,agentic_full,63,low,22324.12,1,11.51,1,0.003473,0.01
26,agentic_full,64,high,20.8,0,12.72,1,0.013291,0.03
26,agentic_full,65,low,27307.16,1,8.57,1,0.003351,0.01
26,agentic_full,66,low,16562.61,1,11.29,1,0.002671,0.01
26,agentic_full,67,medium,2174.82,1,6.67,0,0.005334,0.02
26,agentic_full,68,low,32405.87,1,8.84,1,0.00336,0.01
26,agentic_full,69,low,37446.47,1,12.17,1,0.00344,0.01
26,agentic_full,70,low,18725.44,1,5.95,1,0.00343,0.01
26,agentic_full,71,medium,16574.24,1,8.28,1,0.007043,0.02
26,agentic_full,72,low,35646.41,1,7.67,1,0.002574,0.01
26,agentic_full,73,medium,3250.85,1,11.41,1,0.006629,0.02
26,agentic_full,74,high,738.83,1,8.59,1,0.014046,0.03
26,agentic_full,75,high,5419.76,0,8.63,1,0.014222,0.03
26,agentic_full,76,high,740.49,1,9.9,1,0.007829,0.03
26,agentic_full,77,high,1466.26,0,6.93,0,0.011302,0.03
26,agentic_full,78,medium,11172.76,1,10.47,1,0.005035,0.02
26,agentic_full,79,medium,9008.38,1,9.89,1,0.004503,0.02
26,agentic_full,80,high,7943.74,0,4.21,1,0.013535,0.03
26,agentic_full,81,medium,4692.06,1,9.48,1,0.007274,0.02
26,agentic_full,82,low,38169.03,1,9.95,1,0.002902,0.01
26,agentic_full,83,high,379.13,0,6.77,0,0.011031,0.03
26,agentic_full,84,high,1462.57,1,6.42,1,0.012151,0.03
26,agentic_full,85,medium,5529.33,0,8.71,1,0.007302,0.02
26,agentic_full,86,low,24489.29,1,10.73,1,0.002505,0.01
26,agentic_full,87,medium,2173.03,1,9.61,0,0.005347,0.02
26,agentic_full,88,medium,1090.77,0,7.36,1,0.006384,0.02
26,agentic_full,89,medium,3732.41,0,9.04,1,0.006908,0.02
26,agentic_full,90,low,32407.12,1,9.82,1,0.002043,0.01
26,agentic_full,91,medium,6128.88,1,8.8,1,0.005118,0.02
26,agentic_full,92,low,31085.81,0,9.86,1,0.002708,0.01
26,agentic_full,93,low,10086.43,1,9.2,1,0.002992,0.01
26,agentic_full,94,medium,18011.28,1,7.32,1,0.006919,0.02
26,agentic_full,95,low,25567.82,0,11.04,1,0.002948,0.01
26,agentic_full,96,medium,3972.61,1,8.81,1,0.004805,0.02
26,agentic_full,97,medium,4329.74,1,8.23,1,0.007224,0.02
26,agentic_full,98,high,2543.27,1,7.0,1,0.013382,0.03
26,agentic_full,99,low,30248.41,1,8.58,1,0.003388,0.01
26,agentic_full,100,low,30242.99,1,8.76,1,0.003704,0.01
26,agentic_full,101,low,20882.75,1,13.73,1,0.003597,0.01
26,agentic_full,102,low,19449.85,1,6.94,1,0.002886,0.01
26,agentic_full,103,low,43567.51,1,10.68,1,0.002686,0.01
26,agentic_full,104,medium,15132.84,0,10.83,1,0.004512,0.02
26,agentic_full,105,medium,14409.4,1,10.85,1,0.006315,0.02
26,agentic_full,106,medium,4688.05,1,9.57,0,0.005504,0.02
26,agentic_full,107,medium,1092.26,0,5.26,1,0.007215,0.02
26,agentic_full,108,low,43927.27,1,7.04,1,0.002994,0.01
26,agentic_full,109,high,19.75,1,5.5,1,0.014191,0.03
26,agentic_full,110,high,741.15,0,7.1,1,0.012797,0.03
26,agentic_full,111,medium,8050.19,0,8.63,1,0.005322,0.02
26,agentic_full,112,low,15845.35,1,10.78,1,0.003185,0.01
26,agentic_full,113,high,1939.02,0,10.53,1,0.011413,0.03
26,agentic_full,114,high,5776.98,1,7.98,1,0.013656,0.03
26,agentic_full,115,low,30966.98,0,13.16,1,0.002957,0.01
26,agentic_full,116,high,3619.01,1,8.22,1,0.009006,0.03
26,agentic_full,117,high,5057.38,1,4.86,1,0.013361,0.03
26,agentic_full,118,medium,3610.07,1,5.55,1,0.007349,0.02
26,agentic_full,119,low,21607.83,1,6.77,1,0.003719,0.01
27,agentic_full,0,high,5057.44,0,7.74,1,0.009995,0.03
27,agentic_full,1,high,2183.4,0,9.93,1,0.011914,0.03
27,agentic_full,2,medium,3970.24,1,5.77,1,0.004863,0.02
27,agentic_full,3,low,36362.91,1,8.84,1,0.003627,0.01
27,agentic_full,4,low,24124.45,1,7.48,1,0.003956,0.01
27,agentic_full,5,high,3982.2,0,8.06,1,0.013064,0.03
27,agentic_full,6,medium,18370.7,1,10.0,1,0.004581,0.02
27,agentic_full,7,medium,14412.32,1,10.52,1,0.005703,0.02
27,agentic_full,8,low,41764.15,1,8.32,1,0.002205,0.01
27,agentic_full,9,medium,11531.44,0,9.42,1,0.005663,0.02
27,agentic_full,10,medium,7932.35,0,11.12,1,0.006226,0.02
27,agentic_full,11,high,1822.25,0,8.14,1,0.014848,0.03
27,agentic_full,12,medium,7574.87,1,8.61,1,0.004674,0.02
27,agentic_full,13,low,31087.77,0,6.4,1,0.003335,0.01
27,agentic_full,14,high,3623.52,1,10.71,1,0.013778,0.03
27,agentic_full,15,low,16927.45,1,7.79,1,0.0033,0.01
27,agentic_full,16,low,43201.0,1,10.6,1,0.002887,0.01
27,agentic_full,17,medium,3607.74,1,9.57,1,0.005153,0.02
27,agentic_full,18,medium,2889.98,1,9.37,1,0.00665,0.02
27,agentic_full,19,low,26645.37,1,9.6,1,0.00309,0.01
27,agentic_full,20,low,36729.31,1,9.78,1,0.003622,0.01
27,agentic_full,21,medium,7927.95,1,10.91,1,0.005586,0.02
27,agentic_full,22,high,1820.51,0,6.81,1,0.009291,0.03
27,agentic_full,23,low,39965.49,1,8.78,1,0.002843,0.01
27,agentic_full,24,medium,1448.73,1,10.68,1,0.004923,0.02
27,agentic_full,25,high,3622.58,0,11.18,1,0.011339,0.03
27,agentic_full,26,medium,14410.19,1,8.38,1,0.006928,0.02
27,agentic_full,27,low,29168.4,1,8.87,1,0.002931,0.01
27,agentic_full,28,low,25207.75,1,8.37,1,0.003023,0.01
27,agentic_full,29,high,2540.97,1,9.29,1,0.011275,0.03
27,agentic_full,30,high,11897.49,0,7.66,1,0.008434,0.03
27,agentic_full,31,medium,14051.92,1,10.69,1,0.00511,0.02
27,agentic_full,32,medium,16212.02,1,13.07,1,0.006088,0.02
27,agentic_full,33,high,739.54,0,7.77,1,0.013452,0.03
27,agentic_full,34,medium,17289.65,1,8.38,1,0.005729,0.02
27,agentic_full,35,high,380.62,0,6.47,1,0.01248,0.03
27,agentic_full,36,high,3619.97,1,6.66,1,0.015201,0.03
27,agentic_full,37,medium,11173.6,1,14.15,0,0.007166,0.02
27,agentic_full,38,low,22688.89,1,14.62,1,0.003745,0.01
27,agentic_full,39,medium,3973.19,1,9.02,1,0.008075,0.02
27,agentic_full,40,low,10565.7,0,11.52,1,0.003929,0.01
27,agentic_full,41,high,1817.45,0,10.07,1,0.011602,0.03
27,agentic_full,42,medium,5775.27,1,11.72,1,0.004603,0.02
27,agentic_full,43,high,4340.87,1,9.11,0,0.011307,0.03
27,agentic_full,44,medium,12610.08,1,9.4,1,0.006518,0.02
27,agentic_full,45,high,742.04,1,7.96,1,0.009027,0.03
27,agentic_full,46,medium,25565.38,1,9.64,1,0.005203,0.02
27,agentic_full,47,medium,19088.34,1,9.57,1,0.004466,0.02
27,agentic_full,48,high,1460.18,1,12.53,1,0.009963,0.03
27,agentic_full,49,high,1102.87,0,9.14,1,0.008254,0.03
27,agentic_full,50,low,27725.44,1,11.37,1,0.002748,0.01
27,agentic_full,51,low,19084.18,1,8.54,1,0.002547,0.01
27,agentic_full,52,medium,3251.91,1,10.74,1,0.006926,0.02
27,agentic_full,53,medium,10094.75,1,9.22,1,0.005672,0.02
27,agentic_full,54,medium,14414.36,0,6.68,1,0.007564,0.02
27,agentic_full,55,medium,3971.67,1,9.95,1,0.004992,0.02
27,agentic_full,56,low,40685.48,1,8.25,1,0.002522,0.01
27,agentic_full,57,low,39246.83,1,10.55,1,0.002952,0.01
27,agentic_full,58,medium,3968.95,1,5.58,1,0.005074,0.02
27,agentic_full,59,low,29884.81,1,10.07,1,0.002855,0.01
27,agentic_full,60,medium,7212.79,0,9.49,1,0.006568,0.02
27,agentic_full,61,low,34921.54,1,10.07,1,0.003317,0.01
27,agentic_full,62,low,17288.19,1,11.61,1,0.003605,0.01
27,agentic_full,63,low,30964.88,1,7.82,1,0.003135,0.01
27,agentic_full,64,medium,26652.05,1,8.18,1,0.004662,0.02
27,agentic_full,65,medium,10453.25,1,8.39,1,0.005006,0.02
27,agentic_full,66,medium,4330.72,1,9.21,1,0.005495,0.02
27,agentic_full,67,low,5766.61,1,10.28,1,0.003118,0.01
27,agentic_full,68,high,1101.14,1,7.81,1,0.01512,0.03
27,agentic_full,69,high,3983.55,0,7.77,1,0.010587,0.03
27,agentic_full,70,medium,4452.08,0,8.21,1,0.006184,0.02
27,agentic_full,71,high,8660.89,0,10.39,1,0.00659,0.03
27,agentic_full,72,high,1100.03,1,9.36,1,0.007822,0.03
27,agentic_full,73,medium,3254.82,1,9.99,1,0.004998,0.02
27,agentic_full,74,high,6502.62,1,7.98,1,0.012204,0.03
27,agentic_full,75,high,2903.44,1,9.1,1,0.011365,0.03
27,agentic_full,76,high,2901.33,0,7.24,1,0.013032,0.03
27,agentic_full,77,high,1582.54,0,6.34,1,0.009919,0.03
27,agentic_full,78,low,26285.22,1,9.46,1,0.003483,0.01
27,agentic_full,79,high,2183.16,1,12.4,1,0.012609,0.03
27,agentic_full,80,low,27007.43,1,6.46,1,0.003123,0.01
27,agentic_full,81,high,2181.89,0,11.35,1,0.016207,0.03
27,agentic_full,82,medium,5768.63,1,7.98,0,0.006766,0.02
27,agentic_full,83,medium,10810.29,1,10.62,1,0.006493,0.02
27,agentic_full,84,medium,12607.53,0,5.88,1,0.007697,0.02
27,agentic_full,85,high,8661.63,0,7.8,0,0.010783,0.03
27,agentic_full,86,high,1103.0,1,7.77,1,0.00992,0.03
27,agentic_full,87,medium,1452.55,1,8.02,1,0.00645,0.02
27,agentic_full,88,medium,1813.97,1,9.5,1,0.005325,0.02
27,agentic_full,89,low,40684.22,1,12.08,1,0.00328,0.01
27,agentic_full,90,high,377.9,0,12.07,1,0.01157,0.03
27,agentic_full,91,high,741.05,1,11.32,1,0.008089,0.03
27,agentic_full,92,low,31686.64,1,3.59,1,0.003256,0.01
27,agentic_full,93,low,24124.64,1,6.14,1,0.003424,0.01
27,agentic_full,94,high,1103.27,1,8.26,1,0.009777,0.03
27,agentic_full,95,low,34925.7,1,10.83,1,0.002964,0.01
27,agentic_full,96,high,741.87,1,8.58,1,0.012136,0.03
27,agentic_full,97,low,22323.39,1,6.3,1,0.003254,0.01
27,agentic_full,98,medium,13691.3,1,9.41,1,0.007096,0.02
27,agentic_full,99,medium,4330.9,1,8.24,1,0.006604,0.02
27,agentic_full,100,low,43206.77,1,9.64,1,0.00219,0.01
27,agentic_full,101,low,30605.05,1,9.77,1,0.002448,0.01
27,agentic_full,102,high,22.71,0,9.18,1,0.010133,0.03
27,agentic_full,103,low,33124.48,1,11.68,1,0.003138,0.01
27,agentic_full,104,medium,3973.07,1,9.3,0,0.00667,0.02
27,agentic_full,105,low,25205.54,1,7.4,1,0.003124,0.01
27,agentic_full,106,low,36363.73,1,3.53,1,0.003257,0.01
27,agentic_full,107,low,28807.96,1,8.07,1,0.00388,0.01
27,agentic_full,108,low,38529.06,1,5.11,1,0.003375,0.01
27,agentic_full,109,low,26768.34,0,7.41,1,0.002809,0.01
27,agentic_full,110,low,36007.9,1,9.75,0,0.002933,0.01
27,agentic_full,111,low,45366.53,1,7.69,1,0.002471,0.01
27,agentic_full,112,low,18008.33,1,9.64,1,0.002725,0.01
27,agentic_full,113,medium,7932.8,0,9.12,1,0.007063,0.02
27,agentic_full,114,high,740.81,0,10.65,1,0.012484,0.03
27,agentic_full,115,low,32048.58,1,6.91,1,0.003656,0.01
27,agentic_full,116,high,3262.88,0,9.43,0,0.015752,0.03
27,agentic_full,117,medium,1812.16,1,8.51,1,0.00566,0.02
27,agentic_full,118,medium,19031.46,1,12.48,1,0.006467,0.02
27,agentic_full,119,medium,3970.5,1,8.72,0,0.007521,0.02
28,agentic_full,0,low,20886.37,1,8.72,1,0.002334,0.01
28,agentic_full,1,high,3981.25,0,12.38,1,0.01101,0.03
28,agentic_full,2,low,31326.94,1,6.54,1,0.003345,0.01
28,agentic_full,3,low,32409.61,1,10.41,1,0.00332,0.01
28,agentic_full,4,medium,18734.48,1,10.1,1,0.005014,0.02
28,agentic_full,5,medium,21970.49,1,5.47,1,0.006079,0.02
28,agentic_full,6,low,39606.04,1,6.5,1,0.003264,0.01
28,agentic_full,7,high,1102.67,1,8.61,1,0.01384,0.03
28,agentic_full,8,high,3982.73,1,9.25,1,0.013482,0.03
28,agentic_full,9,high,3625.85,0,10.58,1,0.008101,0.03
28,agentic_full,10,high,2902.4,1,8.35,1,0.014607,0.03
28,agentic_full,11,medium,14049.3,1,6.73,1,0.006013,0.02
28,agentic_full,12,medium,11530.16,1,9.76,1,0.006975,0.02
28,agentic_full,13,low,38523.6,1,12.66,1,0.002483,0.01
28,agentic_full,14,medium,2174.1,1,9.03,1,0.006278,0.02
28,agentic_full,15,low,25567.16,0,10.86,1,0.002302,0.01
28,agentic_full,16,low,18006.34,1,7.85,1,0.003166,0.01
28,agentic_full,17,medium,11528.12,1,10.41,1,0.003679,0.02
28,agentic_full,18,low,35224.18,1,11.2,1,0.002866,0.01
28,agentic_full,19,low,28086.56,1,8.59,1,0.003226,0.01
28,agentic_full,20,medium,9732.85,1,9.01,1,0.006721,0.02
28,agentic_full,21,low,22684.33,1,11.29,1,0.00423,0.01
28,agentic_full,22,low,51126.51,1,9.31,1,0.002219,0.01
28,agentic_full,23,medium,10816.65,1,10.68,1,0.005804,0.02
28,agentic_full,24,medium,2528.63,0,8.21,1,0.005464,0.02
28,agentic_full,25,medium,14049.38,1,11.04,1,0.006976,0.02
28,agentic_full,26,medium,11170.37,1,9.39,1,0.005841,0.02
28,agentic_full,27,medium,3611.39,1,7.02,1,0.006073,0.02
28,agentic_full,28,high,383.01,1,5.54,1,0.00982,0.03
28,agentic_full,29,low,24486.15,1,7.29,0,0.003665,0.01
28,agentic_full,30,medium,2534.7,1,14.12,1,0.004414,0.02
28,agentic_full,31,low,28086.61,1,8.72,1,0.0036,0.01
28,agentic_full,32,high,5062.33,1,10.19,1,0.008535,0.03
28,agentic_full,33,medium,2893.04,1,6.91,0,0.005445,0.02
28,agentic_full,34,medium,11891.38,1,6.94,1,0.007215,0.02
28,agentic_full,35,low,11886.11,0,11.51,1,0.003399,0.01
28,agentic_full,36,medium,11169.25,1,6.67,1,0.00433,0.02
28,agentic_full,37,medium,5768.49,1,12.3,1,0.006928,0.02
28,agentic_full,38,low,23048.13,1,7.26,1,0.002788,0.01
28,agentic_full,39,high,9379.93,1,12.59,1,0.011651,0.03
28,agentic_full,40,medium,10810.72,1,3.46,1,0.005698,0.02
28,agentic_full,41,medium,17288.46,1,10.81,1,0.00712,0.02
28,agentic_full,42,low,47166.18,1,9.27,0,0.002743,0.01
28,agentic_full,43,high,860.07,0,10.41,0,0.012372,0.03
28,agentic_full,44,low,31682.9,1,5.29,1,0.002455,0.01
28,agentic_full,45,high,9021.74,0,8.18,0,0.009932,0.03
28,agentic_full,46,low,30246.47,1,10.5,1,0.003104,0.01
28,agentic_full,47,high,1822.57,1,9.63,1,0.014765,0.03
28,agentic_full,48,medium,10448.67,1,8.41,1,0.005526,0.02
28,agentic_full,49,high,1222.68,0,10.91,0,0.010834,0.03
28,agentic_full,50,high,4342.22,1,6.36,1,0.009927,0.03
28,agentic_full,51,medium,6489.01,0,8.87,1,0.00523,0.02
28,agentic_full,52,low,50046.98,1,8.46,1,0.002678,0.01
28,agentic_full,53,low,26647.24,1,8.83,1,0.002781,0.01
28,agentic_full,54,high,381.31,1,10.29,1,0.014246,0.03
28,agentic_full,55,medium,9010.38,1,4.98,1,0.00629,0.02
28,agentic_full,56,high,2539.21,0,5.7,0,0.011635,0.03
28,agentic_full,57,low,14405.51,1,8.69,1,0.004086,0.01
28,agentic_full,58,low,39965.53,1,8.23,1,0.002816,0.01
28,agentic_full,59,low,22324.27,1,11.35,1,0.003616,0.01
28,agentic_full,60,high,742.05,1,10.48,1,0.010575,0.03
28,agentic_full,61,medium,9007.73,0,6.26,1,0.005361,0.02
28,agentic_full,62,high,2184.25,0,13.67,1,0.015428,0.03
28,agentic_full,63,high,1102.52,1,13.3,1,0.014631,0.03
28,agentic_full,64,low,22325.22,1,9.62,1,0.003421,0.01
28,agentic_full,65,low,18003.8,1,10.49,1,0.003048,0.01
28,agentic_full,66,medium,12610.1,0,5.68,1,0.005569,0.02
28,agentic_full,67,medium,9372.21,1,10.21,1,0.004271,0.02
28,agentic_full,68,high,6505.57,1,8.81,1,0.010944,0.03
28,agentic_full,69,high,740.11,0,5.67,1,0.011605,0.03
28,agentic_full,70,low,36005.63,1,11.37,1,0.002402,0.01
28,agentic_full,71,high,741.12,1,7.19,1,0.012408,0.03
28,agentic_full,72,high,1822.35,0,9.98,1,0.015026,0.03
28,agentic_full,73,high,6502.72,0,10.94,1,0.01209,0.03
28,agentic_full,74,high,1819.24,0,7.58,1,0.013146,0.03
28,agentic_full,75,low,24123.1,1,10.4,1,0.003308,0.01
28,agentic_full,76,low,6846.28,1,10.93,1,0.002654,0.01
28,agentic_full,77,high,739.13,1,9.08,1,0.014838,0.03
28,agentic_full,78,medium,17290.27,1,8.5,1,0.004998,0.02
28,agentic_full,79,medium,2888.9,1,13.73,0,0.007001,0.02
28,agentic_full,80,low,37088.03,1,9.67,1,0.002804,0.01
28,agentic_full,81,medium,11533.99,0,10.21,1,0.005531,0.02
28,agentic_full,82,medium,6852.89,1,8.11,1,0.005867,0.02
28,agentic_full,83,low,16563.21,1,7.59,1,0.003797,0.01
28,agentic_full,84,medium,15251.31,0,9.87,1,0.004579,0.02
28,agentic_full,85,low,31691.51,1,7.52,1,0.003234,0.01
28,agentic_full,86,low,28450.01,1,8.48,1,0.002937,0.01
28,agentic_full,87,medium,3972.74,1,5.21,1,0.006869,0.02
28,agentic_full,88,low,46803.17,1,12.21,1,0.00301,0.01
28,agentic_full,89,medium,2531.63,1,6.86,1,0.006888,0.02
28,agentic_full,90,low,46446.66,1,6.22,1,0.002955,0.01
28,agentic_full,91,low,33844.61,0,9.6,1,0.003427,0.01
28,agentic_full,92,low,32408.35,1,8.71,1,0.002928,0.01
28,agentic_full,93,medium,7566.51,1,6.11,1,0.006423,0.02
28,agentic_full,94,medium,2169.24,1,11.45,1,0.007062,0.02
28,agentic_full,95,high,383.33,1,10.19,0,0.011378,0.03
28,agentic_full,96,low,32402.28,1,11.28,1,0.002715,0.01
28,agentic_full,97,high,9021.42,0,9.2,1,0.009883,0.03
28,agentic_full,98,high,1821.49,0,7.01,1,0.012026,0.03
28,agentic_full,99,medium,1451.23,1,6.22,1,0.006674,0.02
28,agentic_full,100,high,739.5,0,9.58,1,0.012005,0.03
28,agentic_full,101,medium,1088.4,1,9.01,1,0.006448,0.02
28,agentic_full,102,high,1102.6,1,7.33,1,0.015663,0.03
28,agentic_full,103,high,5059.74,1,9.21,1,0.009276,0.03
28,agentic_full,104,medium,19090.28,1,11.07,1,0.007069,0.02
28,agentic_full,105,medium,5047.24,1,9.89,1,0.007191,0.02
28,agentic_full,106,high,1100.25,1,9.86,1,0.012697,0.03
28,agentic_full,107,low,24125.38,1,7.31,1,0.002526,0.01
28,agentic_full,108,high,21.65,1,11.95,1,0.012202,0.03
28,agentic_full,109,low,2884.46,0,7.77,1,0.002921,0.01
28,agentic_full,110,high,1104.46,0,11.7,1,0.010116,0.03
28,agentic_full,111,medium,4692.55,1,8.93,1,0.007246,0.02
28,agentic_full,112,medium,3251.52,0,11.77,1,0.005702,0.02
28,agentic_full,113,low,14767.86,1,11.78,1,0.002883,0.01
28,agentic_full,114,high,2541.18,1,7.47,1,0.012187,0.03
28,agentic_full,115,medium,1452.27,1,7.77,1,0.00533,0.02
28,agentic_full,116,high,1824.05,0,10.83,0,0.012041,0.03
28,agentic_full,117,high,3981.28,1,9.66,1,0.013851,0.03
28,agentic_full,118,high,2897.21,0,10.81,0,0.01125,0.03
28,agentic_full,119,high,739.42,0,8.25,0,0.013731,0.03
29,agentic_full,0,low,16567.61,0,12.36,1,0.002547,0.01
29,agentic_full,1,medium,4328.89,1,7.24,1,0.004888,0.02
29,agentic_full,2,medium,6129.23,1,11.76,1,0.005038,0.02
29,agentic_full,3,low,19083.83,0,10.53,1,0.002581,0.01
29,agentic_full,4,low,48244.51,1,10.52,1,0.002246,0.01
29,agentic_full,5,medium,10811.73,1,10.56,1,0.005918,0.02
29,agentic_full,6,low,29526.67,0,11.19,1,0.00312,0.01
29,agentic_full,7,low,23402.41,1,11.04,1,0.002557,0.01
29,agentic_full,8,high,1817.4,0,11.83,1,0.015142,0.03
29,agentic_full,9,medium,1452.82,1,8.83,1,0.006969,0.02
29,agentic_full,10,high,1099.86,1,10.12,1,0.010498,0.03
29,agentic_full,11,low,26287.67,1,10.04,1,0.002232,0.01
29,agentic_full,12,medium,9010.44,1,11.68,1,0.005216,0.02
29,agentic_full,13,low,23765.17,1,7.43,1,0.002765,0.01
29,agentic_full,14,low,30608.53,1,7.8,1,0.003056,0.01
29,agentic_full,15,medium,17291.17,1,9.82,1,0.006752,0.02
29,agentic_full,16,high,21.13,1,8.02,1,0.014116,0.03
29,agentic_full,17,high,2543.31,0,7.09,1,0.012582,0.03
29,agentic_full,18,medium,11171.27,0,9.39,1,0.00626,0.02
29,agentic_full,19,high,739.62,0,8.5,1,0.01379,0.03
29,agentic_full,20,medium,4334.94,1,8.58,1,0.005384,0.02
29,agentic_full,21,medium,16928.31,1,9.54,1,0.004715,0.02
29,agentic_full,22,high,1820.67,1,8.37,1,0.012074,0.03
29,agentic_full,23,low,15485.44,1,7.67,1,0.003479,0.01
29,agentic_full,24,medium,7569.49,0,10.91,1,0.005481,0.02
29,agentic_full,25,low,22684.84,1,10.48,1,0.003564,0.01
29,agentic_full,26,high,2903.59,0,9.01,1,0.013277,0.03
29,agentic_full,27,low,30964.51,1,10.82,1,0.00305,0.01
29,agentic_full,28,high,1102.32,0,10.46,1,0.012645,0.03
29,agentic_full,29,low,17285.66,0,7.16,1,0.002999,0.01
29,agentic_full,30,high,2179.04,1,11.19,1,0.011115,0.03
29,agentic_full,31,high,1103.66,0,8.13,1,0.018264,0.03
29,agentic_full,32,high,1102.36,0,10.83,1,0.01107,0.03
29,agentic_full,33,low,40688.8,1,8.42,0,0.002503,0.01
29,agentic_full,34,low,20885.79,1,8.53,1,0.003745,0.01
29,agentic_full,35,low,27728.82,1,8.9,1,0.00376,0.01
29,agentic_full,36,low,26647.9,1,11.9,1,0.00393,0.01
29,agentic_full,37,medium,16568.37,1,4.15,0,0.006171,0.02
29,agentic_full,38,low,18365.16,1,4.32,1,0.002736,0.01
29,agentic_full,39,medium,3971.63,1,6.07,1,0.005202,0.02
29,agentic_full,40,medium,14771.02,0,9.58,1,0.005912,0.02
29,agentic_full,41,medium,373.46,1,9.27,1,0.007411,0.02
29,agentic_full,42,high,2539.31,1,8.84,1,0.011078,0.03
29,agentic_full,43,medium,24488.5,0,10.06,1,0.005334,0.02
29,agentic_full,44,low,20164.0,1,12.22,1,0.002636,0.01
29,agentic_full,45,high,4339.71,1,7.46,1,0.012281,0.03
29,agentic_full,46,high,2904.95,1,5.66,1,0.013715,0.03
29,agentic_full,47,medium,5411.57,1,10.03,1,0.006696,0.02
29,agentic_full,48,high,2897.88,1,6.56,1,0.010436,0.03
29,agentic_full,49,low,14045.88,1,15.02,1,0.003597,0.01
29,agentic_full,50,medium,6487.92,1,5.97,1,0.005548,0.02
29,agentic_full,51,low,32407.12,0,8.7,1,0.003332,0.01
29,agentic_full,52,low,34565.99,1,9.57,1,0.003044,0.01
29,agentic_full,53,high,1819.89,0,10.68,1,0.014301,0.03
29,agentic_full,54,high,6502.24,1,9.41,1,0.013361,0.03
29,agentic_full,55,medium,22331.29,1,8.83,1,0.005637,0.02
29,agentic_full,56,medium,3968.65,1,7.74,1,0.005392,0.02
29,agentic_full,57,low,36367.77,1,9.2,1,0.003835,0.01
29,agentic_full,58,medium,7211.48,1,7.38,1,0.0066,0.02
29,agentic_full,59,low,32404.62,1,8.57,1,0.003041,0.01
29,agentic_full,60,high,4461.04,0,6.48,1,0.008497,0.03
29,agentic_full,61,low,40688.32,1,7.07,1,0.002729,0.01
29,agentic_full,62,high,740.29,0,8.63,1,0.013683,0.03
29,agentic_full,63,high,10461.37,1,10.55,1,0.010286,0.03
29,agentic_full,64,high,740.54,0,13.09,1,0.010029,0.03
29,agentic_full,65,medium,4690.55,1,7.54,1,0.005214,0.02
29,agentic_full,66,low,38465.49,1,10.86,1,0.003127,0.01
29,agentic_full,67,low,19085.46,1,11.41,1,0.003416,0.01
29,agentic_full,68,high,742.39,1,7.62,1,0.013029,0.03
29,agentic_full,69,medium,9.12,1,8.89,1,0.005943,0.02
29,agentic_full,70,medium,6852.88,1,12.28,1,0.004171,0.02
29,agentic_full,71,low,35287.28,1,7.78,1,0.002908,0.01
29,agentic_full,72,medium,8648.64,1,11.68,1,0.00539,0.02
29,agentic_full,73,low,43205.52,1,9.37,1,0.002774,0.01
29,agentic_full,74,low,10442.79,1,6.25,1,0.002925,0.01
29,agentic_full,75,low,36728.16,1,5.18,1,0.002678,0.01
29,agentic_full,76,medium,10092.9,0,9.6,0,0.005589,0.02
29,agentic_full,77,medium,18731.07,1,6.2,1,0.005348,0.02
29,agentic_full,78,low,32348.25,1,10.18,1,0.00313,0.01
29,agentic_full,79,medium,8290.33,1,8.06,1,0.005561,0.02
29,agentic_full,80,medium,3729.5,0,10.26,0,0.005895,0.02
29,agentic_full,81,medium,1092.91,1,10.23,1,0.006685,0.02
29,agentic_full,82,medium,3969.31,1,10.99,1,0.005628,0.02
29,agentic_full,83,medium,8292.92,1,8.62,1,0.005264,0.02
29,agentic_full,84,low,31323.17,1,9.72,1,0.002485,0.01
29,agentic_full,85,high,2899.7,0,11.51,0,0.015674,0.03
29,agentic_full,86,low,22445.16,0,7.82,1,0.002603,0.01
29,agentic_full,87,low,19806.68,1,7.94,1,0.003319,0.01
29,agentic_full,88,low,46806.07,1,12.31,1,0.002162,0.01
29,agentic_full,89,low,50048.56,1,8.52,1,0.002648,0.01
29,agentic_full,90,medium,15131.35,1,7.9,1,0.006726,0.02
29,agentic_full,91,low,9005.12,1,7.47,1,0.002816,0.01
29,agentic_full,92,low,21243.58,1,6.93,1,0.002917,0.01
29,agentic_full,93,high,740.43,1,2.54,1,0.012978,0.03
29,agentic_full,94,low,39968.31,1,8.0,1,0.002969,0.01
29,agentic_full,95,high,5060.43,0,11.09,0,0.017109,0.03
29,agentic_full,96,low,27728.51,1,4.3,1,0.002951,0.01
29,agentic_full,97,low,38887.28,1,7.89,1,0.003421,0.01
29,agentic_full,98,high,4339.49,0,9.69,1,0.014209,0.03
29,agentic_full,99,medium,14051.29,1,9.38,1,0.00554,0.02
29,agentic_full,100,high,1099.46,1,9.9,1,0.010428,0.03
29,agentic_full,101,low,20164.31,1,5.22,0,0.003586,0.01
29,agentic_full,102,low,13681.37,1,7.81,1,0.003135,0.01
29,agentic_full,103,low,27727.69,1,10.8,0,0.002504,0.01
29,agentic_full,104,low,43927.48,1,9.26,1,0.002683,0.01
29,agentic_full,105,low,44285.5,1,7.83,1,0.002484,0.01
29,agentic_full,106,medium,14054.78,0,8.64,1,0.005179,0.02
29,agentic_full,107,low,33123.5,1,11.73,1,0.002941,0.01
29,agentic_full,108,low,21604.21,1,11.15,1,0.002984,0.01
29,agentic_full,109,medium,7931.0,1,6.91,1,0.006914,0.02
29,agentic_full,110,low,20168.06,1,12.89,1,0.003456,0.01
29,agentic_full,111,low,28803.7,1,5.53,1,0.003969,0.01
29,agentic_full,112,high,742.4,0,8.83,1,0.008439,0.03
29,agentic_full,113,medium,4691.11,0,10.03,1,0.005605,0.02
29,agentic_full,114,low,19807.4,1,8.2,1,0.003651,0.01
29,agentic_full,115,low,34565.84,1,10.94,1,0.003253,0.01
29,agentic_full,116,medium,12610.13,1,9.52,1,0.006223,0.02
29,agentic_full,117,high,1463.73,1,9.82,1,0.009429,0.03
29,agentic_full,118,medium,6849.82,1,10.07,1,0.006389,0.02
29,agentic_full,119,low,22087.34,0,8.4,1,0.002933,0.01
